{"features":[{"geometry":{"coordinates":[[[31.29,-22.4],[30.92,-22.29],[30.46,-22.33],[29.66,-22.15],[29.36,-22.19],[29.11,-22.07],[29.04,-21.81],[28.53,-21.65],[28.05,-21.57],[27.67,-21.06],[27.7,-20.53],[27.28,-20.48],[27.22,-20.15],[26.68,-19.89],[26.17,-19.54],[25.76,-18.65],[25.49,-18.35],[25.22,-17.92],[25.26,-17.79],[25.64,-17.82],[25.86,-17.95],[26.33,-17.93],[26.78,-18.04],[27.02,-17.96],[27.44,-17.51],[27.93,-16.9],[28.76,-16.53],[28.91,-15.99],[29.29,-15.78],[29.73,-15.64],[30.4,-15.64],[30.44,-16.0],[31.24,-16.02],[31.69,-16.21],[31.94,-16.43],[32.24,-16.45],[32.95,-16.71],[32.88,-16.88],[32.97,-17.25],[32.96,-18.08],[32.99,-18.36],[32.72,-19.0],[32.85,-19.1],[32.78,-19.39],[33.01,-19.87],[32.67,-20.52],[32.48,-20.71],[32.37,-21.33],[31.43,-22.3],[31.29,-22.4]]],"type":"Polygon"},"id":"ZWE","properties":{"id":"ZWE","name":"Zimbabwe"},"type":"Feature"},{"geometry":{"coordinates":[[[30.4,-15.64],[29.73,-15.64],[29.29,-15.78],[28.91,-15.99],[28.76,-16.53],[27.93,-16.9],[27.44,-17.51],[27.02,-17.96],[26.78,-18.04],[26.33,-17.93],[25.86,-17.95],[25.64,-17.82],[25.26,-17.79],[24.93,-17.54],[24.27,-17.48],[23.38,-17.64],[22.31,-16.69],[22.15,-16.6],[21.98,-15.96],[21.98,-13.0],[23.96,-12.99],[23.88,-12.8],[23.99,-12.42],[23.97,-11.64],[24.05,-11.41],[23.97,-10.87],[24.32,-11.07],[24.34,-11.37],[25.32,-11.24],[25.35,-11.62],[26.03,-11.89],[26.6,-11.97],[26.95,-11.9],[27.05,-11.62],[27.2,-11.61],[27.53,-12.2],[28.36,-12.48],[28.55,-12.84],[28.67,-12.86],[29.01,-13.37],[29.2,-13.4],[29.55,-13.25],[29.8,-13.37],[29.8,-12.16],[29.56,-12.2],[29.43,-12.43],[29.06,-12.35],[28.48,-11.81],[28.36,-11.48],[28.54,-10.8],[28.64,-10.67],[28.63,-9.83],[28.4,-9.22],[28.62,-9.07],[28.92,-8.7],[28.97,-8.46],[30.75,-8.19],[30.83,-8.39],[31.08,-8.61],[31.35,-8.61],[31.67,-8.91],[31.94,-9.05],[32.43,-9.16],[32.92,-9.41],[33.0,-9.62],[33.2,-9.63],[33.35,-9.86],[33.31,-10.04],[33.53,-10.23],[33.66,-10.59],[33.26,-10.89],[33.38,-11.16],[33.23,-11.53],[33.3,-11.89],[33.25,-12.11],[33.4,-12.49],[33.02,-12.63],[32.97,-13.23],[32.67,-13.61],[32.99,-14.02],[33.2,-14.01],[31.73,-14.5],[30.67,-14.82],[30.23,-14.99],[30.4,-15.64]]],"type":"Polygon"},"id":"ZMB","properties":{"id":"ZMB","name":"Zambia"},"type":"Feature"},{"geometry":{"coordinates":[[[[53.09,16.65],[52.58,16.47],[52.33,16.29],[52.17,15.96],[52.22,15.66],[51.6,15.34],[51.02,15.14],[50.53,15.04],[50.17,14.85],[49.91,14.83],[49.35,14.64],[49.05,14.46],[48.67,14.05],[48.28,14.0],[47.99,14.05],[47.41,13.66],[46.79,13.47],[45.66,13.34],[45.39,13.07],[45.16,13.0],[45.04,12.82],[44.62,12.82],[44.36,12.67],[43.93,12.62],[43.48,12.84],[43.23,13.27],[43.28,13.64],[43.09,14.01],[43.02,14.55],[42.86,15.13],[42.66,15.23],[42.8,15.37],[42.72,15.65],[42.84,16.03],[42.8,16.37],[43.17,16.69],[43.12,16.94],[43.19,17.36],[43.42,17.52],[43.92,17.32],[44.16,17.4],[45.15,17.43],[45.41,17.32],[46.31,17.23],[46.68,17.27],[46.98,16.95],[47.14,16.95],[47.44,17.11],[47.58,17.45],[48.17,18.16],[49.04,18.58],[49.19,18.62],[51.98,19.0],[52.73,17.3],[52.8,17.27],[53.09,16.65]]],[[[42.59,15.3],[42.55,15.32],[42.6,15.43],[42.59,15.3]]],[[[42.76,13.7],[42.69,13.67],[42.73,13.75],[42.76,13.7]]],[[[42.79,13.97],[42.69,14.01],[42.76,14.07],[42.79,13.97]]],[[[53.76,12.64],[54.19,12.66],[54.51,12.55],[54.13,12.36],[53.6,12.34],[53.32,12.53],[53.53,12.72],[53.76,12.64]]]],"type":"MultiPolygon"},"id":"YEM","properties":{"id":"YEM","name":"Yemen"},"type":"Feature"},{"geometry":{"coordinates":[[[[104.06,10.39],[104.02,10.03],[103.85,10.37],[104.06,10.39]]],[[[107.97,21.51],[107.41,21.28],[107.35,21.06],[107.16,20.95],[106.68,21.0],[106.75,20.74],[106.55,20.53],[106.52,20.29],[106.17,19.99],[105.98,19.94],[105.81,19.59],[105.79,19.29],[105.62,18.97],[105.89,18.5],[106.5,17.95],[106.48,17.72],[106.74,17.37],[107.12,17.06],[107.18,16.9],[107.55,16.64],[107.83,16.32],[108.03,16.33],[108.67,15.48],[108.82,15.38],[109.08,14.72],[109.09,14.55],[109.3,13.86],[109.25,13.85],[109.27,13.28],[109.42,12.96],[109.44,12.6],[109.34,12.75],[109.22,12.65],[109.2,11.72],[109.04,11.59],[108.99,11.34],[108.82,11.32],[108.27,10.93],[107.26,10.4],[107.01,10.66],[106.9,10.38],[106.73,10.54],[106.76,10.3],[106.46,10.3],[106.79,10.12],[106.6,9.86],[106.14,10.22],[106.51,9.82],[106.57,9.64],[106.38,9.56],[105.83,10.0],[106.11,9.67],[106.17,9.4],[105.5,9.09],[105.32,8.8],[105.11,8.63],[104.77,8.6],[104.82,8.8],[104.85,9.61],[104.9,9.82],[105.09,9.9],[105.03,10.07],[104.66,10.17],[104.43,10.41],[104.85,10.53],[105.06,10.73],[105.02,10.89],[105.31,10.85],[105.39,10.94],[105.76,10.99],[105.85,10.86],[106.16,10.79],[106.17,11.01],[105.86,11.29],[105.85,11.64],[106.01,11.76],[106.4,11.69],[106.41,11.95],[106.93,12.08],[107.16,12.28],[107.39,12.26],[107.56,12.54],[107.48,13.03],[107.61,13.44],[107.33,14.13],[107.36,14.37],[107.54,14.65],[107.48,14.98],[107.65,15.26],[107.17,15.8],[107.4,16.04],[106.93,16.35],[106.83,16.53],[106.7,16.46],[106.55,16.65],[106.5,16.95],[106.27,17.22],[105.69,17.74],[105.46,18.15],[105.09,18.45],[105.15,18.65],[104.72,18.8],[103.9,19.34],[104.06,19.48],[104.03,19.68],[104.55,19.61],[104.93,20.02],[104.62,20.37],[104.37,20.44],[104.58,20.65],[104.05,20.94],[103.64,20.7],[103.1,20.89],[102.85,21.27],[102.95,21.68],[102.82,21.81],[102.7,21.66],[102.58,21.9],[102.13,22.38],[102.43,22.73],[102.52,22.74],[103.01,22.45],[103.3,22.76],[103.47,22.6],[103.62,22.78],[103.92,22.54],[104.05,22.75],[104.37,22.7],[104.8,22.91],[104.86,23.14],[105.28,23.35],[105.55,23.07],[105.84,22.92],[106.54,22.91],[106.78,22.78],[106.54,22.4],[106.65,22.24],[106.66,21.98],[107.01,21.89],[107.35,21.61],[107.8,21.65],[107.97,21.51]]],[[[106.62,8.68],[106.57,8.7],[106.66,8.77],[106.62,8.68]]],[[[107.17,10.4],[107.08,10.34],[107.08,10.39],[107.17,10.4]]],[[[106.87,20.82],[106.77,20.86],[106.8,20.93],[106.87,20.82]]],[[[107.6,21.22],[107.4,21.09],[107.48,21.27],[107.6,21.22]]],[[[107.52,20.93],[107.4,20.9],[107.55,21.03],[107.52,20.93]]],[[[107.03,20.75],[106.91,20.82],[107.04,20.84],[107.03,20.75]]]],"type":"MultiPolygon"},"id":"VNM","properties":{"id":"VNM","name":"Vietnam"},"type":"Feature"},{"geometry":{"coordinates":[[[[-60.82,9.14],[-60.91,9.18],[-60.74,9.2],[-60.82,9.14]]],[[[-63.85,11.13],[-63.92,10.89],[-64.4,10.98],[-64.21,11.09],[-64.03,11.0],[-63.85,11.13]]],[[[-65.21,10.91],[-65.41,10.94],[-65.3,10.97],[-65.21,10.91]]],[[[-61.0,8.87],[-61.07,8.95],[-60.85,9.0],[-61.0,8.87]]],[[[-60.02,8.55],[-59.83,8.31],[-60.03,8.05],[-60.51,7.81],[-60.72,7.5],[-60.63,7.21],[-60.33,7.13],[-60.4,6.95],[-60.72,6.77],[-61.15,6.69],[-61.2,6.59],[-61.13,6.21],[-61.38,5.91],[-60.74,5.2],[-60.6,4.99],[-61.0,4.54],[-61.28,4.52],[-61.55,4.29],[-62.15,4.1],[-62.41,4.16],[-62.71,4.02],[-62.76,3.67],[-62.97,3.59],[-63.29,3.92],[-64.02,3.93],[-64.26,4.14],[-64.58,4.14],[-64.82,4.23],[-64.57,3.9],[-64.22,3.59],[-64.22,3.2],[-64.04,2.8],[-64.05,2.53],[-63.92,2.45],[-63.39,2.41],[-63.39,2.22],[-64.04,1.9],[-64.11,1.62],[-64.3,1.46],[-64.49,1.45],[-64.73,1.25],[-65.1,1.11],[-65.47,0.69],[-65.68,0.98],[-66.06,0.79],[-66.3,0.75],[-66.88,1.22],[-66.88,1.36],[-67.21,2.39],[-67.62,2.79],[-67.83,2.89],[-67.31,3.42],[-67.66,3.86],[-67.86,4.51],[-67.82,5.27],[-67.44,6.03],[-67.57,6.24],[-67.94,6.24],[-68.47,6.16],[-69.09,6.18],[-69.44,6.13],[-70.1,6.94],[-70.66,7.08],[-71.01,6.99],[-71.62,7.03],[-71.89,6.99],[-72.08,7.1],[-72.21,7.37],[-72.44,7.45],[-72.45,7.97],[-72.36,8.09],[-72.42,8.38],[-72.67,8.63],[-72.8,9.11],[-73.06,9.26],[-73.36,9.23],[-73.01,9.79],[-72.87,10.49],[-72.69,10.84],[-72.45,11.11],[-72.25,11.2],[-71.96,11.67],[-71.32,11.86],[-71.49,11.72],[-71.96,11.57],[-71.84,11.19],[-71.6,10.73],[-71.66,10.44],[-71.96,10.11],[-72.11,9.82],[-71.76,9.34],[-71.69,9.07],[-71.3,9.13],[-71.09,9.35],[-71.05,9.71],[-71.26,10.14],[-71.39,10.26],[-71.54,10.78],[-71.47,10.96],[-70.82,11.21],[-70.23,11.37],[-70.05,11.53],[-69.89,11.44],[-69.82,11.67],[-70.19,11.62],[-70.29,11.89],[-70.2,12.1],[-70.0,12.18],[-69.83,12.0],[-69.63,11.48],[-69.23,11.52],[-68.83,11.43],[-68.4,11.16],[-68.32,10.81],[-68.14,10.49],[-67.87,10.47],[-66.99,10.61],[-66.25,10.63],[-65.85,10.26],[-65.13,10.07],[-64.85,10.1],[-64.19,10.46],[-63.83,10.45],[-63.86,10.56],[-64.3,10.64],[-63.5,10.64],[-62.7,10.75],[-62.24,10.7],[-61.88,10.74],[-62.38,10.55],[-62.91,10.53],[-62.71,10.33],[-62.74,10.06],[-62.52,10.18],[-62.32,9.78],[-62.12,9.98],[-61.83,9.73],[-61.59,9.89],[-61.31,9.63],[-61.01,9.56],[-60.79,9.36],[-61.05,9.1],[-61.25,8.6],[-61.62,8.6],[-61.3,8.41],[-60.8,8.59],[-60.48,8.55],[-60.34,8.63],[-60.02,8.55]]]],"type":"MultiPolygon"},"id":"VEN","properties":{"id":"VEN","name":"Venezuela"},"type":"Feature"},{"geometry":{"coordinates":[[[12.44,41.9],[12.43,41.9],[12.43,41.91],[12.44,41.9]]],"type":"Polygon"},"id":"VAT","properties":{"id":"VAT","name":"Vatican"},"type":"Feature"},{"geometry":{"coordinates":[[[[166.75,-14.83],[166.81,-15.16],[167.08,-14.94],[167.2,-15.49],[166.76,-15.63],[166.53,-14.85],[166.61,-14.64],[166.75,-14.83]]],[[[167.41,-16.1],[167.84,-16.45],[167.45,-16.55],[167.32,-16.12],[167.15,-16.08],[167.2,-15.89],[167.41,-16.1]]],[[[168.45,-16.78],[168.18,-16.8],[168.2,-16.59],[168.45,-16.78]]],[[[168.3,-16.34],[167.93,-16.23],[168.16,-16.08],[168.3,-16.34]]],[[[168.45,-17.54],[168.52,-17.8],[168.16,-17.71],[168.45,-17.54]]],[[[167.91,-15.44],[167.67,-15.45],[168.0,-15.28],[167.91,-15.44]]],[[[168.21,-15.97],[168.12,-15.68],[168.16,-15.46],[168.27,-15.89],[168.21,-15.97]]],[[[168.19,-15.33],[168.13,-15.32],[168.14,-14.99],[168.19,-15.33]]],[[[167.22,-15.72],[167.09,-15.69],[167.23,-15.65],[167.22,-15.72]]],[[[167.58,-14.26],[167.4,-14.28],[167.51,-14.14],[167.58,-14.26]]],[[[167.49,-13.91],[167.39,-13.79],[167.55,-13.78],[167.49,-13.91]]],[[[169.9,-20.19],[169.86,-20.24],[169.75,-20.15],[169.9,-20.19]]],[[[169.49,-19.54],[169.44,-19.65],[169.22,-19.48],[169.34,-19.33],[169.49,-19.54]]],[[[169.33,-18.94],[168.99,-18.87],[169.14,-18.63],[169.33,-18.94]]]],"type":"MultiPolygon"},"id":"VUT","properties":{"id":"VUT","name":"Vanuatu"},"type":"Feature"},{"geometry":{"coordinates":[[[[70.95,42.25],[71.23,42.16],[70.84,42.02],[70.18,41.57],[70.47,41.41],[70.65,41.46],[70.78,41.26],[71.41,41.14],[71.66,41.54],[71.88,41.2],[72.16,41.17],[72.62,40.88],[73.11,40.79],[72.57,40.52],[72.4,40.58],[72.36,40.4],[72.13,40.44],[71.69,40.15],[71.3,40.29],[70.65,40.2],[70.38,40.45],[70.75,40.74],[70.44,41.02],[70.29,40.89],[69.71,40.66],[69.41,40.8],[69.21,40.57],[69.27,40.2],[68.65,40.18],[68.93,40.14],[68.87,39.91],[68.64,39.84],[68.46,39.54],[67.72,39.62],[67.43,39.47],[67.35,39.24],[67.62,39.15],[67.68,39.01],[68.1,38.96],[68.05,38.67],[68.14,38.38],[68.34,38.12],[67.81,37.49],[67.8,37.24],[67.32,37.21],[67.07,37.33],[66.52,37.35],[66.53,37.79],[66.63,37.93],[65.86,38.27],[65.61,38.24],[64.66,38.74],[64.31,38.98],[64.16,38.95],[63.72,39.19],[63.51,39.38],[62.65,39.86],[62.44,40.04],[62.38,40.33],[62.1,40.68],[61.95,41.03],[61.5,41.28],[61.33,41.2],[60.75,41.25],[60.45,41.22],[60.09,41.4],[60.08,41.7],[60.19,41.83],[59.96,41.95],[60.01,42.19],[59.86,42.3],[59.45,42.3],[59.12,42.52],[58.88,42.56],[58.59,42.78],[58.48,42.66],[58.15,42.63],[58.49,42.32],[58.03,42.49],[57.81,42.19],[57.38,42.16],[56.96,41.86],[57.02,41.26],[55.98,41.32],[55.98,44.99],[58.45,45.54],[58.67,45.51],[61.01,44.39],[61.16,44.17],[61.99,43.49],[63.21,43.63],[64.44,43.55],[64.91,43.71],[65.5,43.31],[65.8,42.88],[66.1,42.99],[66.01,42.0],[66.5,41.99],[66.71,41.18],[66.81,41.14],[67.94,41.2],[68.11,41.03],[68.05,40.81],[68.29,40.66],[68.6,40.66],[68.58,40.88],[68.99,41.21],[69.06,41.37],[69.66,41.67],[70.1,41.82],[70.42,42.08],[70.61,42.05],[70.95,42.25]],[[70.65,40.94],[70.62,41.0],[70.55,41.01],[70.65,40.94]]],[[[71.21,39.89],[71.01,39.9],[70.98,40.13],[71.23,40.05],[71.21,39.89]]],[[[71.78,39.95],[71.67,39.95],[71.79,40.0],[71.78,39.95]]]],"type":"MultiPolygon"},"id":"UZB","properties":{"id":"UZB","name":"Uzbekistan"},"type":"Feature"},{"geometry":{"coordinates":[[[-53.37,-33.74],[-53.79,-34.38],[-54.17,-34.67],[-54.9,-34.93],[-55.67,-34.78],[-56.12,-34.91],[-56.86,-34.68],[-57.17,-34.45],[-57.83,-34.48],[-58.4,-33.91],[-58.44,-33.72],[-58.36,-33.18],[-58.08,-32.89],[-58.2,-32.47],[-58.12,-32.32],[-58.19,-31.92],[-58.04,-31.77],[-58.05,-31.49],[-57.81,-30.86],[-57.87,-30.59],[-57.61,-30.19],[-57.21,-30.28],[-57.12,-30.14],[-56.83,-30.11],[-56.18,-30.63],[-56.0,-30.84],[-56.0,-31.08],[-55.56,-30.88],[-55.25,-31.23],[-54.59,-31.49],[-54.22,-31.86],[-53.76,-32.06],[-53.6,-32.4],[-53.13,-32.74],[-53.53,-33.17],[-53.54,-33.62],[-53.37,-33.74]]],"type":"Polygon"},"id":"URY","properties":{"id":"URY","name":"Uruguay"},"type":"Feature"},{"geometry":{"coordinates":[[[[162.98,5.33],[162.99,5.28],[162.92,5.32],[162.98,5.33]]],[[[138.14,9.5],[138.07,9.42],[138.12,9.55],[138.14,9.5]]],[[[151.65,7.35],[151.58,7.34],[151.63,7.39],[151.65,7.35]]],[[[151.88,7.43],[151.87,7.47],[151.91,7.46],[151.88,7.43]]],[[[158.31,6.81],[158.13,6.94],[158.29,6.95],[158.31,6.81]]]],"type":"MultiPolygon"},"id":"FSM","properties":{"id":"FSM","name":"Micronesia"},"type":"Feature"},{"geometry":{"coordinates":[[[[169.64,5.83],[169.65,5.95],[169.67,5.94],[169.64,5.83]]],[[[168.83,7.31],[168.72,7.3],[168.68,7.34],[168.83,7.31]]],[[[171.58,7.05],[171.69,7.03],[171.76,6.97],[171.58,7.05]]],[[[171.1,7.14],[171.26,7.07],[171.1,7.11],[171.1,7.14]]],[[[166.89,11.15],[166.84,11.15],[166.86,11.17],[166.89,11.15]]]],"type":"MultiPolygon"},"id":"MHL","properties":{"id":"MHL","name":"Marshall Is."},"type":"Feature"},{"geometry":{"coordinates":[[[[145.71,18.76],[145.68,18.73],[145.65,18.81],[145.71,18.76]]],[[[145.71,16.34],[145.63,16.38],[145.7,16.38],[145.71,16.34]]],[[[145.26,14.16],[145.22,14.11],[145.15,14.16],[145.26,14.16]]],[[[145.78,18.08],[145.73,18.06],[145.81,18.17],[145.78,18.08]]],[[[145.75,15.13],[145.71,15.22],[145.82,15.27],[145.75,15.13]]],[[[145.66,14.97],[145.62,14.92],[145.59,15.03],[145.66,14.97]]]],"type":"MultiPolygon"},"id":"MNP","properties":{"id":"MNP","name":"N. Mariana Is."},"type":"Feature"},{"geometry":{"coordinates":[[[[-64.85,18.33],[-65.02,18.37],[-64.89,18.37],[-64.85,18.33]]],[[[-64.66,18.35],[-64.73,18.33],[-64.75,18.37],[-64.66,18.35]]],[[[-64.77,17.79],[-64.69,17.71],[-64.89,17.7],[-64.77,17.79]]]],"type":"MultiPolygon"},"id":"VIR","properties":{"id":"VIR","name":"U.S. Virgin Is."},"type":"Feature"},{"geometry":{"coordinates":[[[144.74,13.26],[144.65,13.43],[144.84,13.62],[144.94,13.57],[144.74,13.26]]],"type":"Polygon"},"id":"GUM","properties":{"id":"GUM","name":"Guam"},"type":"Feature"},{"geometry":{"coordinates":[[[-170.73,-14.35],[-170.82,-14.31],[-170.69,-14.26],[-170.73,-14.35]]],"type":"Polygon"},"id":"ASM","properties":{"id":"ASM","name":"American Samoa"},"type":"Feature"},{"geometry":{"coordinates":[[[[-66.13,18.44],[-65.63,18.38],[-65.62,18.24],[-65.97,17.97],[-66.41,17.95],[-67.2,17.99],[-67.26,18.36],[-67.16,18.5],[-66.13,18.44]]],[[[-65.43,18.11],[-65.48,18.17],[-65.29,18.13],[-65.43,18.11]]],[[[-67.87,18.06],[-67.94,18.1],[-67.84,18.1],[-67.87,18.06]]]],"type":"MultiPolygon"},"id":"PRI","properties":{"id":"PRI","name":"Puerto Rico"},"type":"Feature"},{"geometry":{"coordinates":[[[[-132.75,56.53],[-132.93,56.52],[-132.84,56.79],[-132.57,56.58],[-132.75,56.53]]],[[[-132.78,56.25],[-133.04,56.34],[-132.9,56.45],[-132.64,56.44],[-132.78,56.25]]],[[[-134.31,58.23],[-134.46,58.21],[-134.52,58.33],[-134.31,58.23]]],[[[-145.12,60.34],[-145.28,60.34],[-145.13,60.4],[-145.12,60.34]]],[[[-144.57,59.82],[-144.44,59.95],[-144.24,60.02],[-144.57,59.82]]],[[[-148.02,60.07],[-148.27,60.05],[-148.08,60.15],[-148.02,60.07]]],[[[-152.02,60.36],[-151.96,60.5],[-151.89,60.47],[-152.02,60.36]]],[[[-160.33,55.34],[-160.34,55.26],[-160.49,55.35],[-160.33,55.34]]],[[[-159.36,54.97],[-159.42,54.98],[-159.46,55.06],[-159.36,54.97]]],[[[-159.52,55.15],[-159.64,55.12],[-159.55,55.23],[-159.52,55.15]]],[[[-166.21,53.72],[-166.25,53.77],[-166.11,53.84],[-166.21,53.72]]],[[[-176.01,51.81],[-176.2,51.83],[-176.19,51.89],[-176.01,51.81]]],[[[-166.11,66.23],[-166.03,66.28],[-165.83,66.32],[-166.11,66.23]]],[[[-171.46,63.64],[-170.87,63.59],[-170.43,63.7],[-170.12,63.62],[-170.02,63.49],[-169.43,63.35],[-168.72,63.31],[-168.85,63.17],[-169.36,63.17],[-169.68,62.96],[-169.78,63.09],[-170.19,63.2],[-170.53,63.38],[-171.06,63.45],[-171.4,63.34],[-171.79,63.42],[-171.75,63.7],[-171.46,63.64]]],[[[-166.14,60.38],[-165.73,60.31],[-165.59,59.91],[-166.1,59.85],[-166.11,59.78],[-166.63,59.86],[-167.14,60.01],[-167.44,60.21],[-166.84,60.22],[-166.48,60.38],[-166.14,60.38]]],[[[-152.9,57.82],[-152.43,57.83],[-152.41,57.65],[-152.22,57.58],[-152.41,57.45],[-152.91,57.51],[-152.68,57.35],[-153.27,57.23],[-153.65,57.03],[-153.76,56.86],[-154.07,56.82],[-153.79,56.99],[-154.24,57.14],[-154.26,56.91],[-154.5,57.04],[-154.71,57.34],[-154.54,57.56],[-154.03,57.63],[-153.81,57.36],[-153.9,57.82],[-153.66,57.86],[-153.52,57.73],[-153.25,57.79],[-153.16,57.97],[-152.9,57.82]]],[[[-130.03,55.89],[-130.15,55.65],[-130.04,55.3],[-130.21,55.03],[-130.58,54.77],[-130.85,54.81],[-131.05,55.16],[-130.84,55.33],[-130.92,55.74],[-131.14,56.0],[-131.03,56.09],[-131.78,55.88],[-131.98,55.54],[-132.22,55.72],[-131.84,56.16],[-132.18,56.42],[-132.49,56.77],[-132.8,56.9],[-132.91,57.05],[-133.47,57.17],[-133.44,57.34],[-133.55,57.7],[-133.12,57.57],[-133.52,57.78],[-133.56,57.92],[-133.74,57.85],[-134.03,58.07],[-134.05,58.29],[-134.21,58.23],[-134.66,58.38],[-135.13,58.84],[-135.36,59.42],[-135.5,59.2],[-135.05,58.31],[-135.3,58.26],[-135.57,58.41],[-135.87,58.39],[-135.86,58.58],[-136.15,59.05],[-136.15,58.79],[-136.99,59.03],[-136.88,58.88],[-136.22,58.6],[-136.06,58.38],[-136.58,58.25],[-137.54,58.58],[-138.03,58.94],[-138.35,59.09],[-139.34,59.38],[-139.8,59.55],[-139.51,59.73],[-139.58,59.85],[-139.33,59.88],[-139.29,59.61],[-139.18,59.84],[-139.52,60.02],[-139.85,59.83],[-140.22,59.73],[-140.84,59.75],[-141.41,59.9],[-141.33,60.08],[-141.67,59.97],[-142.55,60.09],[-142.95,60.1],[-143.81,60.01],[-144.15,60.02],[-144.33,60.19],[-144.9,60.34],[-144.69,60.67],[-145.25,60.38],[-145.9,60.48],[-145.67,60.65],[-146.15,60.66],[-146.64,60.9],[-146.58,61.13],[-146.98,60.98],[-147.39,60.92],[-147.57,60.99],[-147.89,60.89],[-148.01,60.97],[-147.75,61.22],[-148.21,61.03],[-148.34,60.85],[-148.56,60.8],[-148.27,60.7],[-148.34,60.57],[-147.98,60.52],[-148.2,60.36],[-148.2,60.17],[-148.43,59.99],[-148.84,59.95],[-149.4,60.11],[-149.6,59.77],[-149.71,59.92],[-149.8,59.74],[-150.2,59.57],[-150.61,59.56],[-150.93,59.25],[-151.18,59.3],[-151.74,59.19],[-151.96,59.29],[-151.85,59.41],[-151.4,59.52],[-151.09,59.79],[-151.4,59.66],[-151.85,59.78],[-151.73,59.99],[-151.45,60.2],[-151.31,60.47],[-151.36,60.72],[-150.44,61.02],[-150.11,60.93],[-149.59,60.99],[-150.05,61.17],[-149.6,61.42],[-149.7,61.47],[-149.95,61.29],[-150.61,61.3],[-151.15,61.09],[-151.73,60.91],[-151.75,60.75],[-152.27,60.53],[-152.26,60.41],[-152.65,60.24],[-153.03,60.29],[-152.66,60.13],[-152.76,59.92],[-153.21,59.84],[-153.05,59.73],[-153.41,59.74],[-153.81,59.47],[-154.09,59.36],[-154.18,59.16],[-153.66,59.04],[-153.33,58.88],[-153.62,58.65],[-154.02,58.49],[-154.25,58.16],[-154.58,58.06],[-155.01,58.02],[-155.31,57.81],[-155.59,57.73],[-155.78,57.57],[-156.0,57.54],[-156.48,57.33],[-156.4,57.24],[-156.63,57.01],[-157.14,56.83],[-157.39,56.81],[-157.61,56.63],[-157.87,56.65],[-158.54,56.34],[-158.28,56.2],[-158.5,56.06],[-158.59,56.18],[-158.79,55.99],[-159.52,55.81],[-159.66,55.63],[-159.74,55.84],[-159.96,55.79],[-160.5,55.54],[-160.9,55.51],[-161.1,55.41],[-161.48,55.4],[-161.46,55.63],[-162.07,55.14],[-162.33,55.05],[-162.54,55.24],[-162.67,55.0],[-163.1,54.97],[-163.34,54.84],[-163.3,55.1],[-162.91,55.2],[-162.16,55.72],[-161.7,55.91],[-161.22,56.02],[-160.9,55.99],[-161.01,55.89],[-160.27,55.83],[-160.54,56.01],[-160.3,56.31],[-159.79,56.56],[-159.28,56.69],[-158.99,56.86],[-158.71,56.79],[-158.66,57.04],[-158.32,57.3],[-157.74,57.55],[-157.56,58.14],[-157.19,58.19],[-157.49,58.25],[-157.52,58.42],[-157.04,58.77],[-156.81,59.13],[-157.14,58.88],[-158.02,58.64],[-158.3,58.64],[-158.5,58.85],[-158.43,59.0],[-158.08,58.98],[-158.42,59.09],[-158.78,58.9],[-158.86,58.72],[-158.79,58.44],[-158.95,58.4],[-159.67,58.91],[-159.92,58.82],[-160.36,59.05],[-160.82,58.87],[-161.22,58.8],[-161.36,58.67],[-161.76,58.61],[-162.14,58.64],[-161.72,58.79],[-161.79,59.02],[-162.02,59.28],[-161.83,59.59],[-162.24,60.18],[-162.42,60.28],[-162.14,60.69],[-162.68,60.27],[-162.5,60.13],[-162.57,59.99],[-163.22,59.85],[-163.91,59.81],[-164.13,59.99],[-164.66,60.3],[-165.06,60.41],[-165.03,60.5],[-165.35,60.54],[-164.81,60.89],[-164.27,60.72],[-164.37,60.59],[-164.0,60.77],[-163.73,60.59],[-163.42,60.76],[-163.91,60.85],[-163.59,60.9],[-163.75,60.97],[-163.99,60.86],[-164.44,60.87],[-165.18,60.97],[-164.88,61.09],[-165.39,61.21],[-165.57,61.1],[-165.69,61.3],[-166.09,61.51],[-166.17,61.65],[-165.81,61.7],[-165.99,61.83],[-165.61,61.87],[-165.71,62.1],[-165.19,62.47],[-164.78,62.48],[-164.85,62.8],[-164.53,63.13],[-164.11,63.26],[-163.36,63.05],[-163.06,63.08],[-162.62,63.27],[-162.28,63.53],[-161.97,63.45],[-161.51,63.47],[-161.1,63.56],[-160.78,63.82],[-160.99,64.25],[-161.41,64.53],[-160.93,64.58],[-160.89,64.8],[-161.19,64.92],[-161.47,64.79],[-161.76,64.82],[-162.17,64.68],[-162.81,64.37],[-162.88,64.52],[-163.14,64.42],[-163.71,64.59],[-164.3,64.58],[-164.9,64.46],[-166.14,64.58],[-166.48,64.73],[-166.42,64.93],[-166.93,65.16],[-166.53,65.15],[-166.2,65.31],[-167.4,65.42],[-167.99,65.57],[-168.09,65.66],[-167.58,65.76],[-167.41,65.86],[-167.07,65.88],[-166.75,66.05],[-166.21,66.17],[-165.72,66.11],[-165.84,66.25],[-165.45,66.41],[-165.06,66.44],[-164.46,66.59],[-163.73,66.62],[-164.03,66.22],[-163.7,66.08],[-162.89,66.1],[-162.59,66.05],[-161.82,66.05],[-161.46,66.28],[-161.03,66.19],[-161.12,66.33],[-161.54,66.41],[-161.83,66.37],[-162.19,66.69],[-162.47,66.74],[-162.61,66.89],[-162.36,66.95],[-162.02,66.78],[-161.91,66.56],[-161.59,66.46],[-161.05,66.47],[-160.65,66.37],[-160.23,66.42],[-160.26,66.57],[-160.86,66.67],[-161.4,66.55],[-161.86,66.7],[-161.88,66.8],[-161.62,66.98],[-161.97,67.05],[-163.0,67.03],[-163.53,67.1],[-163.72,67.2],[-164.13,67.61],[-165.39,68.05],[-165.96,68.16],[-166.24,68.28],[-166.79,68.36],[-166.38,68.43],[-166.21,68.89],[-165.51,68.87],[-164.3,68.94],[-163.87,69.04],[-163.16,69.39],[-162.95,69.76],[-161.88,70.33],[-161.76,70.26],[-162.07,70.16],[-161.0,70.3],[-160.12,70.59],[-159.96,70.57],[-160.1,70.33],[-159.87,70.28],[-159.75,70.53],[-160.08,70.63],[-159.31,70.88],[-159.25,70.75],[-159.0,70.8],[-158.0,70.85],[-157.2,71.09],[-156.78,71.32],[-156.47,71.41],[-156.47,71.29],[-155.58,71.12],[-156.15,70.93],[-155.87,70.83],[-155.58,70.89],[-155.17,71.1],[-154.67,70.99],[-154.79,70.89],[-154.2,70.8],[-153.92,70.88],[-153.23,70.93],[-152.49,70.88],[-152.23,70.81],[-152.47,70.65],[-152.17,70.56],[-151.77,70.56],[-151.94,70.45],[-151.22,70.42],[-150.66,70.51],[-150.15,70.44],[-149.87,70.51],[-149.27,70.5],[-148.69,70.42],[-148.48,70.32],[-148.25,70.36],[-147.71,70.22],[-145.82,70.16],[-145.2,70.01],[-144.62,69.98],[-144.42,70.04],[-143.22,70.12],[-142.71,70.03],[-142.3,69.87],[-141.7,69.77],[-141.41,69.65],[-141.0,69.65],[-141.0,60.3],[-140.53,60.22],[-140.45,60.3],[-139.97,60.18],[-139.68,60.33],[-139.08,60.34],[-139.19,60.08],[-138.71,59.9],[-138.63,59.78],[-137.59,59.23],[-137.44,58.9],[-136.81,59.15],[-136.58,59.15],[-136.32,59.6],[-135.48,59.79],[-135.05,59.58],[-134.94,59.29],[-134.44,59.09],[-134.22,58.85],[-133.82,58.71],[-133.4,58.41],[-133.28,58.22],[-132.23,57.2],[-132.34,57.08],[-132.03,57.03],[-132.1,56.86],[-131.87,56.79],[-131.82,56.59],[-131.58,56.6],[-131.08,56.4],[-130.48,56.23],[-130.41,56.12],[-130.1,56.11],[-130.03,55.89]]],[[[-163.48,54.98],[-163.36,54.74],[-163.58,54.63],[-164.07,54.62],[-164.46,54.43],[-164.82,54.42],[-164.89,54.61],[-164.53,54.88],[-163.87,55.04],[-163.48,54.98]]],[[[-133.31,55.54],[-133.65,55.27],[-133.63,55.54],[-133.31,55.54]]],[[[-131.34,55.08],[-131.23,54.9],[-131.41,54.89],[-131.57,55.26],[-131.34,55.08]]],[[[-132.11,56.11],[-132.13,55.94],[-132.66,56.08],[-132.38,56.5],[-132.07,56.24],[-132.11,56.11]]],[[[-130.98,55.49],[-131.19,55.21],[-131.42,55.28],[-131.45,55.41],[-131.76,55.17],[-131.85,55.42],[-131.65,55.59],[-131.62,55.83],[-131.27,55.96],[-130.97,55.67],[-130.98,55.49]]],[[[-133.37,57.0],[-132.95,56.88],[-133.03,56.62],[-133.21,56.46],[-133.6,56.46],[-133.68,56.8],[-133.98,57.01],[-133.87,57.07],[-133.37,57.0]]],[[[-132.86,54.89],[-132.62,54.89],[-132.71,54.68],[-133.12,54.97],[-133.3,55.33],[-133.1,55.21],[-132.86,54.89]]],[[[-146.39,60.45],[-146.1,60.41],[-146.62,60.27],[-146.7,60.41],[-146.39,60.45]]],[[[-147.74,59.81],[-147.77,59.94],[-147.34,60.19],[-147.18,60.36],[-146.99,60.25],[-147.74,59.81]]],[[[-147.66,60.45],[-147.79,60.18],[-147.79,60.46],[-147.66,60.45]]],[[[-147.93,60.83],[-148.12,60.84],[-148.1,60.92],[-147.93,60.83]]],[[[-153.01,57.12],[-153.3,57.0],[-153.29,57.19],[-153.01,57.12]]],[[[-152.49,58.49],[-152.64,58.54],[-152.36,58.59],[-152.49,58.49]]],[[[-153.24,57.85],[-153.52,57.94],[-153.35,57.93],[-153.24,57.85]]],[[[-155.57,55.82],[-155.74,55.83],[-155.57,55.92],[-155.57,55.82]]],[[[-154.68,56.44],[-154.73,56.5],[-154.44,56.57],[-154.68,56.44]]],[[[-154.21,56.51],[-154.33,56.54],[-154.11,56.6],[-154.21,56.51]]],[[[-160.68,55.31],[-160.49,55.18],[-160.8,55.15],[-160.68,55.31]]],[[[-162.3,54.85],[-162.43,54.93],[-162.26,54.98],[-162.3,54.85]]],[[[-162.55,54.4],[-162.64,54.38],[-162.82,54.49],[-162.55,54.4]]],[[[-159.87,55.13],[-160.23,54.92],[-160.17,55.12],[-159.92,55.27],[-159.87,55.13]]],[[[-165.84,54.07],[-166.09,54.17],[-165.89,54.21],[-165.84,54.07]]],[[[-165.56,54.14],[-165.65,54.25],[-165.41,54.2],[-165.56,54.14]]],[[[-160.92,58.58],[-161.13,58.67],[-160.72,58.8],[-160.92,58.58]]],[[[-172.74,60.46],[-172.23,60.3],[-172.64,60.33],[-173.07,60.49],[-172.92,60.61],[-172.74,60.46]]],[[[-170.16,57.18],[-170.39,57.2],[-170.12,57.24],[-170.16,57.18]]],[[[-169.69,52.85],[-169.72,52.79],[-169.98,52.85],[-169.69,52.85]]],[[[-170.73,52.58],[-170.68,52.7],[-170.58,52.67],[-170.73,52.58]]],[[[-172.46,52.27],[-172.62,52.27],[-172.47,52.39],[-172.46,52.27]]],[[[-169.76,56.64],[-169.47,56.59],[-169.59,56.54],[-169.76,56.64]]],[[[-176.29,51.79],[-176.4,51.76],[-176.38,51.86],[-176.29,51.79]]],[[[-176.02,52.0],[-176.14,52.0],[-176.16,52.1],[-176.02,52.0]]],[[[-177.15,51.72],[-177.65,51.68],[-177.06,51.9],[-177.15,51.72]]],[[[178.58,51.92],[178.51,51.9],[178.51,51.99],[178.58,51.92]]],[[[179.45,51.37],[179.28,51.37],[178.69,51.66],[178.91,51.62],[179.45,51.37]]],[[[173.72,52.36],[173.4,52.4],[173.78,52.5],[173.72,52.36]]],[[[-134.97,57.35],[-134.62,56.72],[-134.65,56.23],[-134.98,56.52],[-134.88,56.67],[-135.33,56.82],[-135.2,57.03],[-135.5,57.24],[-135.81,57.01],[-135.79,57.32],[-135.35,57.53],[-134.97,57.35]]],[[[-134.68,58.16],[-134.24,58.14],[-133.9,57.79],[-133.93,57.67],[-134.18,58.01],[-134.27,57.88],[-133.94,57.58],[-133.93,57.34],[-134.26,57.15],[-134.59,57.09],[-134.49,57.48],[-134.66,57.64],[-134.75,58.0],[-134.91,58.26],[-134.68,58.16]]],[[[-135.73,58.24],[-135.61,57.99],[-135.35,58.12],[-135.0,58.05],[-134.93,57.48],[-135.5,57.66],[-135.69,57.42],[-135.91,57.45],[-136.08,57.67],[-136.57,57.97],[-136.32,58.22],[-135.73,58.24]]],[[[-133.57,56.34],[-133.2,56.32],[-133.1,56.09],[-132.76,56.0],[-132.17,55.48],[-132.51,55.59],[-132.59,55.46],[-132.22,55.38],[-132.21,55.24],[-131.98,55.21],[-131.98,54.8],[-132.13,54.71],[-132.34,54.91],[-132.55,54.95],[-132.62,55.14],[-132.78,55.05],[-133.1,55.36],[-132.96,55.4],[-133.03,55.59],[-133.3,55.61],[-133.68,55.79],[-133.24,55.92],[-133.37,56.04],[-133.68,55.94],[-133.53,56.15],[-133.57,56.34]]],[[[-133.99,56.84],[-133.74,56.65],[-133.86,56.58],[-133.95,56.13],[-134.19,56.08],[-134.2,56.41],[-134.37,56.84],[-134.14,56.93],[-133.99,56.84]]],[[[-152.42,58.36],[-151.97,58.31],[-152.11,58.16],[-152.6,58.16],[-152.78,58.02],[-153.38,58.09],[-152.84,58.42],[-152.42,58.36]]],[[[-167.96,53.35],[-168.27,53.24],[-168.51,53.04],[-169.07,52.83],[-168.64,53.26],[-168.44,53.26],[-168.29,53.5],[-167.99,53.56],[-167.8,53.48],[-167.96,53.35]]],[[[-166.62,53.9],[-166.37,54.0],[-166.23,53.93],[-166.55,53.7],[-166.31,53.7],[-166.77,53.48],[-167.52,53.28],[-167.81,53.32],[-167.14,53.53],[-167.02,53.7],[-167.12,53.87],[-166.63,54.0],[-166.62,53.9]]],[[[-173.55,52.14],[-173.02,52.08],[-173.46,52.04],[-173.99,52.1],[-173.55,52.14]]],[[[-174.68,52.04],[-175.3,52.02],[-174.31,52.22],[-174.44,52.32],[-174.17,52.42],[-174.02,52.33],[-174.12,52.14],[-174.68,52.04]]],[[[-176.59,51.87],[-176.44,51.75],[-176.96,51.6],[-176.7,51.99],[-176.59,51.87]]],[[[-177.88,51.65],[-178.19,51.88],[-177.95,51.92],[-177.77,51.78],[-177.88,51.65]]],[[[179.73,51.91],[179.55,51.89],[179.63,52.03],[179.73,51.91]]],[[[177.42,51.88],[177.25,51.9],[177.67,52.1],[177.42,51.88]]],[[[172.81,53.01],[173.1,53.0],[173.44,52.85],[172.94,52.75],[172.49,52.94],[172.81,53.01]]],[[[-155.58,19.01],[-155.88,19.07],[-155.89,19.38],[-156.05,19.75],[-155.82,20.01],[-155.83,20.28],[-155.2,19.99],[-155.07,19.75],[-154.8,19.52],[-155.05,19.32],[-155.31,19.26],[-155.58,19.01]]],[[[-157.21,21.22],[-156.71,21.16],[-156.86,21.06],[-157.29,21.11],[-157.21,21.22]]],[[[-156.49,20.93],[-156.28,20.95],[-155.99,20.76],[-156.11,20.64],[-156.44,20.62],[-156.49,20.93]]],[[[-157.8,21.46],[-157.64,21.31],[-158.11,21.32],[-158.27,21.59],[-157.96,21.7],[-157.8,21.46]]],[[[-159.37,21.93],[-159.61,21.91],[-159.79,22.04],[-159.58,22.22],[-159.35,22.22],[-159.37,21.93]]],[[[-160.18,21.84],[-160.1,22.02],[-160.08,21.91],[-160.18,21.84]]],[[[-156.85,20.77],[-156.97,20.76],[-156.94,20.93],[-156.85,20.77]]],[[[-74.71,45.0],[-71.52,45.01],[-71.33,45.29],[-70.9,45.26],[-70.7,45.55],[-70.3,45.91],[-70.25,46.25],[-70.07,46.44],[-70.01,46.71],[-69.24,47.46],[-69.05,47.43],[-69.05,47.27],[-68.83,47.2],[-68.31,47.35],[-67.81,47.08],[-67.78,45.7],[-67.43,45.6],[-67.47,45.28],[-67.12,45.17],[-67.11,44.89],[-66.99,44.83],[-67.19,44.68],[-67.36,44.7],[-67.65,44.56],[-67.84,44.58],[-68.06,44.38],[-68.12,44.49],[-68.45,44.51],[-68.53,44.26],[-68.81,44.34],[-68.76,44.57],[-68.96,44.43],[-69.07,44.1],[-69.81,43.77],[-69.97,43.86],[-70.52,43.35],[-70.83,42.83],[-70.61,42.62],[-70.83,42.55],[-71.05,42.33],[-70.74,42.23],[-70.51,41.8],[-70.3,41.73],[-70.0,41.83],[-69.95,41.68],[-70.4,41.63],[-70.66,41.53],[-70.7,41.71],[-71.17,41.49],[-71.39,41.8],[-71.52,41.38],[-72.27,41.29],[-72.92,41.29],[-73.58,41.02],[-74.23,40.61],[-74.24,40.46],[-74.0,40.45],[-73.96,40.33],[-74.18,39.73],[-74.43,39.39],[-74.6,39.29],[-74.79,39.0],[-75.52,39.49],[-75.42,39.79],[-75.59,39.64],[-75.39,39.09],[-75.04,38.5],[-75.35,38.07],[-75.6,37.63],[-75.81,37.43],[-75.93,37.15],[-76.0,37.26],[-75.89,37.62],[-75.66,37.95],[-75.85,37.97],[-75.89,38.36],[-76.21,38.36],[-76.26,38.6],[-76.0,38.6],[-76.28,38.77],[-76.17,38.85],[-76.24,39.19],[-75.87,39.51],[-76.42,39.23],[-76.5,38.53],[-76.39,38.37],[-76.45,38.17],[-76.89,38.29],[-77.0,38.45],[-77.24,38.49],[-77.02,38.78],[-77.26,38.6],[-77.31,38.4],[-77.05,38.36],[-76.91,38.2],[-76.55,38.09],[-76.26,37.89],[-76.34,37.68],[-76.26,37.36],[-76.61,37.32],[-76.28,37.05],[-76.4,36.99],[-76.7,37.22],[-76.63,37.05],[-76.4,36.89],[-76.0,36.91],[-75.99,36.47],[-75.88,36.18],[-76.15,36.28],[-76.15,36.15],[-76.73,35.96],[-76.07,35.97],[-75.77,35.9],[-75.77,35.65],[-76.17,35.35],[-76.49,35.4],[-76.53,35.51],[-76.97,35.46],[-76.51,35.27],[-76.63,35.07],[-76.9,34.97],[-76.46,34.99],[-76.52,34.78],[-77.13,34.71],[-77.75,34.28],[-77.93,33.94],[-78.58,33.87],[-78.92,33.66],[-79.23,33.19],[-80.02,32.62],[-80.47,32.42],[-80.92,31.94],[-81.11,31.88],[-81.29,31.26],[-81.44,31.2],[-81.52,30.87],[-81.25,29.79],[-80.9,29.05],[-80.52,28.49],[-80.84,28.76],[-80.75,28.38],[-80.23,27.21],[-80.13,27.08],[-80.04,26.57],[-80.16,25.88],[-80.37,25.33],[-80.74,25.16],[-81.11,25.14],[-81.11,25.37],[-81.36,25.83],[-81.72,25.98],[-81.87,26.44],[-82.04,26.55],[-82.07,26.89],[-82.29,26.87],[-82.44,27.06],[-82.64,27.52],[-82.4,27.84],[-82.58,27.96],[-82.66,27.72],[-82.84,27.85],[-82.66,28.49],[-82.65,28.89],[-82.77,29.05],[-83.29,29.45],[-83.69,29.93],[-84.04,30.1],[-84.31,30.06],[-84.38,29.91],[-84.8,29.77],[-85.32,29.68],[-85.35,29.88],[-85.76,30.17],[-86.45,30.4],[-87.2,30.34],[-86.99,30.43],[-87.17,30.54],[-87.28,30.34],[-87.79,30.29],[-88.01,30.69],[-88.14,30.37],[-88.69,30.36],[-88.91,30.42],[-89.32,30.35],[-89.59,30.17],[-90.23,30.38],[-90.41,30.14],[-90.18,30.03],[-89.74,30.17],[-89.82,30.01],[-89.59,29.92],[-89.4,30.05],[-89.35,29.82],[-89.72,29.62],[-89.51,29.42],[-89.02,29.2],[-89.16,29.02],[-89.35,29.07],[-89.88,29.46],[-90.05,29.43],[-90.21,29.1],[-90.38,29.3],[-90.75,29.13],[-91.29,29.29],[-91.24,29.46],[-91.51,29.56],[-91.89,29.84],[-92.26,29.56],[-92.67,29.6],[-93.18,29.78],[-93.95,29.81],[-94.1,29.67],[-94.53,29.55],[-94.78,29.55],[-94.74,29.75],[-95.02,29.7],[-94.89,29.37],[-95.27,28.96],[-95.85,28.64],[-96.64,28.71],[-96.42,28.46],[-97.03,28.09],[-97.17,27.88],[-97.43,27.84],[-97.29,27.67],[-97.44,27.33],[-97.77,27.46],[-97.69,27.29],[-97.49,27.24],[-97.55,26.97],[-97.4,26.4],[-97.15,25.96],[-97.36,25.87],[-97.8,26.04],[-98.28,26.11],[-99.11,26.45],[-99.23,26.76],[-99.44,27.04],[-99.51,27.55],[-99.75,27.73],[-100.3,28.33],[-100.33,28.5],[-100.66,29.07],[-101.38,29.74],[-102.34,29.86],[-102.73,29.64],[-102.87,29.26],[-103.26,29.0],[-104.11,29.39],[-104.5,29.68],[-104.68,30.13],[-104.98,30.65],[-105.28,30.81],[-105.81,31.24],[-106.26,31.54],[-106.45,31.77],[-108.21,31.78],[-108.21,31.33],[-111.04,31.32],[-114.84,32.51],[-114.72,32.72],[-117.13,32.53],[-117.24,32.66],[-117.32,33.1],[-117.47,33.3],[-118.08,33.72],[-118.41,33.74],[-118.51,34.02],[-119.14,34.11],[-119.27,34.26],[-119.61,34.42],[-120.48,34.47],[-120.64,34.58],[-120.63,35.08],[-120.86,35.21],[-120.86,35.37],[-121.34,35.79],[-121.88,36.33],[-121.92,36.57],[-121.79,36.73],[-121.88,36.94],[-122.16,36.99],[-122.39,37.21],[-122.51,37.77],[-122.07,37.48],[-122.39,37.96],[-122.22,38.04],[-121.72,38.03],[-122.03,38.12],[-122.48,38.11],[-122.52,37.83],[-122.93,38.06],[-123.12,38.45],[-123.7,38.91],[-123.82,39.37],[-123.78,39.62],[-123.88,39.86],[-124.32,40.25],[-124.37,40.49],[-124.13,40.97],[-124.07,41.38],[-124.24,41.79],[-124.21,41.98],[-124.36,42.12],[-124.41,42.58],[-124.54,42.81],[-124.35,43.34],[-124.15,43.69],[-124.06,44.78],[-123.93,45.58],[-123.91,46.18],[-123.46,46.27],[-124.07,46.28],[-124.04,46.61],[-123.95,46.43],[-123.89,46.66],[-124.11,46.86],[-123.84,46.96],[-124.11,47.04],[-124.38,47.66],[-124.62,47.9],[-124.71,48.38],[-123.98,48.17],[-123.02,48.08],[-122.78,48.14],[-122.66,47.88],[-122.82,47.79],[-123.13,47.44],[-122.53,47.92],[-122.68,47.61],[-122.58,47.29],[-122.83,47.34],[-123.03,47.14],[-122.7,47.11],[-122.35,47.37],[-122.39,47.82],[-122.24,48.01],[-122.52,48.23],[-122.4,48.27],[-122.67,48.47],[-122.5,48.51],[-122.55,48.76],[-122.79,48.99],[-95.4,48.99],[-95.16,48.99],[-95.16,49.37],[-94.85,49.3],[-94.84,49.12],[-94.62,48.74],[-94.06,48.66],[-93.71,48.53],[-93.38,48.62],[-93.0,48.61],[-92.5,48.44],[-92.41,48.28],[-92.17,48.34],[-91.52,48.06],[-90.84,48.2],[-90.74,48.1],[-90.09,48.12],[-89.99,48.02],[-89.46,48.0],[-88.38,48.3],[-86.43,47.54],[-84.88,46.9],[-84.78,46.64],[-84.56,46.46],[-84.19,46.55],[-83.98,46.08],[-83.62,46.12],[-83.47,45.99],[-83.59,45.82],[-82.55,45.35],[-82.14,43.57],[-82.41,43.07],[-82.55,42.62],[-83.07,42.3],[-83.14,41.98],[-83.03,41.83],[-82.69,41.68],[-82.44,41.67],[-81.28,42.21],[-80.25,42.37],[-79.04,42.8],[-78.92,42.91],[-79.07,43.11],[-79.17,43.47],[-78.72,43.62],[-76.82,43.63],[-76.46,44.06],[-76.15,44.3],[-75.88,44.42],[-75.18,44.9],[-74.71,45.0]]],[[[-72.51,40.99],[-71.9,41.06],[-72.34,40.89],[-73.19,40.65],[-73.9,40.57],[-74.03,40.64],[-73.57,40.92],[-72.51,40.99]]],[[[-68.19,44.33],[-68.41,44.36],[-68.3,44.46],[-68.19,44.33]]],[[[-74.19,40.52],[-74.19,40.61],[-74.08,40.59],[-74.19,40.52]]],[[[-70.51,41.38],[-70.79,41.33],[-70.67,41.45],[-70.51,41.38]]],[[[-71.24,41.49],[-71.35,41.47],[-71.23,41.65],[-71.24,41.49]]],[[[-69.98,41.27],[-70.23,41.29],[-70.06,41.33],[-69.98,41.27]]],[[[-75.64,35.86],[-75.72,35.95],[-75.65,35.91],[-75.64,35.86]]],[[[-75.54,35.24],[-75.48,35.57],[-75.51,35.28],[-75.54,35.24]]],[[[-75.78,35.19],[-75.96,35.12],[-75.86,35.17],[-75.78,35.19]]],[[[-76.5,34.64],[-76.44,34.76],[-76.26,34.91],[-76.5,34.64]]],[[[-82.04,26.45],[-82.07,26.43],[-82.18,26.48],[-82.04,26.45]]],[[[-82.08,26.55],[-82.09,26.49],[-82.17,26.7],[-82.08,26.55]]],[[[-80.38,25.14],[-80.58,24.95],[-80.26,25.35],[-80.38,25.14]]],[[[-91.79,29.5],[-92.0,29.57],[-91.88,29.64],[-91.79,29.5]]],[[[-97.01,27.9],[-96.9,28.12],[-96.84,28.09],[-97.01,27.9]]],[[[-96.76,28.15],[-96.52,28.33],[-96.41,28.34],[-96.76,28.15]]],[[[-97.35,27.3],[-97.3,27.52],[-97.13,27.78],[-97.35,27.3]]],[[[-95.04,29.15],[-94.87,29.29],[-94.86,29.25],[-95.04,29.15]]],[[[-97.17,26.16],[-97.27,26.33],[-97.35,26.8],[-97.17,26.16]]],[[[-120.31,34.02],[-120.44,34.03],[-120.37,34.07],[-120.31,34.02]]],[[[-119.44,33.22],[-119.54,33.22],[-119.48,33.27],[-119.44,33.22]]],[[[-118.35,32.83],[-118.47,32.84],[-118.59,33.01],[-118.35,32.83]]],[[[-120.04,33.92],[-120.25,34.01],[-120.07,34.03],[-120.04,33.92]]],[[[-119.88,34.08],[-119.56,34.01],[-119.81,33.97],[-119.88,34.08]]],[[[-118.35,33.39],[-118.45,33.32],[-118.55,33.48],[-118.35,33.39]]],[[[-122.78,48.67],[-122.89,48.59],[-122.9,48.71],[-122.78,48.67]]],[[[-123.01,48.5],[-123.14,48.51],[-123.11,48.61],[-123.01,48.5]]],[[[-122.57,48.16],[-122.37,47.99],[-122.56,47.99],[-122.57,48.16]]],[[[-71.37,41.49],[-71.39,41.47],[-71.38,41.57],[-71.37,41.49]]],[[[-74.13,39.68],[-74.25,39.56],[-74.11,39.75],[-74.13,39.68]]],[[[-75.33,37.89],[-75.38,37.87],[-75.14,38.18],[-75.33,37.89]]],[[[-76.55,34.65],[-76.66,34.68],[-76.62,34.69],[-76.55,34.65]]],[[[-81.33,24.65],[-81.36,24.63],[-81.42,24.75],[-81.33,24.65]]],[[[-80.83,24.8],[-80.8,24.85],[-80.79,24.82],[-80.83,24.8]]],[[[-80.64,24.9],[-80.67,24.9],[-80.63,24.94],[-80.64,24.9]]],[[[-81.04,24.72],[-81.09,24.73],[-80.93,24.76],[-81.04,24.72]]],[[[-81.42,30.97],[-81.46,30.73],[-81.48,30.9],[-81.42,30.97]]],[[[-81.57,24.6],[-81.56,24.69],[-81.53,24.61],[-81.57,24.6]]],[[[-80.19,27.28],[-80.26,27.38],[-80.44,27.85],[-80.19,27.28]]],[[[-81.78,24.54],[-81.81,24.56],[-81.74,24.58],[-81.78,24.54]]],[[[-88.89,29.71],[-88.94,29.66],[-88.9,29.73],[-88.89,29.71]]],[[[-88.56,30.22],[-88.71,30.24],[-88.72,30.26],[-88.56,30.22]]],[[[-88.07,30.25],[-88.29,30.23],[-88.11,30.27],[-88.07,30.25]]],[[[-89.22,30.08],[-89.34,30.06],[-89.18,30.17],[-89.22,30.08]]],[[[-88.83,29.81],[-88.86,29.78],[-88.83,29.93],[-88.83,29.81]]],[[[-84.91,29.64],[-85.0,29.63],[-84.74,29.73],[-84.91,29.64]]],[[[-122.85,47.2],[-122.91,47.25],[-122.89,47.27],[-122.85,47.2]]],[[[-122.39,47.4],[-122.51,47.36],[-122.49,47.49],[-122.39,47.4]]],[[[-122.5,47.59],[-122.58,47.62],[-122.55,47.7],[-122.5,47.59]]],[[[-122.82,48.43],[-122.93,48.48],[-122.87,48.55],[-122.82,48.43]]],[[[-68.62,44.2],[-68.7,44.18],[-68.68,44.26],[-68.62,44.2]]]],"type":"MultiPolygon"},"id":"USA","properties":{"id":"USA","name":"United States of America"},"type":"Feature"},{"geometry":{"coordinates":[[[[-26.26,-58.44],[-26.26,-58.49],[-26.45,-58.42],[-26.26,-58.44]]],[[[-37.1,-54.07],[-36.7,-54.11],[-36.45,-54.31],[-36.33,-54.25],[-36.07,-54.55],[-35.9,-54.55],[-35.8,-54.76],[-36.09,-54.87],[-36.51,-54.51],[-36.73,-54.47],[-37.5,-54.16],[-37.62,-54.04],[-37.95,-54.0],[-37.38,-53.98],[-37.1,-54.07]]]],"type":"MultiPolygon"},"id":"SGS","properties":{"id":"SGS","name":"S. Geo. and the Is."},"type":"Feature"},{"geometry":{"coordinates":[[[72.49,-7.38],[72.43,-7.44],[72.49,-7.26],[72.49,-7.38]]],"type":"Polygon"},"id":"IOT","properties":{"id":"IOT","name":"Br. Indian Ocean Ter."},"type":"Feature"},{"geometry":{"coordinates":[[[[-5.69,-16.0],[-5.78,-15.96],[-5.66,-15.91],[-5.69,-16.0]]],[[[-14.36,-7.97],[-14.38,-7.88],[-14.3,-7.94],[-14.36,-7.97]]]],"type":"MultiPolygon"},"id":"SHN","properties":{"id":"SHN","name":"Saint Helena"},"type":"Feature"},{"geometry":{"coordinates":[[[-128.29,-24.4],[-128.35,-24.34],[-128.3,-24.33],[-128.29,-24.4]]],"type":"Polygon"},"id":"PCN","properties":{"id":"PCN","name":"Pitcairn Is."},"type":"Feature"},{"geometry":{"coordinates":[[[-63.0,18.22],[-63.16,18.17],[-63.03,18.27],[-63.0,18.22]]],"type":"Polygon"},"id":"AIA","properties":{"id":"AIA","name":"Anguilla"},"type":"Feature"},{"geometry":{"coordinates":[[[[-58.85,-51.27],[-58.38,-51.37],[-58.47,-51.51],[-57.98,-51.38],[-57.81,-51.52],[-57.84,-51.71],[-58.68,-51.94],[-58.65,-52.1],[-59.2,-52.02],[-59.07,-52.17],[-59.34,-52.2],[-59.4,-52.31],[-59.65,-52.13],[-59.57,-51.93],[-59.06,-51.69],[-59.1,-51.49],[-58.85,-51.27]]],[[[-60.29,-51.46],[-59.92,-51.39],[-59.79,-51.45],[-59.39,-51.36],[-59.27,-51.43],[-59.92,-51.97],[-60.25,-51.99],[-60.35,-52.14],[-60.69,-52.19],[-60.96,-52.06],[-60.59,-51.95],[-60.24,-51.77],[-60.58,-51.71],[-60.25,-51.64],[-60.57,-51.36],[-60.29,-51.46]]],[[[-61.02,-51.79],[-60.95,-51.95],[-61.15,-51.84],[-61.02,-51.79]]],[[[-58.44,-52.01],[-58.43,-52.1],[-58.54,-52.03],[-58.44,-52.01]]],[[[-60.11,-51.4],[-60.28,-51.28],[-60.07,-51.31],[-60.11,-51.4]]],[[[-59.68,-52.23],[-59.75,-52.25],[-59.79,-52.13],[-59.68,-52.23]]]],"type":"MultiPolygon"},"id":"FLK","properties":{"id":"FLK","name":"Falkland Is."},"type":"Feature"},{"geometry":{"coordinates":[[[[-81.37,19.35],[-81.11,19.31],[-81.4,19.28],[-81.37,19.35]]],[[[-79.98,19.71],[-80.09,19.67],[-80.08,19.71],[-79.98,19.71]]],[[[-79.82,19.71],[-79.91,19.7],[-79.79,19.77],[-79.82,19.71]]]],"type":"MultiPolygon"},"id":"CYM","properties":{"id":"CYM","name":"Cayman Is."},"type":"Feature"},{"geometry":{"coordinates":[[[-64.73,32.29],[-64.77,32.31],[-64.67,32.38],[-64.73,32.29]]],"type":"Polygon"},"id":"BMU","properties":{"id":"BMU","name":"Bermuda"},"type":"Feature"},{"geometry":{"coordinates":[[[[-64.4,18.46],[-64.43,18.51],[-64.32,18.52],[-64.4,18.46]]],[[[-64.59,18.4],[-64.7,18.41],[-64.55,18.44],[-64.59,18.4]]],[[[-64.29,18.74],[-64.27,18.71],[-64.41,18.75],[-64.29,18.74]]]],"type":"MultiPolygon"},"id":"VGB","properties":{"id":"VGB","name":"British Virgin Is."},"type":"Feature"},{"geometry":{"coordinates":[[[[-71.66,21.77],[-71.85,21.84],[-71.67,21.83],[-71.66,21.77]]],[[[-71.88,21.84],[-72.01,21.95],[-71.93,21.95],[-71.88,21.84]]],[[[-72.33,21.85],[-72.19,21.77],[-72.34,21.76],[-72.33,21.85]]]],"type":"MultiPolygon"},"id":"TCA","properties":{"id":"TCA","name":"Turks and Caicos Is."},"type":"Feature"},{"geometry":{"coordinates":[[[-62.15,16.74],[-62.22,16.7],[-62.18,16.81],[-62.15,16.74]]],"type":"Polygon"},"id":"MSR","properties":{"id":"MSR","name":"Montserrat"},"type":"Feature"},{"geometry":{"coordinates":[[[-2.02,49.23],[-2.24,49.18],[-2.22,49.27],[-2.02,49.23]]],"type":"Polygon"},"id":"JEY","properties":{"id":"JEY","name":"Jersey"},"type":"Feature"},{"geometry":{"coordinates":[[[-2.51,49.49],[-2.55,49.43],[-2.65,49.47],[-2.51,49.49]]],"type":"Polygon"},"id":"GGY","properties":{"id":"GGY","name":"Guernsey"},"type":"Feature"},{"geometry":{"coordinates":[[[-4.41,54.19],[-4.79,54.07],[-4.51,54.38],[-4.41,54.19]]],"type":"Polygon"},"id":"IMN","properties":{"id":"IMN","name":"Isle of Man"},"type":"Feature"},{"geometry":{"coordinates":[[[[-2.67,51.62],[-3.29,51.39],[-3.56,51.41],[-4.09,51.66],[-4.6,51.74],[-4.9,51.63],[-5.26,51.88],[-5.09,52.0],[-4.38,52.2],[-3.98,52.54],[-4.1,52.92],[-4.68,52.81],[-4.64,52.89],[-4.11,53.22],[-3.17,53.39],[-2.91,53.35],[-3.06,53.51],[-2.93,53.73],[-3.03,53.91],[-2.87,54.18],[-3.17,54.13],[-3.57,54.47],[-3.46,54.77],[-3.27,54.91],[-3.43,54.96],[-3.96,54.78],[-4.3,54.84],[-4.52,54.76],[-4.82,54.85],[-4.91,54.69],[-5.14,54.86],[-4.68,55.5],[-4.89,55.7],[-4.84,56.05],[-5.23,55.89],[-5.18,56.12],[-5.41,56.0],[-5.39,55.77],[-5.56,55.39],[-5.77,55.36],[-5.62,55.81],[-5.61,56.06],[-5.39,56.51],[-5.19,56.76],[-5.65,56.53],[-6.13,56.72],[-5.73,56.85],[-5.86,56.9],[-5.59,57.1],[-5.56,57.23],[-5.79,57.38],[-5.58,57.55],[-5.74,57.67],[-5.61,57.88],[-5.16,57.88],[-5.41,58.07],[-5.34,58.24],[-5.01,58.26],[-5.07,58.52],[-4.72,58.51],[-3.05,58.63],[-3.21,58.32],[-3.99,57.96],[-3.86,57.82],[-4.13,57.58],[-3.4,57.71],[-2.24,57.68],[-2.07,57.7],[-1.78,57.49],[-2.02,57.26],[-2.26,56.86],[-2.59,56.56],[-3.21,56.38],[-2.89,56.4],[-2.65,56.32],[-3.36,56.03],[-3.05,55.95],[-2.6,56.03],[-2.15,55.9],[-1.66,55.57],[-1.29,54.77],[-1.15,54.65],[-0.67,54.5],[-0.08,54.12],[-0.21,54.02],[0.12,53.61],[-0.29,53.69],[0.13,53.47],[0.36,53.16],[0.05,52.91],[0.28,52.81],[0.56,52.97],[1.06,52.96],[1.66,52.75],[1.75,52.47],[1.56,52.09],[1.27,51.85],[0.75,51.73],[0.89,51.57],[0.59,51.52],[0.69,51.39],[1.41,51.36],[1.4,51.18],[1.04,51.05],[0.96,50.93],[0.21,50.76],[-0.2,50.81],[-0.79,50.77],[-1.42,50.9],[-1.52,50.75],[-2.03,50.73],[-2.04,50.6],[-2.55,50.62],[-3.0,50.72],[-3.4,50.63],[-3.58,50.32],[-3.79,50.23],[-4.17,50.39],[-4.73,50.29],[-5.23,50.02],[-5.57,50.2],[-5.34,50.25],[-4.58,50.78],[-4.52,50.98],[-4.3,51.03],[-4.19,51.19],[-3.84,51.23],[-3.14,51.21],[-2.43,51.74],[-2.67,51.62]]],[[[-4.2,53.32],[-4.08,53.26],[-4.37,53.13],[-4.57,53.39],[-4.2,53.32]]],[[[-2.55,59.23],[-2.6,59.29],[-2.41,59.3],[-2.55,59.23]]],[[[-1.04,60.51],[-1.17,60.6],[-1.09,60.72],[-1.04,60.51]]],[[[-1.31,60.54],[-1.05,60.44],[-1.28,59.89],[-1.28,60.11],[-1.66,60.28],[-1.37,60.33],[-1.55,60.48],[-1.31,60.54]]],[[[-0.77,60.81],[-0.83,60.68],[-0.93,60.8],[-0.77,60.81]]],[[[-3.16,58.79],[-3.4,58.88],[-3.27,58.91],[-3.16,58.79]]],[[[-2.93,58.74],[-3.04,58.82],[-2.9,58.83],[-2.93,58.74]]],[[[-3.06,59.03],[-2.86,58.89],[-3.35,58.99],[-3.31,59.13],[-3.06,59.03]]],[[[-2.73,59.19],[-3.05,59.32],[-2.98,59.35],[-2.73,59.19]]],[[[-6.61,56.59],[-6.57,56.66],[-6.48,56.67],[-6.61,56.59]]],[[[-5.11,55.45],[-5.33,55.48],[-5.32,55.71],[-5.16,55.67],[-5.11,55.45]]],[[[-5.78,56.34],[-6.18,56.29],[-6.14,56.49],[-6.31,56.55],[-6.1,56.65],[-5.76,56.49],[-5.78,56.34]]],[[[-6.13,55.93],[-6.06,55.7],[-6.31,55.61],[-6.45,55.83],[-6.13,55.93]]],[[[-5.97,55.81],[-6.07,55.89],[-5.73,56.12],[-5.97,55.81]]],[[[-6.2,58.36],[-6.55,58.09],[-6.43,58.02],[-6.96,57.75],[-6.86,57.92],[-7.06,58.0],[-7.01,58.23],[-6.24,58.5],[-6.2,58.36]]],[[[-6.28,56.96],[-6.43,57.02],[-6.32,57.05],[-6.28,56.96]]],[[[-6.14,57.5],[-6.14,57.31],[-5.67,57.23],[-5.95,57.05],[-6.03,57.2],[-6.32,57.2],[-6.76,57.44],[-6.62,57.56],[-6.25,57.65],[-6.14,57.5]]],[[[-7.21,57.68],[-7.32,57.53],[-7.5,57.64],[-7.21,57.68]]],[[[-7.25,57.12],[-7.38,57.13],[-7.41,57.38],[-7.27,57.37],[-7.25,57.12]]],[[[-7.42,56.97],[-7.5,56.95],[-7.52,57.01],[-7.42,56.97]]],[[[-6.22,54.09],[-6.65,54.06],[-7.05,54.41],[-7.36,54.12],[-7.85,54.22],[-8.12,54.41],[-7.75,54.62],[-7.89,54.67],[-7.55,54.77],[-7.38,55.03],[-7.1,55.05],[-6.95,55.18],[-6.48,55.24],[-6.13,55.22],[-5.72,54.82],[-5.88,54.68],[-5.58,54.66],[-5.48,54.44],[-5.67,54.55],[-5.61,54.27],[-5.83,54.24],[-6.02,54.05],[-6.22,54.09]]],[[[-1.07,50.69],[-1.31,50.59],[-1.52,50.67],[-1.31,50.77],[-1.07,50.69]]]],"type":"MultiPolygon"},"id":"GBR","properties":{"id":"GBR","name":"United Kingdom"},"type":"Feature"},{"geometry":{"coordinates":[[[[56.3,25.65],[56.36,25.57],[56.37,25.02],[56.06,24.74],[55.92,24.97],[55.8,24.87],[55.76,24.24],[55.99,24.06],[55.47,23.94],[55.51,23.72],[55.2,23.03],[55.1,22.62],[52.56,22.93],[51.59,24.08],[51.57,24.29],[51.77,24.25],[51.91,23.99],[52.25,24.0],[52.65,24.15],[53.89,24.08],[54.4,24.28],[54.75,24.81],[55.1,25.04],[55.52,25.5],[55.94,25.79],[56.17,26.05],[56.14,25.69],[56.3,25.65]],[[56.28,25.24],[56.23,25.3],[56.21,25.21],[56.28,25.24]]],[[[53.33,24.26],[53.19,24.29],[53.45,24.37],[53.33,24.26]]],[[[52.62,24.29],[52.58,24.35],[52.66,24.33],[52.62,24.29]]],[[[53.93,24.18],[53.63,24.17],[53.83,24.26],[53.93,24.18]]],[[[54.47,24.44],[54.36,24.44],[54.4,24.51],[54.47,24.44]]]],"type":"MultiPolygon"},"id":"ARE","properties":{"id":"ARE","name":"United Arab Emirates"},"type":"Feature"},{"geometry":{"coordinates":[[[[38.21,47.09],[37.54,47.07],[37.34,46.92],[36.28,46.66],[35.83,46.62],[35.28,46.28],[35.23,46.44],[34.85,46.19],[35.0,45.73],[34.8,45.79],[34.69,45.98],[33.66,46.22],[33.43,46.06],[33.2,46.18],[32.48,46.08],[31.78,46.32],[32.01,46.43],[31.55,46.55],[32.36,46.47],[32.58,46.62],[32.13,46.6],[31.97,46.71],[31.94,46.98],[31.87,46.65],[31.53,46.66],[30.8,46.55],[30.51,46.11],[30.22,45.87],[29.6,45.68],[29.71,45.26],[29.4,45.42],[28.76,45.23],[28.45,45.29],[28.21,45.45],[28.47,45.51],[28.49,45.67],[28.95,46.05],[28.93,46.42],[29.15,46.53],[29.84,46.35],[30.13,46.42],[29.92,46.54],[29.88,46.83],[29.57,46.96],[29.55,47.25],[29.16,47.46],[29.21,47.73],[29.09,47.98],[28.97,47.93],[28.77,48.12],[28.46,48.09],[27.55,48.48],[27.23,48.37],[26.85,48.39],[26.31,48.2],[26.16,47.99],[25.46,47.91],[24.89,47.72],[24.58,47.93],[24.18,47.91],[23.2,48.08],[22.88,47.95],[22.77,48.11],[22.35,48.26],[22.13,48.41],[22.58,49.08],[22.71,49.17],[22.65,49.54],[23.04,49.9],[23.71,50.38],[23.97,50.41],[24.11,50.84],[23.66,51.31],[23.61,51.61],[23.95,51.59],[24.36,51.87],[25.27,51.94],[25.93,51.91],[26.45,51.81],[27.14,51.75],[27.27,51.61],[27.6,51.6],[27.74,51.48],[27.86,51.59],[28.18,51.61],[28.79,51.51],[29.14,51.62],[29.35,51.38],[30.16,51.48],[30.54,51.27],[30.63,51.36],[30.53,51.6],[30.67,51.81],[30.98,52.05],[31.35,52.11],[32.12,52.05],[32.51,52.31],[32.9,52.26],[33.15,52.34],[33.74,52.34],[33.92,52.25],[34.11,51.98],[34.4,51.78],[34.12,51.68],[34.23,51.24],[34.71,51.17],[35.06,51.2],[35.31,51.04],[35.44,50.73],[35.41,50.54],[35.67,50.35],[35.89,50.44],[36.62,50.21],[36.76,50.29],[37.42,50.41],[37.7,50.11],[38.05,49.92],[38.26,50.05],[38.92,49.82],[39.17,49.86],[39.78,49.57],[40.03,49.6],[40.13,49.37],[40.07,49.2],[39.69,49.01],[39.99,48.85],[39.79,48.81],[39.64,48.59],[39.84,48.54],[39.96,48.27],[39.74,47.84],[38.9,47.86],[38.72,47.71],[38.29,47.56],[38.21,47.09]]],[[[32.01,46.2],[31.7,46.21],[31.64,46.27],[32.01,46.2]]]],"type":"MultiPolygon"},"id":"UKR","properties":{"id":"UKR","name":"Ukraine"},"type":"Feature"},{"geometry":{"coordinates":[[[33.9,-1.0],[30.84,-1.0],[30.36,-1.07],[29.93,-1.47],[29.83,-1.34],[29.58,-1.36],[29.56,-0.98],[29.72,0.1],[29.93,0.5],[29.94,0.82],[30.18,0.97],[30.94,1.68],[31.25,2.04],[31.18,2.27],[30.73,2.46],[30.85,2.85],[30.75,3.04],[30.93,3.63],[31.15,3.79],[31.48,3.68],[31.8,3.8],[31.94,3.61],[32.16,3.53],[32.34,3.71],[33.0,3.88],[33.15,3.77],[33.49,3.76],[33.98,4.22],[34.17,3.81],[34.39,3.69],[34.45,3.16],[34.74,2.82],[34.91,2.48],[34.97,1.64],[34.79,1.23],[34.48,1.04],[34.16,0.61],[33.94,0.17],[33.9,-1.0]]],"type":"Polygon"},"id":"UGA","properties":{"id":"UGA","name":"Uganda"},"type":"Feature"},{"geometry":{"coordinates":[[[[53.11,38.8],[53.05,38.9],[53.06,39.04],[53.11,38.8]]],[[[55.98,41.32],[57.02,41.26],[56.96,41.86],[57.38,42.16],[57.81,42.19],[58.03,42.49],[58.49,42.32],[58.15,42.63],[58.48,42.66],[58.59,42.78],[58.88,42.56],[59.12,42.52],[59.45,42.3],[59.86,42.3],[60.01,42.19],[59.96,41.95],[60.19,41.83],[60.08,41.7],[60.09,41.4],[60.45,41.22],[60.75,41.25],[61.33,41.2],[61.5,41.28],[61.95,41.03],[62.1,40.68],[62.38,40.33],[62.44,40.04],[62.65,39.86],[63.51,39.38],[63.72,39.19],[64.16,38.95],[64.31,38.98],[64.66,38.74],[65.61,38.24],[65.86,38.27],[66.63,37.93],[66.53,37.79],[66.52,37.35],[66.11,37.41],[65.77,37.57],[65.55,37.25],[65.09,37.24],[64.82,37.13],[64.51,36.34],[63.86,36.01],[63.11,35.82],[63.17,35.68],[63.06,35.45],[62.61,35.23],[62.31,35.17],[61.98,35.44],[61.54,35.46],[61.26,35.62],[61.12,36.64],[60.34,36.64],[60.06,36.96],[59.56,37.18],[59.3,37.51],[58.82,37.68],[58.44,37.64],[58.11,37.78],[57.34,37.99],[57.19,38.22],[56.44,38.25],[56.23,38.07],[55.58,38.1],[55.08,37.9],[54.85,37.72],[54.75,37.5],[54.19,37.33],[53.91,37.34],[53.82,37.93],[53.87,38.95],[53.7,39.21],[53.34,39.34],[53.16,39.26],[53.24,39.61],[53.6,39.55],[53.47,39.67],[53.49,39.91],[52.99,39.99],[52.9,39.91],[52.73,40.4],[52.94,41.04],[53.15,40.82],[53.62,40.82],[53.76,40.67],[54.38,40.69],[54.32,40.83],[54.71,40.89],[54.59,41.19],[54.09,41.52],[53.85,42.09],[53.62,42.14],[53.16,42.09],[52.97,41.98],[52.88,41.65],[52.86,41.21],[52.49,41.78],[52.87,42.06],[53.25,42.21],[54.12,42.34],[54.68,42.08],[54.9,41.92],[55.25,41.46],[55.55,41.26],[55.98,41.32]]]],"type":"MultiPolygon"},"id":"TKM","properties":{"id":"TKM","name":"Turkmenistan"},"type":"Feature"},{"geometry":{"coordinates":[[[[25.97,40.14],[25.74,40.11],[25.92,40.24],[25.97,40.14]]],[[[41.51,41.52],[42.47,41.44],[42.79,41.56],[43.43,41.16],[43.72,40.72],[43.57,40.48],[43.71,40.17],[44.01,40.01],[44.29,40.04],[44.73,39.75],[44.46,39.67],[44.39,39.42],[44.02,39.38],[44.27,38.84],[44.32,38.37],[44.43,38.36],[44.21,37.91],[44.56,37.74],[44.57,37.44],[44.79,37.29],[44.28,36.98],[44.21,37.2],[44.01,37.31],[43.84,37.22],[43.52,37.24],[43.09,37.37],[42.77,37.37],[42.36,37.11],[42.27,37.28],[41.52,37.09],[40.71,37.1],[40.02,36.83],[39.36,36.68],[38.77,36.69],[38.44,36.86],[38.19,36.9],[37.44,36.64],[37.07,36.65],[36.66,36.8],[36.54,36.46],[36.64,36.23],[36.38,36.17],[36.15,35.83],[35.96,36.0],[35.81,36.31],[36.19,36.66],[36.05,36.91],[35.54,36.6],[35.18,36.63],[34.81,36.8],[34.6,36.78],[34.3,36.6],[34.02,36.34],[33.69,36.18],[32.93,36.1],[32.79,36.04],[32.38,36.18],[32.02,36.54],[31.35,36.8],[30.64,36.87],[30.48,36.31],[30.23,36.31],[29.69,36.16],[29.14,36.4],[29.04,36.69],[28.72,36.7],[28.3,36.81],[27.66,36.67],[27.45,36.71],[27.93,36.81],[28.24,37.03],[27.35,37.02],[27.54,37.16],[27.22,37.39],[27.08,37.69],[27.22,37.73],[27.23,37.98],[26.68,38.2],[26.29,38.28],[26.51,38.63],[26.6,38.42],[27.1,38.42],[26.84,38.56],[26.76,38.71],[27.01,38.89],[26.68,39.29],[26.91,39.52],[26.83,39.56],[26.11,39.47],[26.18,39.99],[26.31,40.03],[26.74,40.4],[27.28,40.46],[27.48,40.32],[27.85,40.38],[28.63,40.38],[29.06,40.42],[28.79,40.53],[28.96,40.63],[29.84,40.74],[29.36,40.81],[29.05,41.01],[29.15,41.22],[29.92,41.15],[30.34,41.2],[30.81,41.08],[31.25,41.11],[31.46,41.32],[32.09,41.59],[32.31,41.73],[33.38,42.02],[34.75,41.96],[35.01,42.06],[35.3,41.73],[35.56,41.63],[36.05,41.68],[36.18,41.43],[36.51,41.26],[36.78,41.36],[37.07,41.18],[37.77,41.08],[38.38,40.92],[39.43,41.11],[39.81,40.98],[40.27,40.96],[40.96,41.21],[41.51,41.52]]],[[[28.01,41.97],[27.99,41.85],[28.35,41.47],[29.06,41.23],[28.96,41.01],[28.78,40.97],[28.17,41.08],[27.93,40.99],[27.5,40.97],[27.26,40.69],[26.77,40.5],[26.2,40.08],[26.25,40.31],[26.79,40.63],[26.11,40.61],[26.04,40.73],[26.33,40.95],[26.33,41.24],[26.62,41.4],[26.58,41.6],[26.32,41.72],[26.62,41.96],[27.29,42.08],[27.53,41.92],[28.01,41.97]]]],"type":"MultiPolygon"},"id":"TUR","properties":{"id":"TUR","name":"Turkey"},"type":"Feature"},{"geometry":{"coordinates":[[[[11.5,33.18],[11.45,32.64],[11.5,32.41],[10.83,32.08],[10.48,31.74],[10.31,31.7],[10.11,31.46],[10.24,31.03],[10.22,30.78],[9.9,30.39],[9.52,30.23],[9.04,32.07],[8.33,32.54],[8.21,32.93],[8.08,33.09],[7.73,33.27],[7.5,33.83],[7.51,34.08],[7.84,34.41],[8.12,34.56],[8.25,34.73],[8.39,35.2],[8.25,35.87],[8.35,36.37],[8.21,36.5],[8.58,36.94],[8.82,37.0],[9.14,37.19],[9.69,37.34],[10.2,37.21],[10.19,37.03],[10.41,36.73],[10.57,36.88],[11.05,37.07],[11.13,36.87],[10.8,36.49],[10.53,36.32],[10.48,36.18],[10.59,35.89],[11.0,35.63],[11.12,35.24],[10.87,34.88],[10.53,34.54],[10.06,34.21],[10.16,33.85],[10.45,33.66],[10.71,33.69],[10.72,33.51],[10.96,33.63],[11.08,33.56],[11.2,33.25],[11.5,33.18]]],[[[11.28,34.75],[11.12,34.68],[11.25,34.82],[11.28,34.75]]],[[[10.96,33.72],[10.72,33.74],[10.92,33.89],[10.96,33.72]]]],"type":"MultiPolygon"},"id":"TUN","properties":{"id":"TUN","name":"Tunisia"},"type":"Feature"},{"geometry":{"coordinates":[[[[-60.76,11.18],[-60.71,11.28],[-60.55,11.26],[-60.76,11.18]]],[[[-61.01,10.13],[-61.17,10.08],[-61.91,10.07],[-61.5,10.27],[-61.46,10.54],[-61.64,10.7],[-61.37,10.8],[-60.92,10.84],[-61.03,10.67],[-61.01,10.13]]]],"type":"MultiPolygon"},"id":"TTO","properties":{"id":"TTO","name":"Trinidad and Tobago"},"type":"Feature"},{"geometry":{"coordinates":[[[[-175.16,-21.17],[-175.16,-21.26],[-175.36,-21.11],[-175.16,-21.17]]],[[[-173.95,-18.64],[-174.07,-18.64],[-174.0,-18.57],[-173.95,-18.64]]],[[[-174.91,-21.3],[-174.92,-21.45],[-174.97,-21.35],[-174.91,-21.3]]]],"type":"MultiPolygon"},"id":"TON","properties":{"id":"TON","name":"Tonga"},"type":"Feature"},{"geometry":{"coordinates":[[[0.9,10.99],[0.79,10.71],[0.78,10.36],[1.33,10.0],[1.42,9.29],[1.6,9.05],[1.62,8.27],[1.62,7.0],[1.53,6.99],[1.58,6.69],[1.78,6.29],[1.19,6.09],[0.98,6.32],[0.74,6.45],[0.53,6.85],[0.63,7.35],[0.5,7.55],[0.61,7.73],[0.58,8.15],[0.69,8.3],[0.37,8.76],[0.49,8.85],[0.53,9.36],[0.23,9.46],[0.32,9.69],[0.38,10.29],[-0.06,10.63],[0.01,11.02],[-0.07,11.12],[0.48,10.99],[0.9,10.99]]],"type":"Polygon"},"id":"TGO","properties":{"id":"TGO","name":"Togo"},"type":"Feature"},{"geometry":{"coordinates":[[[[125.65,-8.14],[125.58,-8.31],[125.51,-8.28],[125.65,-8.14]]],[[[125.07,-9.51],[124.98,-9.19],[125.15,-9.12],[124.92,-8.94],[125.18,-8.65],[125.8,-8.49],[126.62,-8.46],[126.97,-8.32],[127.3,-8.42],[126.92,-8.72],[126.38,-8.96],[126.16,-9.0],[125.41,-9.28],[125.07,-9.51]]],[[[124.04,-9.34],[124.44,-9.19],[124.28,-9.43],[124.04,-9.34]]]],"type":"MultiPolygon"},"id":"TLS","properties":{"id":"TLS","name":"Timor-Leste"},"type":"Feature"},{"geometry":{"coordinates":[[[[102.61,11.68],[102.59,11.57],[102.53,11.61],[102.61,11.68]]],[[[102.43,11.99],[102.3,11.98],[102.32,12.14],[102.43,11.99]]],[[[98.41,7.9],[98.3,7.78],[98.3,8.14],[98.41,7.9]]],[[[100.12,20.32],[100.32,20.39],[100.54,20.09],[100.4,19.76],[100.63,19.5],[100.97,19.61],[101.21,19.55],[101.29,18.98],[101.05,18.41],[101.11,18.03],[100.91,17.58],[101.11,17.48],[101.69,17.89],[101.77,18.03],[102.1,18.21],[102.72,17.89],[103.05,18.03],[103.25,18.37],[103.49,18.42],[103.95,18.32],[104.43,17.7],[104.74,17.46],[104.82,17.3],[104.75,16.65],[105.05,16.16],[105.41,15.99],[105.4,15.83],[105.62,15.7],[105.51,15.36],[105.55,14.93],[105.48,14.53],[105.07,14.23],[104.78,14.43],[104.41,14.37],[103.82,14.36],[103.6,14.42],[103.2,14.33],[102.91,14.14],[102.55,13.59],[102.32,13.54],[102.33,13.29],[102.46,13.02],[102.5,12.67],[102.76,12.43],[102.76,12.01],[102.54,12.11],[102.03,12.53],[101.72,12.69],[101.44,12.62],[100.86,12.71],[100.96,13.43],[100.66,13.52],[100.24,13.48],[100.02,13.35],[100.09,13.05],[99.96,12.69],[99.99,12.17],[99.63,11.46],[99.49,10.89],[99.17,10.32],[99.16,9.73],[99.39,9.21],[99.72,9.31],[99.9,9.11],[99.96,8.67],[100.28,8.27],[100.45,7.44],[100.32,7.72],[100.16,7.73],[100.2,7.5],[100.42,7.19],[100.59,7.18],[101.02,6.86],[101.5,6.87],[101.8,6.47],[102.1,6.24],[101.87,5.83],[101.56,5.91],[101.11,5.64],[100.98,5.77],[101.08,5.96],[101.05,6.24],[100.87,6.25],[100.79,6.43],[100.35,6.55],[100.18,6.67],[100.12,6.44],[99.7,6.88],[99.72,7.11],[99.6,7.36],[99.36,7.37],[99.05,7.89],[98.79,8.06],[98.58,8.34],[98.42,8.18],[98.24,8.42],[98.24,8.77],[98.37,9.29],[98.77,10.43],[98.76,10.66],[99.19,11.11],[99.61,11.78],[99.46,12.19],[99.41,12.55],[99.22,12.74],[99.11,13.1],[99.18,13.23],[99.14,13.72],[98.93,14.05],[98.57,14.36],[98.25,14.81],[98.19,15.2],[98.57,15.4],[98.59,16.05],[98.82,16.18],[98.84,16.42],[98.69,16.31],[98.48,16.73],[98.44,16.98],[97.79,17.68],[97.72,18.04],[97.48,18.49],[97.75,18.62],[97.71,18.93],[97.8,19.13],[97.82,19.46],[98.02,19.75],[98.24,19.69],[98.92,19.77],[99.02,20.04],[99.5,20.19],[99.46,20.36],[99.64,20.32],[99.89,20.42],[100.12,20.32]]],[[[100.07,9.7],[100.0,9.75],[100.04,9.79],[100.07,9.7]]],[[[100.07,9.59],[99.96,9.42],[99.95,9.58],[100.07,9.59]]],[[[99.66,6.52],[99.61,6.6],[99.65,6.71],[99.66,6.52]]],[[[98.59,7.93],[98.53,8.11],[98.6,8.06],[98.59,7.93]]],[[[98.31,9.05],[98.25,9.04],[98.3,9.14],[98.31,9.05]]],[[[99.08,7.59],[99.1,7.47],[99.04,7.55],[99.08,7.59]]]],"type":"MultiPolygon"},"id":"THA","properties":{"id":"THA","name":"Thailand"},"type":"Feature"},{"geometry":{"coordinates":[[[[39.5,-6.17],[39.57,-6.39],[39.24,-6.28],[39.19,-5.93],[39.31,-5.72],[39.5,-6.17]]],[[[39.87,-4.91],[39.85,-5.26],[39.65,-5.37],[39.67,-4.93],[39.87,-4.91]]],[[[32.92,-9.41],[32.43,-9.16],[31.94,-9.05],[31.67,-8.91],[31.35,-8.61],[31.08,-8.61],[30.83,-8.39],[30.31,-7.2],[30.11,-6.92],[29.71,-6.62],[29.54,-6.31],[29.48,-6.03],[29.59,-5.65],[29.34,-4.98],[29.4,-4.45],[29.72,-4.46],[30.15,-4.09],[30.43,-3.59],[30.79,-3.27],[30.78,-2.98],[30.52,-2.92],[30.42,-2.64],[30.55,-2.4],[30.83,-2.34],[30.81,-1.56],[30.47,-1.13],[30.84,-1.0],[33.98,-1.0],[37.64,-3.05],[37.61,-3.46],[37.8,-3.67],[39.22,-4.69],[38.98,-5.52],[38.82,-5.88],[38.87,-6.33],[39.47,-6.88],[39.55,-7.02],[39.29,-7.52],[39.29,-7.79],[39.44,-8.01],[39.3,-8.44],[39.45,-8.94],[39.64,-9.19],[39.63,-9.41],[39.78,-9.91],[40.46,-10.46],[39.99,-10.82],[39.32,-11.12],[38.79,-11.23],[38.49,-11.41],[38.18,-11.28],[37.92,-11.29],[37.83,-11.48],[37.37,-11.71],[36.87,-11.57],[36.52,-11.72],[36.19,-11.67],[36.08,-11.54],[35.79,-11.45],[35.63,-11.58],[34.96,-11.58],[34.6,-11.04],[34.67,-10.79],[34.52,-10.03],[34.32,-9.73],[34.0,-9.5],[33.94,-9.67],[33.42,-9.61],[32.92,-9.41]]],[[[39.71,-7.98],[39.6,-7.94],[39.85,-7.73],[39.71,-7.98]]]],"type":"MultiPolygon"},"id":"TZA","properties":{"id":"TZA","name":"Tanzania"},"type":"Feature"},{"geometry":{"coordinates":[[[[67.76,37.17],[67.81,37.49],[68.34,38.12],[68.14,38.38],[68.05,38.67],[68.1,38.96],[67.68,39.01],[67.62,39.15],[67.35,39.24],[67.43,39.47],[67.72,39.62],[68.46,39.54],[68.64,39.84],[68.87,39.91],[68.93,40.14],[68.65,40.18],[69.27,40.2],[69.21,40.57],[69.41,40.8],[69.71,40.66],[70.29,40.89],[70.44,41.02],[70.75,40.74],[70.38,40.45],[70.65,40.2],[70.96,40.24],[70.45,40.05],[69.97,40.2],[69.53,40.1],[69.43,39.91],[69.31,39.97],[69.23,39.76],[69.3,39.52],[69.6,39.57],[70.61,39.56],[70.73,39.41],[71.47,39.6],[71.81,39.28],[72.04,39.35],[72.23,39.21],[72.36,39.34],[72.64,39.39],[73.23,39.37],[73.63,39.45],[73.61,39.23],[73.8,39.0],[73.7,38.85],[73.8,38.61],[74.03,38.54],[74.28,38.66],[74.75,38.51],[74.84,38.4],[74.79,38.1],[74.94,37.77],[74.89,37.6],[75.12,37.39],[74.89,37.23],[74.66,37.39],[74.26,37.42],[73.75,37.23],[73.72,37.42],[73.48,37.47],[73.21,37.41],[72.76,37.17],[72.66,37.03],[72.36,36.98],[71.73,36.68],[71.6,36.73],[71.43,37.13],[71.55,37.93],[71.28,37.92],[71.26,38.31],[70.88,38.46],[70.62,38.33],[70.21,37.92],[70.25,37.66],[70.12,37.54],[69.94,37.6],[69.49,37.55],[69.41,37.21],[69.26,37.11],[68.96,37.33],[68.67,37.26],[68.07,36.95],[67.76,37.17]]],[[[70.65,40.94],[70.55,41.01],[70.62,41.0],[70.65,40.94]]],[[[70.7,39.83],[70.56,39.79],[70.48,39.88],[70.7,39.83]]]],"type":"MultiPolygon"},"id":"TJK","properties":{"id":"TJK","name":"Tajikistan"},"type":"Feature"},{"geometry":{"coordinates":[[[[121.01,22.62],[120.9,22.38],[120.84,21.93],[120.74,21.96],[120.58,22.36],[120.33,22.54],[120.07,23.15],[120.16,23.71],[120.63,24.48],[121.04,25.03],[121.59,25.28],[121.93,24.97],[121.82,24.82],[121.83,24.53],[121.64,24.13],[121.48,23.42],[121.3,22.97],[121.01,22.62]]],[[[118.41,24.52],[118.43,24.41],[118.3,24.44],[118.41,24.52]]]],"type":"MultiPolygon"},"id":"TWN","properties":{"id":"TWN","name":"Taiwan"},"type":"Feature"},{"geometry":{"coordinates":[[[35.89,35.92],[36.15,35.83],[36.38,36.17],[36.64,36.23],[36.54,36.46],[36.66,36.8],[37.07,36.65],[37.44,36.64],[38.19,36.9],[38.44,36.86],[38.77,36.69],[39.36,36.68],[40.02,36.83],[40.71,37.1],[41.52,37.09],[42.27,37.28],[42.35,37.06],[41.79,36.6],[41.42,36.51],[41.3,36.38],[41.25,36.07],[41.35,35.64],[41.22,35.29],[41.19,34.77],[40.99,34.43],[40.69,34.33],[38.77,33.37],[36.82,32.32],[36.37,32.39],[35.79,32.73],[35.89,32.94],[35.79,33.29],[36.02,33.56],[35.94,33.67],[36.09,33.83],[36.35,33.83],[36.3,33.96],[36.58,34.22],[36.43,34.61],[35.98,34.63],[35.9,34.85],[35.94,35.22],[35.76,35.57],[35.89,35.92]]],"type":"Polygon"},"id":"SYR","properties":{"id":"SYR","name":"Syria"},"type":"Feature"},{"geometry":{"coordinates":[[[9.52,47.52],[9.63,47.47],[9.49,47.06],[9.85,47.01],[10.18,46.86],[10.45,46.9],[10.43,46.55],[10.09,46.6],[10.15,46.25],[9.94,46.36],[9.53,46.31],[9.43,46.48],[9.26,46.48],[9.25,46.29],[9.02,46.05],[8.95,45.83],[8.46,46.25],[8.37,46.45],[8.08,46.26],[8.13,46.16],[7.79,45.92],[7.54,45.98],[7.13,45.88],[6.77,46.17],[6.76,46.42],[6.43,46.43],[6.09,46.15],[6.06,46.43],[6.16,46.61],[6.41,46.76],[6.46,46.95],[6.62,47.0],[7.0,47.32],[7.05,47.49],[7.42,47.46],[7.49,47.55],[8.41,47.59],[8.62,47.77],[8.88,47.66],[9.18,47.67],[9.52,47.52]]],"type":"Polygon"},"id":"CHE","properties":{"id":"CHE","name":"Switzerland"},"type":"Feature"},{"geometry":{"coordinates":[[[[19.08,57.84],[18.81,57.71],[18.91,57.4],[18.15,56.92],[18.29,57.08],[18.11,57.27],[18.14,57.56],[18.54,57.83],[18.9,57.92],[19.08,57.84]]],[[[16.53,56.29],[16.4,56.31],[16.41,56.57],[16.73,56.9],[17.03,57.35],[17.12,57.32],[16.78,56.81],[16.53,56.29]]],[[[11.39,59.04],[11.64,58.93],[11.8,59.29],[11.68,59.59],[11.93,59.86],[12.17,59.91],[12.49,60.11],[12.59,60.45],[12.29,61.0],[12.68,61.05],[12.88,61.35],[12.6,61.54],[12.16,61.72],[12.3,62.29],[12.11,62.59],[12.11,62.92],[12.22,63.0],[12.0,63.29],[12.21,63.49],[12.18,63.6],[12.66,63.94],[13.3,64.07],[13.96,64.01],[14.14,64.17],[14.08,64.46],[13.65,64.58],[14.12,64.95],[14.48,65.3],[14.64,65.85],[14.54,66.13],[15.15,66.19],[15.48,66.31],[15.42,66.49],[16.4,67.05],[16.43,67.16],[16.13,67.43],[16.59,67.63],[16.78,67.9],[17.32,68.1],[17.92,67.96],[18.18,68.2],[18.16,68.53],[18.38,68.56],[19.97,68.36],[20.24,68.48],[19.97,68.54],[20.32,68.75],[20.34,68.9],[20.12,69.02],[20.62,69.04],[22.0,68.52],[22.78,68.39],[23.64,67.95],[23.5,67.88],[23.47,67.45],[23.73,67.42],[23.62,67.18],[23.99,66.81],[23.7,66.48],[23.75,66.19],[23.91,66.15],[24.16,65.81],[23.69,65.83],[23.1,65.74],[22.75,65.87],[22.37,65.84],[22.25,65.6],[21.92,65.53],[21.88,65.42],[21.57,65.41],[21.58,65.16],[21.14,64.81],[21.52,64.46],[21.02,64.18],[20.76,63.87],[20.2,63.66],[19.91,63.61],[19.72,63.46],[19.35,63.48],[19.03,63.24],[18.61,63.18],[18.46,62.9],[17.9,62.83],[18.04,62.6],[17.57,62.45],[17.41,62.51],[17.51,62.17],[17.37,61.87],[17.47,61.68],[17.2,61.72],[17.13,61.58],[17.25,60.7],[17.66,60.54],[17.96,60.59],[18.25,60.36],[18.79,60.08],[18.97,59.76],[18.22,59.42],[18.13,59.32],[18.51,59.41],[18.29,59.11],[17.46,58.86],[16.98,58.65],[16.21,58.64],[16.79,58.59],[16.92,58.49],[16.65,58.43],[16.77,58.21],[16.69,57.92],[16.56,57.81],[16.65,57.5],[16.48,57.27],[16.53,57.07],[16.35,56.71],[16.0,56.22],[15.83,56.12],[15.63,56.19],[14.71,56.13],[14.22,55.83],[14.34,55.53],[14.17,55.4],[13.81,55.43],[13.32,55.35],[12.89,55.41],[12.94,55.81],[12.51,56.29],[12.8,56.26],[12.66,56.44],[12.86,56.45],[12.88,56.62],[12.42,56.91],[11.96,57.43],[11.88,57.68],[11.73,57.72],[11.7,57.97],[11.45,58.12],[11.43,58.34],[11.27,58.48],[11.2,59.08],[11.39,59.04]]],[[[19.16,57.92],[19.13,57.98],[19.33,57.96],[19.16,57.92]]],[[[18.42,59.03],[18.4,59.09],[18.49,59.1],[18.42,59.03]]],[[[18.6,59.47],[18.62,59.55],[18.7,59.52],[18.6,59.47]]]],"type":"MultiPolygon"},"id":"SWE","properties":{"id":"SWE","name":"Sweden"},"type":"Feature"},{"geometry":{"coordinates":[[[31.95,-25.96],[32.06,-26.02],[32.04,-26.28],[32.11,-26.84],[31.99,-26.82],[31.96,-27.31],[31.47,-27.3],[31.06,-27.11],[30.79,-26.76],[30.8,-26.41],[31.21,-25.84],[31.42,-25.75],[31.87,-25.98],[31.95,-25.96]]],"type":"Polygon"},"id":"SWZ","properties":{"id":"SWZ","name":"eSwatini"},"type":"Feature"},{"geometry":{"coordinates":[[[-54.16,5.36],[-54.45,5.01],[-54.45,4.49],[-54.35,4.05],[-53.99,3.59],[-54.2,3.14],[-54.2,2.82],[-54.4,2.46],[-54.66,2.33],[-54.98,2.6],[-55.39,2.44],[-55.73,2.41],[-55.94,2.52],[-56.13,2.3],[-55.92,2.04],[-56.02,1.84],[-56.7,2.04],[-57.21,2.88],[-57.3,3.38],[-57.55,3.35],[-57.83,3.68],[-58.05,4.17],[-57.85,4.67],[-57.92,4.82],[-57.71,4.99],[-57.33,5.02],[-57.21,5.21],[-57.32,5.34],[-56.97,5.99],[-56.47,5.94],[-55.94,5.8],[-55.83,5.96],[-54.83,5.99],[-54.05,5.81],[-54.16,5.36]]],"type":"Polygon"},"id":"SUR","properties":{"id":"SUR","name":"Suriname"},"type":"Feature"},{"geometry":{"coordinates":[[[33.98,4.22],[33.49,3.76],[33.15,3.77],[33.0,3.88],[32.34,3.71],[32.16,3.53],[31.94,3.61],[31.8,3.8],[31.48,3.68],[31.15,3.79],[30.84,3.49],[30.59,3.62],[30.51,3.84],[30.19,3.98],[29.68,4.59],[29.47,4.61],[29.15,4.39],[28.73,4.5],[28.43,4.32],[28.19,4.35],[27.79,4.64],[27.26,5.29],[27.21,5.62],[27.08,5.78],[26.51,6.07],[26.31,6.46],[26.36,6.64],[25.89,7.06],[25.38,7.33],[25.19,7.52],[25.25,7.72],[24.85,8.14],[24.29,8.29],[24.18,8.46],[24.21,8.77],[24.53,8.89],[24.79,9.77],[25.0,10.06],[25.07,10.29],[25.8,10.42],[25.89,10.2],[26.17,9.97],[26.55,9.53],[26.76,9.5],[27.07,9.61],[27.89,9.6],[28.05,9.33],[28.84,9.33],[29.0,9.61],[29.47,9.77],[29.61,10.07],[30.0,10.28],[30.47,9.98],[30.74,9.74],[31.22,9.8],[31.65,10.22],[31.93,10.66],[32.4,11.06],[32.34,11.72],[32.07,12.01],[32.74,12.01],[32.72,12.22],[33.2,12.22],[33.07,11.59],[33.17,10.85],[33.89,10.2],[33.96,9.85],[33.89,9.46],[34.08,9.46],[34.09,8.58],[33.95,8.44],[33.23,8.4],[33.01,7.95],[33.23,7.76],[33.67,7.67],[33.9,7.51],[34.06,7.23],[34.71,6.66],[35.08,5.67],[35.27,5.49],[33.98,4.22]]],"type":"Polygon"},"id":"SDS","properties":{"id":"SDS","name":"S. Sudan"},"type":"Feature"},{"geometry":{"coordinates":[[[34.08,9.46],[33.89,9.46],[33.96,9.85],[33.89,10.2],[33.17,10.85],[33.07,11.59],[33.2,12.22],[32.72,12.22],[32.74,12.01],[32.07,12.01],[32.34,11.72],[32.4,11.06],[31.93,10.66],[31.65,10.22],[31.22,9.8],[30.74,9.74],[30.47,9.98],[30.0,10.28],[29.61,10.07],[29.47,9.77],[29.0,9.61],[28.84,9.33],[28.05,9.33],[27.89,9.6],[27.07,9.61],[26.76,9.5],[26.55,9.53],[26.17,9.97],[25.89,10.2],[25.8,10.42],[25.07,10.29],[25.0,10.06],[24.79,9.77],[24.53,8.89],[24.15,8.67],[23.68,8.73],[23.54,8.82],[23.47,9.11],[23.62,9.34],[23.65,9.82],[23.31,10.39],[22.86,10.92],[22.92,11.34],[22.56,11.67],[22.58,11.99],[22.49,12.04],[22.35,12.66],[22.0,12.67],[21.83,12.79],[21.99,13.11],[22.23,13.33],[22.11,13.73],[22.17,13.91],[22.51,14.13],[22.38,14.55],[22.67,14.72],[22.76,15.0],[22.93,15.16],[22.93,15.53],[23.11,15.7],[23.98,15.78],[23.98,20.0],[24.98,20.0],[24.98,22.0],[31.21,21.99],[31.36,22.19],[31.43,22.0],[36.87,22.0],[36.93,21.59],[37.21,21.19],[37.15,21.1],[37.23,20.56],[37.19,20.12],[37.25,19.58],[37.47,18.82],[37.92,18.56],[38.2,18.25],[38.61,18.01],[38.25,17.58],[37.78,17.46],[37.51,17.29],[37.41,17.06],[37.01,17.06],[36.89,16.62],[36.91,16.3],[36.52,15.25],[36.43,15.13],[36.52,14.26],[36.39,13.63],[36.21,13.27],[36.11,12.73],[35.82,12.68],[35.6,12.54],[35.25,11.96],[35.11,11.82],[34.96,11.28],[34.93,10.86],[34.77,10.75],[34.57,10.88],[34.28,10.53],[34.29,10.12],[34.12,9.73],[34.08,9.46]]],"type":"Polygon"},"id":"SDN","properties":{"id":"SDN","name":"Sudan"},"type":"Feature"},{"geometry":{"coordinates":[[[[79.97,9.63],[79.91,9.62],[79.89,9.74],[79.97,9.63]]],[[[79.87,9.05],[79.9,8.98],[79.75,9.1],[79.87,9.05]]],[[[79.98,9.81],[80.25,9.8],[80.71,9.37],[81.37,8.43],[81.44,8.12],[81.67,7.78],[81.87,7.29],[81.86,6.9],[81.64,6.43],[81.38,6.24],[80.72,5.98],[80.27,6.01],[80.1,6.15],[79.86,6.83],[79.79,7.59],[79.71,8.07],[79.81,8.05],[79.94,8.69],[79.93,8.9],[80.06,9.1],[80.09,9.58],[79.98,9.81]]]],"type":"MultiPolygon"},"id":"LKA","properties":{"id":"LKA","name":"Sri Lanka"},"type":"Feature"},{"geometry":{"coordinates":[[[[1.59,38.67],[1.41,38.67],[1.44,38.77],[1.59,38.67]]],[[[3.15,39.79],[3.45,39.76],[3.24,39.39],[3.07,39.3],[2.77,39.41],[2.63,39.56],[2.37,39.61],[2.78,39.85],[3.16,39.97],[3.15,39.79]]],[[[4.29,39.84],[3.84,39.98],[3.85,40.06],[4.23,40.03],[4.29,39.84]]],[[[1.45,38.92],[1.22,38.9],[1.35,39.08],[1.62,39.04],[1.45,38.92]]],[[[-1.79,43.41],[-1.41,43.24],[-1.48,43.07],[-0.76,42.94],[-0.59,42.8],[-0.3,42.83],[-0.04,42.69],[0.63,42.69],[0.7,42.85],[1.35,42.69],[1.49,42.43],[1.71,42.5],[2.03,42.35],[2.2,42.42],[2.65,42.34],[2.97,42.47],[3.21,42.43],[3.25,41.94],[3.0,41.77],[2.31,41.47],[2.08,41.29],[1.03,41.06],[0.71,40.82],[0.89,40.72],[0.6,40.61],[-0.08,39.88],[-0.33,39.52],[-0.2,39.06],[0.2,38.76],[-0.38,38.44],[-0.65,38.15],[-0.82,37.58],[-1.33,37.56],[-1.8,37.23],[-1.94,36.95],[-2.19,36.75],[-2.6,36.81],[-2.79,36.71],[-3.26,36.76],[-4.37,36.72],[-4.67,36.51],[-5.17,36.42],[-5.36,36.13],[-5.63,36.03],[-6.04,36.19],[-6.27,36.6],[-6.38,36.64],[-6.49,36.95],[-6.88,37.19],[-7.41,37.18],[-7.5,37.59],[-7.11,38.18],[-7.34,38.46],[-7.28,38.71],[-7.0,39.06],[-7.17,39.14],[-7.34,39.47],[-7.54,39.66],[-7.04,39.71],[-6.9,40.02],[-7.01,40.21],[-6.81,40.34],[-6.82,40.65],[-6.93,41.01],[-6.21,41.53],[-6.54,41.67],[-6.62,41.94],[-7.15,41.98],[-7.4,41.83],[-8.22,41.9],[-8.21,42.13],[-8.88,41.95],[-8.89,42.11],[-8.69,42.27],[-8.81,42.64],[-8.99,42.59],[-8.93,42.8],[-9.24,42.98],[-9.18,43.17],[-8.87,43.33],[-8.54,43.34],[-8.25,43.44],[-8.26,43.58],[-7.7,43.76],[-7.26,43.59],[-6.08,43.59],[-5.85,43.65],[-4.52,43.42],[-3.6,43.52],[-3.05,43.37],[-2.88,43.45],[-2.34,43.33],[-1.79,43.41]]],[[[-16.33,28.38],[-16.42,28.15],[-16.66,28.01],[-16.91,28.34],[-16.52,28.41],[-16.32,28.56],[-16.12,28.53],[-16.33,28.38]]],[[[-13.72,28.91],[-13.79,29.06],[-13.54,29.14],[-13.48,29.01],[-13.72,28.91]]],[[[-14.2,28.17],[-14.23,28.22],[-13.95,28.74],[-13.83,28.59],[-13.93,28.25],[-14.2,28.17]]],[[[-15.4,28.15],[-15.39,27.87],[-15.71,27.78],[-15.81,27.99],[-15.68,28.15],[-15.4,28.15]]],[[[-17.18,28.02],[-17.32,28.12],[-17.13,28.16],[-17.18,28.02]]],[[[-17.89,27.81],[-17.98,27.65],[-18.16,27.76],[-17.89,27.81]]],[[[-17.83,28.49],[-18.0,28.76],[-17.74,28.79],[-17.83,28.49]]]],"type":"MultiPolygon"},"id":"ESP","properties":{"id":"ESP","name":"Spain"},"type":"Feature"},{"geometry":{"coordinates":[[[[126.63,37.78],[126.67,37.92],[127.01,38.24],[127.17,38.3],[128.04,38.31],[128.37,38.62],[128.62,38.18],[129.05,37.68],[129.34,37.27],[129.47,36.74],[129.4,36.05],[129.57,36.05],[129.42,35.5],[129.21,35.18],[128.98,35.1],[128.51,35.1],[128.44,34.87],[128.04,35.02],[127.71,34.95],[127.63,34.69],[127.4,34.82],[127.48,34.63],[127.32,34.46],[127.17,34.55],[127.25,34.76],[126.9,34.44],[126.75,34.51],[126.53,34.31],[126.48,34.49],[126.26,34.67],[126.52,34.7],[126.29,35.15],[126.49,35.5],[126.49,35.65],[126.72,35.77],[126.69,36.01],[126.54,36.17],[126.49,36.69],[126.18,36.69],[126.22,36.87],[126.58,37.02],[126.96,36.91],[126.75,37.19],[126.56,37.72],[126.63,37.78]]],[[[128.74,34.8],[128.49,34.87],[128.72,35.01],[128.74,34.8]]],[[[128.07,34.81],[127.87,34.73],[127.92,34.92],[128.07,34.81]]],[[[126.23,34.37],[126.25,34.56],[126.38,34.5],[126.23,34.37]]],[[[126.52,37.74],[126.42,37.62],[126.41,37.82],[126.52,37.74]]],[[[126.75,34.34],[126.65,34.35],[126.7,34.4],[126.75,34.34]]],[[[127.8,34.62],[127.74,34.63],[127.79,34.68],[127.8,34.62]]],[[[126.42,36.49],[126.34,36.47],[126.32,36.61],[126.42,36.49]]],[[[126.17,34.73],[126.01,34.87],[126.08,34.91],[126.17,34.73]]],[[[130.92,37.48],[130.82,37.48],[130.9,37.55],[130.92,37.48]]],[[[126.33,33.22],[126.17,33.31],[126.34,33.46],[126.7,33.55],[126.9,33.52],[126.87,33.34],[126.33,33.22]]]],"type":"MultiPolygon"},"id":"KOR","properties":{"id":"KOR","name":"South Korea"},"type":"Feature"},{"geometry":{"coordinates":[[[[29.36,-22.19],[29.66,-22.15],[30.46,-22.33],[30.92,-22.29],[31.29,-22.4],[31.53,-23.28],[31.55,-23.48],[31.8,-23.89],[31.99,-24.46],[31.98,-25.63],[31.87,-25.98],[31.42,-25.75],[31.21,-25.84],[30.8,-26.41],[30.79,-26.76],[31.06,-27.11],[31.47,-27.3],[31.96,-27.31],[31.99,-26.82],[32.89,-26.85],[32.66,-27.61],[32.53,-28.2],[32.29,-28.62],[32.03,-28.84],[31.78,-28.94],[31.34,-29.38],[31.02,-29.9],[30.29,-30.97],[29.97,-31.32],[29.74,-31.47],[29.13,-32.0],[28.86,-32.29],[27.86,-33.05],[27.08,-33.52],[26.43,-33.76],[25.99,-33.71],[25.65,-33.85],[25.64,-34.01],[25.0,-33.97],[24.83,-34.17],[23.59,-33.99],[23.27,-34.08],[22.55,-34.01],[22.25,-34.07],[21.79,-34.37],[21.25,-34.41],[21.06,-34.36],[20.53,-34.46],[20.02,-34.79],[19.63,-34.75],[19.1,-34.35],[18.83,-34.36],[18.81,-34.11],[18.53,-34.09],[18.46,-34.35],[18.35,-34.19],[18.47,-33.89],[18.26,-33.42],[17.88,-32.96],[17.85,-32.83],[18.25,-32.65],[18.33,-32.5],[18.31,-32.12],[18.21,-31.74],[17.68,-31.02],[17.19,-30.1],[16.95,-29.4],[16.48,-28.64],[16.76,-28.45],[16.93,-28.07],[17.06,-28.03],[17.39,-28.35],[17.45,-28.7],[18.1,-28.87],[18.84,-28.87],[19.16,-28.94],[19.27,-28.78],[19.67,-28.5],[19.98,-28.45],[19.98,-24.78],[20.35,-25.03],[20.79,-25.92],[20.82,-26.16],[20.63,-26.44],[20.74,-26.85],[21.65,-26.85],[22.09,-26.58],[22.22,-26.39],[22.64,-26.07],[22.88,-25.46],[23.27,-25.27],[23.52,-25.34],[23.89,-25.6],[24.75,-25.82],[25.44,-25.71],[25.58,-25.61],[25.91,-24.75],[26.45,-24.58],[26.84,-24.24],[26.99,-23.7],[27.31,-23.42],[27.76,-23.2],[28.21,-22.69],[28.84,-22.48],[29.13,-22.21],[29.36,-22.19]],[[28.74,-30.1],[29.1,-29.92],[29.39,-29.27],[29.3,-29.09],[28.95,-28.88],[28.63,-28.58],[28.23,-28.7],[27.74,-28.94],[27.29,-29.52],[27.05,-29.66],[27.36,-30.16],[27.39,-30.32],[27.75,-30.6],[28.02,-30.64],[28.39,-30.15],[28.74,-30.1]]],[[[37.86,-46.94],[37.61,-46.95],[37.68,-46.82],[37.86,-46.94]]]],"type":"MultiPolygon"},"id":"ZAF","properties":{"id":"ZAF","name":"South Africa"},"type":"Feature"},{"geometry":{"coordinates":[[[41.53,-1.7],[41.52,-1.57],[40.98,-0.87],[40.96,2.81],[41.34,3.2],[42.02,4.14],[42.79,4.29],[43.13,4.64],[43.58,4.85],[43.99,4.95],[44.94,4.91],[45.93,6.0],[46.42,6.5],[47.98,8.0],[48.94,9.45],[48.94,11.26],[49.64,11.45],[50.11,11.53],[50.79,11.98],[51.25,11.83],[51.08,11.34],[51.14,10.66],[51.38,10.39],[51.21,10.43],[50.93,10.34],[50.83,9.43],[50.43,8.85],[50.1,8.2],[49.85,7.96],[49.76,7.66],[49.35,6.99],[49.09,6.41],[49.05,6.17],[48.65,5.49],[48.23,4.95],[47.98,4.5],[46.88,3.29],[46.05,2.48],[45.83,2.31],[44.92,1.81],[44.33,1.39],[43.47,0.62],[42.56,-0.32],[41.98,-0.97],[41.53,-1.7]]],"type":"Polygon"},"id":"SOM","properties":{"id":"SOM","name":"Somalia"},"type":"Feature"},{"geometry":{"coordinates":[[[48.94,11.26],[48.94,9.45],[47.98,8.0],[46.98,8.0],[45.56,8.48],[44.02,8.99],[43.62,9.34],[43.48,9.38],[43.18,9.88],[42.84,10.2],[42.66,10.62],[43.25,11.5],[43.44,11.35],[43.85,10.78],[44.39,10.43],[44.94,10.44],[45.82,10.84],[46.57,10.75],[47.4,11.17],[48.02,11.14],[48.67,11.32],[48.94,11.26]]],"type":"Polygon"},"id":"SOL","properties":{"id":"SOL","name":"Somaliland"},"type":"Feature"},{"geometry":{"coordinates":[[[[159.69,-8.51],[159.54,-8.45],[159.59,-8.38],[159.69,-8.51]]],[[[166.93,-11.67],[166.81,-11.68],[166.86,-11.58],[166.93,-11.67]]],[[[166.13,-10.76],[165.82,-10.84],[165.91,-10.67],[166.13,-10.76]]],[[[160.58,-11.8],[160.0,-11.58],[160.0,-11.47],[160.58,-11.8]]],[[[161.55,-9.63],[161.41,-9.68],[161.41,-9.37],[161.55,-9.63]]],[[[159.19,-9.12],[159.04,-9.07],[159.13,-8.99],[159.19,-9.12]]],[[[160.17,-9.0],[160.41,-9.14],[160.11,-9.08],[160.17,-9.0]]],[[[157.76,-8.24],[157.9,-8.51],[157.82,-8.61],[157.59,-8.45],[157.56,-8.27],[157.23,-8.31],[157.43,-7.98],[157.6,-8.01],[157.76,-8.24]]],[[[158.2,-8.82],[158.21,-8.68],[158.25,-8.8],[158.2,-8.82]]],[[[158.11,-8.68],[157.88,-8.67],[158.0,-8.51],[158.11,-8.68]]],[[[157.39,-8.71],[157.21,-8.57],[157.38,-8.42],[157.39,-8.71]]],[[[156.69,-7.92],[156.51,-7.71],[156.56,-7.57],[156.81,-7.72],[156.69,-7.92]]],[[[156.6,-8.17],[156.54,-8.07],[156.57,-7.96],[156.6,-8.17]]],[[[157.17,-8.11],[156.96,-7.94],[157.1,-7.86],[157.17,-8.11]]],[[[155.84,-7.1],[155.68,-7.09],[155.74,-6.97],[155.84,-7.1]]],[[[157.65,-8.76],[157.46,-8.73],[157.58,-8.7],[157.65,-8.76]]],[[[159.75,-9.27],[159.97,-9.43],[160.35,-9.42],[160.63,-9.59],[160.82,-9.86],[160.65,-9.93],[160.32,-9.82],[159.85,-9.79],[159.62,-9.53],[159.75,-9.27]]],[[[159.88,-8.53],[159.64,-8.37],[158.94,-8.04],[158.6,-7.76],[158.46,-7.54],[158.73,-7.6],[159.11,-7.9],[159.43,-8.03],[159.84,-8.33],[159.88,-8.53]]],[[[157.49,-7.33],[157.44,-7.43],[157.1,-7.32],[156.46,-6.72],[156.48,-6.61],[157.1,-6.96],[157.15,-7.11],[157.49,-7.33]]],[[[160.75,-8.31],[161.0,-8.61],[160.94,-8.8],[161.16,-8.96],[161.32,-9.59],[161.19,-9.39],[160.87,-9.16],[160.6,-8.33],[160.75,-8.31]]],[[[161.72,-10.39],[162.11,-10.45],[162.37,-10.82],[162.12,-10.82],[161.54,-10.57],[161.49,-10.36],[161.3,-10.2],[161.72,-10.39]]]],"type":"MultiPolygon"},"id":"SLB","properties":{"id":"SLB","name":"Solomon Is."},"type":"Feature"},{"geometry":{"coordinates":[[[22.54,49.07],[22.13,48.41],[21.77,48.34],[21.45,48.55],[21.07,48.51],[20.49,48.53],[20.33,48.3],[19.9,48.13],[19.63,48.22],[19.47,48.11],[18.79,48.0],[18.72,47.79],[17.76,47.77],[17.32,47.99],[17.15,48.01],[16.87,48.39],[16.99,48.68],[17.19,48.86],[17.76,48.89],[18.09,49.07],[18.16,49.26],[18.6,49.49],[18.94,49.5],[19.15,49.4],[19.44,49.6],[19.77,49.37],[19.76,49.2],[20.06,49.18],[20.16,49.32],[20.62,49.39],[20.95,49.32],[21.08,49.42],[21.64,49.41],[22.02,49.21],[22.54,49.07]]],"type":"Polygon"},"id":"SVK","properties":{"id":"SVK","name":"Slovakia"},"type":"Feature"},{"geometry":{"coordinates":[[[16.52,46.5],[16.32,46.53],[16.25,46.39],[15.64,46.2],[15.62,45.83],[15.28,45.73],[15.34,45.47],[14.85,45.47],[14.53,45.65],[14.37,45.48],[13.99,45.51],[13.88,45.43],[13.58,45.52],[13.87,45.61],[13.57,45.83],[13.49,46.04],[13.63,46.18],[13.38,46.26],[13.7,46.52],[14.5,46.42],[15.0,46.63],[15.44,46.63],[16.28,46.86],[16.52,46.5]]],"type":"Polygon"},"id":"SVN","properties":{"id":"SVN","name":"Slovenia"},"type":"Feature"},{"geometry":{"coordinates":[[[103.97,1.33],[103.65,1.33],[103.82,1.45],[103.97,1.33]]],"type":"Polygon"},"id":"SGP","properties":{"id":"SGP","name":"Singapore"},"type":"Feature"},{"geometry":{"coordinates":[[[[-10.28,8.49],[-10.39,8.16],[-10.57,8.07],[-10.65,7.76],[-11.27,7.23],[-11.51,6.91],[-11.73,7.09],[-12.49,7.39],[-12.51,7.67],[-12.88,7.86],[-12.96,8.15],[-13.15,8.21],[-13.26,8.49],[-13.09,8.42],[-12.91,8.58],[-13.18,8.58],[-13.21,8.84],[-13.07,8.86],[-13.29,9.05],[-13.03,9.1],[-12.76,9.37],[-12.5,9.86],[-12.14,9.88],[-11.91,9.99],[-11.21,9.98],[-10.69,9.31],[-10.75,9.12],[-10.62,9.06],[-10.5,8.69],[-10.71,8.34],[-10.56,8.32],[-10.28,8.49]]],[[[-12.53,7.44],[-12.95,7.57],[-12.62,7.64],[-12.53,7.44]]]],"type":"MultiPolygon"},"id":"SLE","properties":{"id":"SLE","name":"Sierra Leone"},"type":"Feature"},{"geometry":{"coordinates":[[[55.54,-4.69],[55.54,-4.79],[55.38,-4.61],[55.54,-4.69]]],"type":"Polygon"},"id":"SYC","properties":{"id":"SYC","name":"Seychelles"},"type":"Feature"},{"geometry":{"coordinates":[[[21.36,44.83],[21.91,44.67],[22.09,44.54],[22.5,44.71],[22.72,44.61],[22.5,44.49],[22.71,44.24],[22.42,44.01],[22.39,43.71],[22.55,43.45],[22.98,43.19],[22.71,42.88],[22.47,42.84],[22.52,42.44],[21.56,42.25],[21.75,42.67],[21.39,42.75],[21.06,43.09],[20.76,43.26],[20.47,42.86],[19.55,43.21],[19.22,43.45],[19.49,43.7],[19.25,43.97],[19.58,44.04],[19.15,44.3],[19.15,44.53],[19.35,44.88],[19.01,44.87],[19.14,45.2],[19.33,45.27],[19.0,45.4],[18.84,45.84],[19.09,46.02],[19.21,45.98],[19.53,46.16],[20.16,46.14],[20.78,45.75],[20.77,45.48],[21.49,45.12],[21.36,44.83]]],"type":"Polygon"},"id":"SRB","properties":{"id":"SRB","name":"Serbia"},"type":"Feature"},{"geometry":{"coordinates":[[[-12.28,14.81],[-12.23,14.46],[-12.02,14.21],[-11.96,13.88],[-12.05,13.63],[-11.83,13.32],[-11.63,13.37],[-11.39,12.94],[-11.45,12.53],[-11.39,12.4],[-12.04,12.4],[-12.29,12.33],[-13.01,12.48],[-13.08,12.63],[-13.73,12.67],[-15.2,12.68],[-15.57,12.49],[-16.14,12.46],[-16.71,12.35],[-16.76,12.53],[-16.46,12.62],[-16.6,12.72],[-16.74,12.59],[-16.76,13.06],[-16.65,13.15],[-15.83,13.16],[-15.81,13.33],[-15.29,13.4],[-15.15,13.56],[-14.44,13.27],[-14.25,13.24],[-13.85,13.34],[-13.98,13.54],[-14.33,13.49],[-15.11,13.81],[-15.43,13.73],[-15.51,13.59],[-16.56,13.59],[-16.97,14.4],[-17.17,14.64],[-17.54,14.76],[-17.15,14.92],[-16.84,15.29],[-16.57,15.73],[-16.48,16.1],[-16.24,16.53],[-15.77,16.49],[-15.12,16.6],[-14.99,16.68],[-14.53,16.66],[-14.3,16.58],[-13.87,16.15],[-13.56,16.14],[-13.35,15.97],[-13.26,15.7],[-12.99,15.5],[-12.86,15.24],[-12.28,14.81]]],"type":"Polygon"},"id":"SEN","properties":{"id":"SEN","name":"Senegal"},"type":"Feature"},{"geometry":{"coordinates":[[[[36.9,25.38],[36.72,25.53],[36.92,25.43],[36.9,25.38]]],[[[41.99,16.72],[41.8,16.78],[41.86,17.0],[41.99,16.72]]],[[[51.98,19.0],[49.19,18.62],[49.04,18.58],[48.17,18.16],[47.58,17.45],[47.44,17.11],[47.14,16.95],[46.98,16.95],[46.68,17.27],[46.31,17.23],[45.41,17.32],[45.15,17.43],[44.16,17.4],[43.92,17.32],[43.42,17.52],[43.19,17.36],[43.12,16.94],[43.17,16.69],[42.8,16.37],[42.7,16.74],[42.38,17.12],[42.29,17.43],[41.75,17.89],[41.43,18.45],[41.23,18.68],[41.12,19.08],[40.76,19.76],[40.08,20.27],[39.88,20.29],[39.61,20.52],[39.28,20.97],[39.09,21.31],[39.15,21.52],[38.99,21.88],[39.1,22.39],[39.01,22.77],[38.8,23.05],[38.71,23.31],[38.29,23.91],[37.92,24.19],[37.54,24.29],[37.18,24.82],[37.27,24.96],[37.15,25.29],[36.92,25.64],[36.76,25.75],[36.68,26.04],[36.52,26.1],[36.25,26.59],[35.58,27.43],[35.18,28.03],[34.62,28.15],[34.78,28.51],[34.95,29.35],[36.02,29.19],[36.48,29.5],[36.76,29.87],[37.47,30.0],[37.63,30.31],[37.98,30.5],[36.96,31.49],[38.96,31.99],[39.15,32.12],[40.37,31.94],[42.07,31.08],[42.86,30.5],[44.69,29.2],[46.36,29.06],[46.53,29.1],[47.43,28.99],[47.67,28.53],[48.44,28.54],[48.77,27.96],[48.8,27.72],[49.24,27.49],[49.41,27.18],[49.99,26.83],[50.03,26.53],[50.18,26.4],[50.16,26.1],[50.03,26.11],[50.28,25.57],[50.46,25.42],[50.56,25.09],[50.97,24.57],[51.41,24.57],[51.31,24.34],[51.57,24.29],[51.59,24.08],[52.56,22.93],[55.1,22.62],[55.19,22.7],[55.64,22.0],[54.98,20.0],[51.98,19.0]]],[[[36.6,25.71],[36.54,25.73],[36.58,25.86],[36.6,25.71]]]],"type":"MultiPolygon"},"id":"SAU","properties":{"id":"SAU","name":"Saudi Arabia"},"type":"Feature"},{"geometry":{"coordinates":[[[[7.42,1.57],[7.33,1.6],[7.41,1.7],[7.42,1.57]]],[[[6.66,0.12],[6.47,0.23],[6.69,0.4],[6.66,0.12]]]],"type":"MultiPolygon"},"id":"STP","properties":{"id":"STP","name":"São Tomé and Principe"},"type":"Feature"},{"geometry":{"coordinates":[[[12.49,43.9],[12.4,43.93],[12.5,43.99],[12.49,43.9]]],"type":"Polygon"},"id":"SMR","properties":{"id":"SMR","name":"San Marino"},"type":"Feature"},{"geometry":{"coordinates":[[[[-172.33,-13.47],[-172.18,-13.68],[-172.22,-13.8],[-172.54,-13.79],[-172.78,-13.52],[-172.33,-13.47]]],[[[-171.45,-14.05],[-171.91,-14.0],[-172.05,-13.86],[-171.6,-13.88],[-171.45,-14.05]]]],"type":"MultiPolygon"},"id":"WSM","properties":{"id":"WSM","name":"Samoa"},"type":"Feature"},{"geometry":{"coordinates":[[[[-61.17,13.16],[-61.27,13.29],[-61.14,13.36],[-61.17,13.16]]],[[[-61.23,12.99],[-61.25,13.02],[-61.2,13.05],[-61.23,12.99]]],[[[-61.33,12.7],[-61.34,12.73],[-61.31,12.72],[-61.33,12.7]]]],"type":"MultiPolygon"},"id":"VCT","properties":{"id":"VCT","name":"St. Vin. and Gren."},"type":"Feature"},{"geometry":{"coordinates":[[[-60.9,13.82],[-61.06,13.92],[-60.91,14.09],[-60.9,13.82]]],"type":"Polygon"},"id":"LCA","properties":{"id":"LCA","name":"Saint Lucia"},"type":"Feature"},{"geometry":{"coordinates":[[[[-62.53,17.12],[-62.62,17.13],[-62.62,17.2],[-62.53,17.12]]],[[[-62.63,17.24],[-62.84,17.34],[-62.79,17.4],[-62.63,17.24]]]],"type":"MultiPolygon"},"id":"KNA","properties":{"id":"KNA","name":"St. Kitts and Nevis"},"type":"Feature"},{"geometry":{"coordinates":[[[29.58,-1.39],[29.83,-1.34],[29.93,-1.47],[30.36,-1.07],[30.81,-1.56],[30.83,-2.34],[30.59,-2.4],[30.41,-2.31],[30.14,-2.41],[29.93,-2.34],[29.87,-2.72],[29.39,-2.81],[29.06,-2.6],[28.92,-2.68],[28.88,-2.4],[29.11,-2.23],[29.13,-1.86],[29.35,-1.52],[29.58,-1.39]]],"type":"Polygon"},"id":"RWA","properties":{"id":"RWA","name":"Rwanda"},"type":"Feature"},{"geometry":{"coordinates":[[[[145.88,43.46],[145.94,43.43],[145.89,43.42],[145.88,43.46]]],[[[146.36,43.63],[146.27,43.63],[146.31,43.65],[146.36,43.63]]],[[[146.05,43.41],[146.03,43.42],[146.09,43.45],[146.05,43.41]]],[[[137.18,55.1],[137.06,54.93],[136.71,54.96],[137.18,55.1]]],[[[150.59,59.02],[150.47,59.05],[150.67,59.16],[150.59,59.02]]],[[[120.26,73.09],[119.79,73.05],[119.64,73.12],[120.08,73.16],[120.26,73.09]]],[[[124.54,73.85],[124.34,73.93],[124.55,73.93],[124.54,73.85]]],[[[106.27,78.21],[106.46,78.34],[106.72,78.26],[106.27,78.21]]],[[[107.41,77.24],[107.37,77.35],[107.68,77.27],[107.41,77.24]]],[[[97.59,76.6],[97.43,76.59],[97.38,76.71],[97.59,76.6]]],[[[96.85,76.2],[96.88,76.36],[97.05,76.3],[96.85,76.2]]],[[[100.14,79.61],[99.96,79.69],[100.3,79.67],[100.14,79.61]]],[[[76.76,73.45],[76.23,73.48],[76.25,73.56],[76.76,73.45]]],[[[82.71,74.09],[82.33,74.13],[82.53,74.16],[82.71,74.09]]],[[[84.76,74.46],[84.71,74.4],[84.39,74.45],[84.76,74.46]]],[[[86.65,74.98],[87.12,74.94],[86.93,74.83],[86.39,74.85],[86.33,74.94],[86.65,74.98]]],[[[59.31,81.31],[58.72,81.31],[59.08,81.4],[59.31,81.31]]],[[[-179.8,68.94],[-179.47,68.91],[-178.87,68.75],[-178.69,68.55],[-178.1,68.42],[-178.06,68.26],[-177.8,68.34],[-178.25,68.54],[-177.41,68.25],[-175.35,67.68],[-175.23,67.45],[-174.85,67.35],[-174.94,67.09],[-174.77,66.78],[-174.92,66.62],[-174.5,66.54],[-174.39,66.34],[-174.08,66.47],[-174.07,66.23],[-173.77,66.43],[-174.23,66.63],[-174.01,66.78],[-174.09,66.94],[-174.45,67.1],[-173.68,67.14],[-173.16,67.07],[-173.23,66.97],[-172.64,66.93],[-172.58,66.98],[-171.8,66.93],[-171.36,66.68],[-170.93,66.53],[-170.24,66.17],[-169.78,66.14],[-169.83,66.0],[-170.16,66.01],[-170.54,65.87],[-170.67,65.62],[-171.45,65.79],[-171.05,65.55],[-171.91,65.5],[-172.44,65.67],[-172.78,65.68],[-172.21,65.43],[-172.31,65.28],[-172.21,65.05],[-172.59,64.91],[-173.0,64.88],[-172.8,64.79],[-172.9,64.63],[-172.49,64.54],[-172.4,64.41],[-172.74,64.41],[-172.95,64.51],[-173.01,64.3],[-173.38,64.35],[-173.33,64.54],[-173.6,64.37],[-174.0,64.45],[-174.32,64.64],[-175.04,64.81],[-175.4,64.8],[-175.85,65.01],[-175.92,65.35],[-176.09,65.47],[-177.06,65.61],[-177.49,65.5],[-178.31,65.48],[-178.5,65.54],[-178.5,65.74],[-178.94,66.03],[-178.75,66.01],[-178.53,66.4],[-178.92,66.18],[-179.11,66.35],[-179.34,66.29],[-179.33,66.16],[-179.78,66.02],[-179.73,65.8],[-179.37,65.64],[-179.35,65.52],[-179.7,65.19],[-180.0,65.07],[-180.0,68.98],[-179.8,68.94]]],[[[130.69,42.3],[130.42,42.73],[131.07,42.9],[131.26,43.43],[131.17,43.7],[131.26,44.07],[131.06,44.66],[131.08,44.91],[131.45,44.98],[131.85,45.33],[131.98,45.24],[132.94,45.03],[133.11,45.13],[133.19,45.49],[133.44,45.6],[133.51,45.88],[133.86,46.25],[133.87,46.5],[134.2,47.13],[134.17,47.3],[134.48,47.45],[134.75,47.72],[134.57,48.02],[134.67,48.15],[134.56,48.32],[134.29,48.37],[133.84,48.27],[133.47,48.1],[133.14,48.11],[132.71,47.95],[132.56,47.77],[131.79,47.68],[131.32,47.73],[131.0,47.69],[130.73,48.02],[130.8,48.34],[130.55,48.6],[130.55,48.86],[130.2,48.89],[129.5,49.39],[129.12,49.36],[128.7,49.6],[128.0,49.57],[127.71,49.67],[127.5,49.87],[127.59,50.21],[127.31,50.45],[127.31,50.71],[126.92,51.1],[126.81,51.51],[126.51,51.93],[126.31,52.4],[126.02,52.61],[126.05,52.74],[125.73,52.89],[125.65,53.04],[124.97,53.2],[124.88,53.13],[124.47,53.23],[124.22,53.37],[123.61,53.55],[123.31,53.56],[122.52,53.46],[122.34,53.49],[121.41,53.32],[120.99,53.28],[120.7,53.17],[120.09,52.79],[120.07,52.63],[120.66,52.57],[120.74,52.21],[120.68,51.97],[120.07,51.6],[119.57,50.95],[119.45,50.7],[119.16,50.41],[119.35,50.28],[119.26,50.07],[118.45,49.84],[117.87,49.51],[117.25,49.62],[116.55,49.92],[116.13,50.01],[115.72,49.88],[115.27,49.95],[114.74,50.23],[114.3,50.27],[113.57,50.01],[113.16,49.8],[113.06,49.62],[112.81,49.52],[112.49,49.53],[112.08,49.42],[111.34,49.36],[110.83,49.17],[110.43,49.22],[110.2,49.17],[109.24,49.33],[108.61,49.32],[108.03,49.59],[107.95,49.92],[107.23,49.99],[106.71,50.31],[106.22,50.3],[105.38,50.47],[104.47,50.31],[104.18,50.17],[103.63,50.14],[102.68,50.39],[102.29,50.59],[102.11,51.35],[101.57,51.47],[101.38,51.45],[100.54,51.71],[99.92,51.76],[98.89,52.12],[98.64,51.8],[98.35,51.72],[98.22,51.51],[97.95,51.35],[97.83,50.99],[98.03,50.64],[98.28,50.53],[98.1,50.08],[97.59,49.91],[97.21,49.73],[96.99,49.88],[96.32,49.9],[95.85,50.01],[95.57,49.94],[95.11,49.94],[94.93,50.04],[94.61,50.02],[94.35,50.22],[94.25,50.56],[93.1,50.6],[92.94,50.78],[92.63,50.69],[92.35,50.86],[92.19,50.7],[91.8,50.69],[91.34,50.47],[91.02,50.42],[90.66,50.22],[90.0,50.07],[89.64,49.9],[89.65,49.72],[89.24,49.63],[89.01,49.47],[88.19,49.45],[87.93,49.16],[87.32,49.09],[86.61,49.61],[86.61,49.77],[86.18,49.5],[85.37,49.62],[85.29,49.6],[85.0,49.89],[84.99,50.06],[84.32,50.24],[83.95,50.77],[83.36,50.99],[82.76,50.89],[82.49,50.73],[81.93,50.77],[81.47,50.74],[81.39,50.96],[81.07,50.97],[81.13,51.19],[80.88,51.28],[80.45,51.18],[80.42,50.95],[79.99,50.77],[79.47,51.49],[78.48,52.64],[77.86,53.27],[77.7,53.38],[76.58,53.94],[76.42,54.15],[76.65,54.15],[76.84,54.44],[76.27,54.31],[75.66,54.11],[75.05,53.83],[74.83,53.83],[74.45,53.65],[74.35,53.49],[73.86,53.62],[73.37,53.45],[73.29,53.6],[73.4,53.81],[73.68,53.93],[73.62,54.07],[73.38,53.96],[73.12,53.98],[72.91,54.11],[72.62,54.13],[72.4,53.96],[72.27,54.27],[72.0,54.21],[71.34,54.16],[71.09,54.21],[71.19,54.6],[70.91,55.13],[70.74,55.31],[70.18,55.16],[69.49,55.36],[68.98,55.39],[68.52,55.2],[68.21,55.16],[68.24,55.05],[67.69,54.87],[66.22,54.67],[65.91,54.69],[65.48,54.62],[65.16,54.36],[64.46,54.38],[64.0,54.27],[63.19,54.17],[63.07,54.11],[61.93,53.95],[61.33,54.05],[61.14,53.96],[60.98,53.62],[61.53,53.52],[61.23,53.45],[61.2,53.29],[61.66,53.23],[62.01,53.11],[61.97,52.94],[61.4,53.0],[61.05,52.97],[60.8,52.74],[60.98,52.39],[60.94,52.28],[60.07,51.98],[60.46,51.65],[61.36,51.44],[61.59,51.23],[61.39,50.86],[60.94,50.7],[60.29,50.7],[59.96,50.8],[59.81,50.58],[59.52,50.49],[59.45,50.62],[58.88,50.69],[58.36,51.06],[57.84,51.09],[57.44,50.89],[57.01,51.07],[56.49,51.02],[55.8,50.6],[55.54,50.6],[54.73,51.0],[54.55,50.95],[54.65,50.66],[54.47,50.58],[54.42,50.78],[54.04,51.12],[53.69,51.25],[53.34,51.48],[52.57,51.48],[52.33,51.68],[52.01,51.67],[51.61,51.48],[51.34,51.48],[51.16,51.65],[50.79,51.73],[50.25,51.29],[49.82,51.13],[49.5,51.08],[49.32,50.85],[48.81,50.6],[48.63,50.61],[48.84,50.01],[48.43,49.83],[48.22,49.93],[47.71,50.38],[47.5,50.4],[47.33,50.27],[47.3,50.06],[46.99,49.85],[46.8,49.37],[47.01,49.1],[46.7,48.81],[46.66,48.41],[47.0,48.28],[47.09,47.95],[47.29,47.74],[47.48,47.8],[48.11,47.75],[48.55,47.32],[48.96,46.77],[48.61,46.77],[48.61,46.57],[49.23,46.34],[49.08,46.19],[48.68,46.09],[48.75,45.92],[48.49,45.93],[48.16,45.74],[47.53,45.53],[47.08,44.82],[46.76,44.66],[46.75,44.42],[47.02,44.34],[47.36,43.99],[47.51,43.51],[47.46,43.04],[48.23,42.18],[48.57,41.84],[48.39,41.6],[48.06,41.46],[47.86,41.21],[47.26,41.32],[47.21,41.46],[46.75,41.81],[45.95,42.04],[45.64,42.21],[45.73,42.48],[45.34,42.53],[44.87,42.76],[44.77,42.62],[44.51,42.75],[43.96,42.57],[43.74,42.62],[43.78,42.75],[43.09,42.99],[42.99,43.09],[42.42,43.22],[41.58,43.22],[40.65,43.53],[40.15,43.57],[39.98,43.42],[39.33,43.9],[38.72,44.29],[38.18,44.42],[37.85,44.7],[37.41,44.74],[37.2,44.97],[36.65,45.13],[36.94,45.29],[37.65,45.38],[37.67,45.65],[38.01,46.05],[38.49,46.09],[38.08,46.39],[37.91,46.41],[37.77,46.64],[38.23,46.7],[38.5,46.66],[38.44,46.81],[39.29,47.11],[39.2,47.27],[38.21,47.09],[38.29,47.56],[38.72,47.71],[38.9,47.86],[39.74,47.84],[39.96,48.27],[39.84,48.54],[39.64,48.59],[39.79,48.81],[39.99,48.85],[39.69,49.01],[40.07,49.2],[40.13,49.37],[40.03,49.6],[39.78,49.57],[39.17,49.86],[38.92,49.82],[38.26,50.05],[38.05,49.92],[37.7,50.11],[37.42,50.41],[36.76,50.29],[36.62,50.21],[35.89,50.44],[35.67,50.35],[35.41,50.54],[35.44,50.73],[35.31,51.04],[35.06,51.2],[34.71,51.17],[34.23,51.24],[34.12,51.68],[34.4,51.78],[34.11,51.98],[33.92,52.25],[33.74,52.34],[33.15,52.34],[32.9,52.26],[32.51,52.31],[32.28,52.11],[31.97,52.05],[31.76,52.1],[31.58,52.31],[31.54,52.8],[31.26,53.02],[31.42,53.2],[32.14,53.09],[32.7,53.34],[32.47,53.55],[32.45,53.69],[32.2,53.78],[31.75,53.81],[31.79,54.06],[31.4,54.2],[31.12,54.65],[30.8,54.78],[30.98,55.05],[30.81,55.28],[30.91,55.57],[30.23,55.85],[29.94,55.85],[29.48,55.68],[29.38,55.94],[29.09,56.02],[28.79,55.94],[28.56,56.09],[28.28,56.06],[28.1,56.55],[27.81,56.87],[27.64,56.85],[27.81,57.17],[27.8,57.32],[27.35,57.53],[27.54,57.8],[27.75,57.84],[27.49,58.27],[27.46,58.84],[27.76,59.05],[27.9,59.28],[28.15,59.37],[28.01,59.48],[28.01,59.72],[28.33,59.69],[28.52,59.85],[28.95,59.83],[29.15,60.0],[30.12,59.87],[30.17,59.96],[29.72,60.2],[29.07,60.19],[28.64,60.38],[28.65,60.61],[28.51,60.68],[28.18,60.57],[27.8,60.54],[28.41,60.9],[29.25,61.29],[29.69,61.55],[30.57,62.13],[31.29,62.57],[31.53,62.89],[31.18,63.21],[30.42,63.5],[30.0,63.75],[30.5,64.02],[30.49,64.24],[30.11,64.37],[29.99,64.56],[30.07,64.77],[29.78,64.8],[29.6,64.97],[29.81,65.11],[29.63,65.22],[29.82,65.57],[30.1,65.68],[29.9,66.09],[29.09,66.85],[29.09,66.97],[29.94,67.55],[29.98,67.69],[29.34,68.06],[28.69,68.19],[28.47,68.49],[28.75,68.77],[28.41,68.9],[29.12,69.05],[29.39,69.3],[29.99,69.39],[30.23,69.63],[30.86,69.54],[30.87,69.78],[31.45,69.69],[32.03,69.84],[31.98,69.95],[32.94,69.75],[32.99,69.63],[32.18,69.67],[32.38,69.48],[33.38,69.44],[33.33,69.15],[33.68,69.31],[34.23,69.31],[34.86,69.23],[35.29,69.28],[35.86,69.19],[37.73,68.69],[38.43,68.36],[38.83,68.32],[39.57,68.07],[39.75,68.16],[40.38,67.83],[40.97,67.71],[41.13,67.27],[41.36,67.21],[41.19,66.83],[40.52,66.45],[40.1,66.3],[39.29,66.13],[38.4,66.06],[37.63,66.13],[37.29,66.23],[35.51,66.4],[34.82,66.61],[34.48,66.55],[34.45,66.65],[33.48,66.76],[33.15,66.84],[32.85,67.02],[32.93,67.09],[31.9,67.16],[32.5,67.0],[32.46,66.92],[32.93,66.7],[33.18,66.68],[33.22,66.53],[33.66,66.44],[33.36,66.33],[34.11,66.23],[34.4,66.13],[34.79,65.86],[34.62,65.51],[34.41,65.4],[34.8,64.99],[34.87,64.56],[35.04,64.44],[35.43,64.35],[35.65,64.38],[36.15,64.19],[36.36,64.0],[37.44,63.81],[38.07,64.03],[37.95,64.32],[37.74,64.4],[37.18,64.41],[36.53,64.85],[36.79,64.99],[36.88,65.17],[37.14,65.19],[37.53,65.11],[38.01,64.88],[39.05,64.71],[39.57,64.57],[39.76,64.58],[40.06,64.77],[40.44,64.78],[40.28,65.0],[39.8,65.35],[39.82,65.6],[40.33,65.75],[40.69,65.96],[41.48,66.12],[42.21,66.52],[42.6,66.42],[43.23,66.42],[43.65,66.25],[43.54,66.12],[43.84,66.14],[44.1,66.01],[44.1,66.24],[44.49,66.67],[44.4,67.0],[44.29,67.1],[43.86,67.19],[43.86,67.44],[44.23,68.0],[44.17,68.33],[43.4,68.61],[43.47,68.68],[44.05,68.55],[45.08,68.58],[45.89,68.48],[46.68,67.97],[46.69,67.85],[45.53,67.76],[44.94,67.48],[44.94,67.35],[45.56,67.19],[45.99,66.85],[46.49,66.8],[47.66,66.98],[47.91,67.45],[47.87,67.58],[48.88,67.73],[48.7,67.87],[49.16,67.87],[49.93,68.07],[50.84,68.35],[51.34,68.4],[51.99,68.54],[52.29,68.46],[52.32,68.34],[52.72,68.48],[52.34,68.61],[52.68,68.73],[53.8,69.0],[54.49,68.99],[53.87,68.93],[53.97,68.84],[53.76,68.63],[53.93,68.44],[53.34,68.34],[53.26,68.27],[53.97,68.23],[54.56,68.27],[54.86,68.2],[54.92,68.37],[55.42,68.57],[56.04,68.65],[57.13,68.55],[58.17,68.89],[59.06,69.01],[59.37,68.74],[59.11,68.62],[59.1,68.44],[59.6,68.35],[59.9,68.42],[59.9,68.71],[60.49,68.73],[60.93,68.99],[60.86,69.15],[60.66,69.11],[60.17,69.59],[61.02,69.85],[61.77,69.76],[62.63,69.74],[63.36,69.68],[64.19,69.53],[65.03,69.27],[65.74,69.13],[66.42,68.95],[67.0,68.87],[67.15,68.75],[67.73,68.51],[68.37,68.31],[68.83,68.57],[69.14,68.95],[68.54,68.97],[68.12,69.24],[68.01,69.48],[67.06,69.69],[66.9,69.55],[66.8,69.66],[66.93,70.01],[67.24,70.11],[67.15,70.22],[67.28,70.74],[67.14,70.84],[66.82,70.8],[66.67,70.9],[66.85,71.06],[66.64,71.08],[66.92,71.28],[67.54,71.41],[68.27,71.68],[68.61,72.01],[69.04,72.67],[69.39,72.96],[69.65,72.9],[70.66,72.89],[71.5,72.91],[71.93,72.82],[72.45,72.79],[72.81,72.69],[72.75,72.34],[72.62,72.08],[72.28,71.7],[71.91,71.55],[72.08,71.31],[72.58,71.15],[72.73,70.82],[72.7,70.46],[72.47,70.27],[72.53,70.17],[72.62,69.48],[72.53,69.08],[72.81,68.82],[73.55,68.57],[73.14,68.18],[73.15,67.87],[72.95,67.7],[72.59,67.59],[71.85,67.01],[71.37,66.96],[71.55,66.76],[70.94,66.55],[70.38,66.6],[70.69,66.75],[70.28,66.69],[69.88,66.85],[69.01,66.79],[69.19,66.58],[70.34,66.34],[71.15,66.37],[71.92,66.25],[72.32,66.33],[72.42,66.56],[73.51,66.86],[73.88,67.08],[74.07,67.41],[74.77,67.77],[74.74,68.07],[74.39,68.42],[74.58,68.75],[75.12,68.86],[76.11,68.98],[76.46,68.98],[77.24,68.47],[77.25,67.94],[77.17,67.78],[77.68,67.59],[77.99,67.56],[78.92,67.59],[77.59,67.75],[77.54,68.01],[77.66,68.19],[78.0,68.26],[77.65,68.9],[76.0,69.24],[75.42,69.24],[74.81,69.09],[74.36,69.14],[73.98,69.11],[73.78,69.2],[73.89,69.42],[73.56,69.71],[73.83,70.18],[74.34,70.58],[74.31,70.65],[73.58,71.22],[73.09,71.44],[73.67,71.85],[74.31,71.96],[74.99,72.14],[75.1,72.42],[74.79,72.81],[75.15,72.85],[75.37,72.8],[75.6,72.58],[75.74,72.3],[75.25,71.81],[75.5,71.65],[75.28,71.43],[75.33,71.34],[76.11,71.22],[77.59,71.17],[78.07,70.99],[78.53,70.91],[79.08,71.0],[78.59,70.99],[78.21,71.27],[77.48,71.31],[76.31,71.6],[76.03,71.91],[76.42,72.01],[76.87,72.03],[77.55,71.84],[77.78,71.84],[78.23,71.95],[78.02,72.09],[77.49,72.07],[77.47,72.19],[77.97,72.33],[78.48,72.39],[79.42,72.38],[79.95,72.22],[80.76,72.09],[80.86,71.97],[81.51,71.75],[82.08,71.71],[82.99,71.75],[83.23,71.67],[82.92,71.42],[82.32,71.26],[82.24,71.0],[82.34,70.81],[82.16,70.6],[82.26,70.54],[82.59,70.89],[82.87,70.95],[83.05,70.82],[83.03,70.58],[82.68,70.22],[83.08,70.09],[83.07,70.28],[83.5,70.35],[83.74,70.55],[83.58,70.77],[83.15,71.1],[83.57,71.59],[83.2,71.87],[82.65,71.93],[82.32,72.07],[82.18,72.24],[81.79,72.33],[81.28,72.36],[80.83,72.49],[80.66,72.71],[80.84,72.95],[80.51,73.09],[80.4,73.36],[80.58,73.57],[81.82,73.66],[83.54,73.67],[84.74,73.76],[85.45,73.73],[85.61,73.82],[86.59,73.89],[87.03,73.82],[85.83,73.49],[85.82,73.33],[86.68,73.11],[85.97,73.35],[85.94,73.46],[86.38,73.57],[87.12,73.62],[87.57,73.81],[87.21,73.88],[86.57,74.24],[86.0,74.32],[86.18,74.42],[86.66,74.41],[86.9,74.33],[87.23,74.36],[86.7,74.52],[85.79,74.65],[86.2,74.82],[86.65,74.68],[87.42,74.94],[87.47,75.01],[86.94,75.07],[87.17,75.19],[87.67,75.13],[89.31,75.47],[89.6,75.46],[90.18,75.59],[91.48,75.65],[91.85,75.72],[93.55,75.85],[94.16,75.96],[93.41,75.9],[92.89,75.91],[92.97,76.08],[93.65,76.05],[94.58,76.15],[95.36,76.14],[96.08,76.08],[95.65,75.89],[96.51,76.01],[96.5,75.89],[98.66,76.24],[99.56,76.11],[99.77,76.03],[99.61,75.81],[99.85,75.93],[99.83,76.14],[98.81,76.48],[100.32,76.48],[100.84,76.53],[101.6,76.44],[101.68,76.49],[100.93,76.56],[101.1,76.7],[100.92,76.82],[100.99,76.99],[101.52,77.2],[102.61,77.51],[103.13,77.63],[103.56,77.63],[104.01,77.73],[104.81,77.65],[104.97,77.59],[105.71,77.53],[106.06,77.39],[105.38,77.24],[104.2,77.1],[105.65,77.1],[105.71,77.0],[106.34,77.05],[106.94,77.03],[107.43,76.93],[106.64,76.57],[106.41,76.51],[106.83,76.48],[107.62,76.51],[107.9,76.57],[108.03,76.72],[109.37,76.75],[109.98,76.71],[110.47,76.76],[111.11,76.72],[111.79,76.6],[112.09,76.48],[112.62,76.38],[112.8,76.13],[113.05,76.11],[112.99,76.24],[113.27,76.25],[113.56,75.89],[113.87,75.86],[113.62,75.59],[112.63,75.84],[112.96,75.57],[113.16,75.62],[113.73,75.45],[113.61,75.29],[112.92,75.02],[112.19,74.85],[111.87,74.74],[111.3,74.66],[110.37,74.47],[109.84,74.32],[109.81,74.17],[109.08,74.03],[108.2,73.69],[107.77,73.63],[107.27,73.62],[106.68,73.33],[106.19,73.31],[105.68,72.96],[105.14,72.78],[105.71,72.84],[106.48,73.14],[107.75,73.17],[108.35,73.31],[109.09,73.38],[109.33,73.49],[109.86,73.47],[110.87,73.73],[109.75,73.72],[109.87,73.93],[110.26,74.02],[111.06,73.94],[111.13,74.05],[111.55,74.03],[111.23,73.97],[111.4,73.83],[112.15,73.71],[112.8,73.75],[112.84,73.96],[113.18,73.84],[113.42,73.65],[113.16,73.46],[113.49,73.35],[113.47,73.05],[113.13,72.83],[113.31,72.66],[113.66,72.63],[113.22,72.81],[113.54,73.05],[113.56,73.23],[113.89,73.35],[113.51,73.5],[114.06,73.58],[114.82,73.61],[115.34,73.7],[116.5,73.68],[117.31,73.6],[118.45,73.59],[118.94,73.48],[118.46,73.46],[118.43,73.25],[118.96,73.12],[119.75,72.98],[120.6,72.98],[121.0,72.94],[121.89,72.96],[122.03,72.9],[122.75,72.91],[122.62,73.03],[123.16,72.95],[123.62,73.19],[123.38,73.35],[123.31,73.53],[123.49,73.67],[123.8,73.63],[124.39,73.75],[124.8,73.71],[125.62,73.52],[125.6,73.45],[126.25,73.55],[126.26,73.42],[126.55,73.33],[127.03,73.55],[127.74,73.48],[128.89,73.19],[129.05,73.05],[128.6,72.9],[129.02,72.87],[129.25,72.71],[128.42,72.54],[129.12,72.49],[129.41,72.32],[129.28,72.09],[128.93,72.08],[127.8,72.43],[127.84,72.31],[128.36,72.09],[128.91,71.76],[129.21,71.92],[129.46,71.74],[128.84,71.66],[129.13,71.59],[129.76,71.12],[130.28,70.95],[131.16,70.74],[131.56,70.9],[131.91,71.2],[132.23,71.64],[132.65,71.93],[132.77,71.8],[133.43,71.49],[134.1,71.38],[134.7,71.39],[135.02,71.52],[135.88,71.63],[136.41,71.57],[137.32,71.36],[137.94,71.13],[137.84,71.23],[138.31,71.33],[137.92,71.38],[138.12,71.57],[138.53,71.56],[138.67,71.63],[139.21,71.44],[139.98,71.49],[139.7,71.7],[139.72,71.88],[139.36,71.95],[139.64,72.0],[139.85,72.15],[140.13,72.21],[139.62,72.23],[139.18,72.16],[139.14,72.33],[139.6,72.5],[140.45,72.49],[141.08,72.59],[140.71,72.89],[141.31,72.86],[142.06,72.72],[143.52,72.7],[145.49,72.54],[146.25,72.44],[146.23,72.35],[144.78,72.38],[144.17,72.26],[144.47,72.17],[145.04,72.26],[146.59,72.3],[146.81,72.24],[146.4,72.04],[146.01,71.95],[146.23,72.14],[145.71,72.21],[145.76,71.94],[145.13,71.93],[144.99,71.75],[145.19,71.7],[145.8,71.75],[146.37,71.92],[146.89,72.2],[147.26,72.33],[148.4,72.31],[149.5,72.16],[149.96,71.99],[149.88,71.84],[149.05,71.8],[148.97,71.69],[149.5,71.66],[150.06,71.51],[150.6,71.52],[150.67,71.46],[150.24,71.27],[150.97,71.38],[151.58,71.29],[152.09,71.02],[151.76,70.98],[152.51,70.83],[153.79,70.88],[155.03,71.03],[155.6,71.04],[155.9,71.1],[157.45,71.07],[158.04,71.04],[159.35,70.79],[159.73,70.65],[160.01,70.31],[159.73,69.87],[159.83,69.78],[160.91,69.61],[161.04,69.1],[161.34,68.91],[161.57,68.91],[161.48,69.2],[161.54,69.38],[161.95,69.55],[162.38,69.65],[163.2,69.71],[164.16,69.72],[164.51,69.61],[165.76,69.58],[166.88,69.5],[167.63,69.74],[167.95,69.7],[168.15,69.58],[168.3,69.27],[169.31,69.08],[169.61,68.79],[170.54,68.83],[171.0,69.05],[171.0,69.13],[170.58,69.58],[170.16,69.63],[170.5,69.86],[170.49,70.11],[171.25,70.08],[172.56,69.97],[173.28,69.82],[173.44,69.95],[173.95,69.87],[175.3,69.86],[175.75,69.9],[176.11,69.86],[176.92,69.65],[177.39,69.61],[177.93,69.5],[178.85,69.39],[180.0,68.98],[180.0,65.07],[179.45,64.82],[178.52,64.6],[177.75,64.72],[177.18,65.01],[176.88,65.08],[176.65,65.01],[177.04,65.0],[177.22,64.86],[177.07,64.79],[176.43,64.86],[176.06,64.96],[175.78,64.84],[175.1,64.78],[175.68,64.78],[176.06,64.9],[176.35,64.71],[176.73,64.62],[177.39,64.77],[177.43,64.44],[177.95,64.22],[178.23,64.36],[178.65,63.97],[178.73,63.67],[178.44,63.61],[178.79,63.54],[179.03,63.28],[179.33,63.19],[179.26,63.01],[179.51,62.86],[179.57,62.69],[179.18,62.47],[179.12,62.32],[178.02,62.55],[177.29,62.6],[177.34,62.78],[177.02,62.78],[177.16,62.56],[176.7,62.51],[176.33,62.35],[175.27,62.1],[174.72,61.95],[174.51,61.82],[174.14,61.8],[173.82,61.68],[173.62,61.72],[173.13,61.41],[172.86,61.47],[172.39,61.06],[170.95,60.52],[170.61,60.43],[170.35,59.97],[169.98,60.07],[169.62,60.44],[169.23,60.6],[168.14,60.57],[167.23,60.41],[166.96,60.31],[166.33,59.87],[166.14,59.98],[166.35,60.48],[165.29,60.13],[165.08,60.1],[165.02,59.86],[164.85,59.84],[164.67,60.0],[164.38,60.06],[164.14,59.98],[163.78,60.04],[163.41,59.83],[163.27,59.52],[163.27,59.3],[163.0,59.02],[162.45,58.71],[162.14,58.45],[161.96,58.08],[162.04,57.92],[162.47,57.77],[162.72,57.95],[163.15,57.84],[163.21,57.69],[162.78,57.36],[162.8,56.81],[163.26,56.69],[163.34,56.23],[163.05,56.04],[162.84,56.07],[162.63,56.23],[163.04,56.52],[162.49,56.4],[162.53,56.26],[162.08,56.09],[161.78,55.65],[161.73,55.36],[162.11,54.75],[161.73,54.53],[161.29,54.52],[161.13,54.6],[160.77,54.54],[160.07,54.19],[159.84,53.78],[159.96,53.55],[159.9,53.38],[160.03,53.13],[159.59,53.24],[158.95,53.05],[158.61,52.87],[158.48,52.63],[158.46,52.3],[158.1,51.81],[157.53,51.48],[157.2,51.21],[156.75,50.97],[156.54,51.31],[156.49,51.91],[156.36,52.51],[156.23,52.63],[156.1,53.01],[155.9,53.93],[155.62,54.86],[155.55,55.35],[155.72,56.07],[155.98,56.7],[156.73,57.15],[156.98,57.47],[156.79,57.75],[156.99,57.83],[157.45,57.8],[157.67,58.02],[158.21,58.03],[159.04,58.42],[159.59,58.8],[159.85,59.13],[160.55,59.55],[160.86,59.63],[161.45,60.03],[161.75,60.15],[162.0,60.42],[162.97,60.78],[163.35,60.8],[163.71,60.92],[163.55,61.03],[164.01,61.34],[163.8,61.46],[164.02,61.71],[164.07,62.05],[164.21,62.29],[164.6,62.47],[165.12,62.41],[165.4,62.49],[164.79,62.57],[164.26,62.7],[163.33,62.55],[163.16,62.26],[163.01,61.79],[163.26,61.7],[162.99,61.54],[162.86,61.71],[162.39,61.66],[161.04,60.96],[160.77,60.75],[160.17,60.64],[160.38,61.03],[159.79,60.96],[159.95,61.13],[159.88,61.29],[160.16,61.54],[160.32,61.79],[160.18,61.9],[159.55,61.72],[159.3,61.91],[159.08,61.92],[158.07,61.75],[157.47,61.8],[156.68,61.48],[156.63,61.27],[156.06,61.0],[155.85,60.78],[155.43,60.55],[154.97,60.38],[154.29,59.83],[154.15,59.53],[154.58,59.54],[155.17,59.36],[155.16,59.19],[154.7,59.14],[154.46,59.22],[154.01,59.08],[153.7,59.22],[153.36,59.21],[152.88,58.94],[152.4,59.03],[152.09,58.91],[151.33,58.88],[151.12,59.08],[151.5,59.16],[151.99,59.16],[152.26,59.22],[151.8,59.32],[151.49,59.52],[150.67,59.56],[149.64,59.77],[149.07,59.63],[149.2,59.49],[148.8,59.53],[148.74,59.37],[148.91,59.28],[148.49,59.26],[148.26,59.41],[147.87,59.39],[147.51,59.27],[146.44,59.43],[146.27,59.22],[145.93,59.2],[145.55,59.41],[144.48,59.38],[143.87,59.41],[143.52,59.34],[143.19,59.37],[142.58,59.24],[142.03,59.0],[141.75,58.75],[141.35,58.53],[140.99,58.42],[140.68,58.21],[140.45,57.81],[140.0,57.69],[139.44,57.33],[139.18,57.26],[138.66,56.97],[138.22,56.63],[138.07,56.43],[137.69,56.14],[136.79,55.69],[136.46,55.58],[136.18,55.35],[135.54,55.11],[135.26,54.94],[135.26,54.73],[135.85,54.58],[136.8,54.62],[136.68,53.93],[136.72,53.8],[137.16,53.82],[137.26,54.03],[137.1,54.13],[137.38,54.28],[137.67,54.28],[137.34,54.1],[137.83,53.95],[137.52,53.71],[137.22,53.58],[137.74,53.56],[138.25,53.73],[138.38,53.91],[138.57,53.82],[138.25,53.52],[138.45,53.54],[138.66,53.74],[138.7,54.32],[139.32,54.19],[139.71,54.28],[140.18,54.05],[140.35,53.81],[140.69,53.6],[141.01,53.49],[141.4,53.18],[141.18,53.02],[140.87,53.04],[141.26,52.84],[141.17,52.37],[141.49,52.18],[141.37,51.92],[140.93,51.62],[140.69,51.23],[140.48,50.55],[140.54,50.13],[140.46,49.91],[140.52,49.6],[140.31,49.05],[140.17,48.52],[140.0,48.32],[139.37,47.89],[139.0,47.38],[138.59,47.06],[138.34,46.54],[137.69,45.82],[136.8,45.17],[136.25,44.67],[136.14,44.49],[135.87,44.37],[135.48,43.84],[135.13,43.53],[133.71,42.83],[133.16,42.7],[132.71,42.88],[132.3,42.88],[132.31,43.31],[131.87,43.1],[132.01,43.28],[131.79,43.26],[131.16,42.63],[130.71,42.66],[130.83,42.52],[130.69,42.3]]],[[[47.44,80.85],[48.45,80.81],[48.68,80.63],[48.04,80.67],[47.6,80.74],[47.3,80.61],[46.68,80.56],[46.14,80.45],[45.97,80.57],[45.64,80.54],[44.9,80.61],[45.12,80.65],[46.8,80.76],[47.44,80.85]]],[[[50.28,80.93],[50.8,80.91],[51.7,80.69],[50.96,80.54],[49.85,80.5],[49.59,80.38],[48.9,80.37],[48.98,80.16],[48.58,80.2],[48.39,80.1],[47.63,80.11],[47.98,80.21],[47.44,80.23],[46.99,80.18],[46.64,80.3],[47.66,80.5],[48.4,80.57],[48.63,80.51],[49.09,80.52],[49.24,80.82],[50.28,80.93]]],[[[67.77,76.24],[67.13,76.11],[64.26,75.72],[63.66,75.67],[61.36,75.31],[60.66,75.06],[60.24,74.97],[60.5,74.9],[59.98,74.74],[59.75,74.75],[59.6,74.61],[59.24,74.69],[59.1,74.51],[58.53,74.5],[58.67,74.29],[58.44,74.13],[57.77,74.01],[57.76,73.77],[57.29,73.81],[57.54,73.66],[57.13,73.5],[56.96,73.37],[56.43,73.3],[55.55,73.36],[55.01,73.45],[54.3,73.35],[54.2,73.54],[53.76,73.77],[54.64,73.96],[55.34,74.42],[56.08,74.48],[55.58,74.63],[55.91,74.8],[56.5,74.96],[56.0,75.0],[55.81,75.12],[56.04,75.19],[56.57,75.1],[57.09,75.38],[57.61,75.34],[58.06,75.66],[58.88,75.85],[60.04,75.98],[60.28,76.1],[60.94,76.07],[61.2,76.28],[61.79,76.29],[62.47,76.23],[62.97,76.24],[63.53,76.31],[64.46,76.38],[64.95,76.48],[65.86,76.61],[66.06,76.75],[66.83,76.92],[67.53,77.01],[68.49,76.93],[68.87,76.79],[68.9,76.57],[68.17,76.28],[67.77,76.24]]],[[[55.32,73.31],[56.14,73.26],[56.43,73.2],[56.19,73.03],[56.08,72.79],[55.72,72.77],[55.62,72.6],[55.36,72.47],[55.52,72.22],[55.3,71.94],[56.04,71.35],[56.45,71.11],[56.89,70.93],[57.63,70.73],[57.15,70.59],[56.26,70.71],[56.56,70.59],[56.14,70.66],[55.8,70.62],[55.69,70.69],[54.6,70.68],[53.38,70.87],[53.61,70.91],[53.59,71.05],[54.16,71.13],[53.41,71.34],[53.36,71.54],[52.91,71.5],[52.42,71.54],[51.81,71.49],[51.59,71.57],[51.44,71.78],[51.58,72.07],[51.89,72.15],[52.25,72.13],[52.62,72.3],[52.92,72.67],[52.53,72.74],[52.81,72.88],[53.37,72.92],[53.2,73.15],[53.75,73.29],[54.09,73.28],[54.8,73.39],[55.32,73.31]]],[[[96.53,81.08],[96.75,80.96],[97.83,80.8],[97.86,80.7],[97.22,80.65],[97.03,80.54],[97.42,80.32],[97.18,80.24],[94.57,80.13],[93.87,80.01],[92.2,80.18],[91.64,80.27],[91.52,80.36],[91.9,80.48],[92.58,80.53],[93.26,80.79],[92.59,80.78],[93.07,80.99],[94.61,81.11],[95.06,81.19],[95.16,81.27],[95.8,81.28],[96.53,81.08]]],[[[97.67,80.16],[98.02,80.02],[97.63,79.85],[97.65,79.76],[98.06,79.9],[98.27,79.87],[98.6,80.05],[99.29,80.02],[99.73,79.92],[100.06,79.78],[99.78,79.63],[99.68,79.32],[99.04,79.29],[99.52,79.13],[99.81,79.1],[99.93,78.96],[99.44,78.83],[98.41,78.79],[97.56,78.83],[96.81,78.98],[95.8,79.0],[95.53,79.1],[95.13,79.05],[94.79,79.09],[94.22,79.4],[93.07,79.5],[93.4,79.63],[94.26,79.83],[94.35,79.94],[94.99,80.1],[95.28,80.03],[95.5,80.11],[96.42,80.1],[97.67,80.16]]],[[[102.88,79.25],[102.41,78.84],[102.95,79.06],[103.8,79.15],[104.09,79.01],[104.4,78.98],[104.63,78.84],[105.15,78.82],[105.31,78.5],[104.83,78.35],[104.3,78.34],[103.72,78.26],[101.2,78.19],[100.08,77.97],[99.5,77.98],[99.29,78.04],[100.02,78.34],[100.28,78.68],[100.62,78.8],[100.88,78.78],[100.9,78.98],[101.2,79.2],[101.82,79.37],[102.25,79.26],[102.28,79.43],[102.79,79.39],[103.1,79.3],[102.88,79.25]]],[[[140.05,75.83],[140.39,75.8],[140.82,75.63],[140.94,75.7],[141.03,75.99],[141.49,76.14],[141.74,76.11],[142.46,75.9],[143.19,75.81],[143.69,75.86],[145.26,75.59],[144.73,75.37],[144.88,75.27],[144.41,75.1],[144.02,75.04],[143.17,75.12],[142.73,75.34],[142.73,75.54],[143.0,75.66],[142.55,75.72],[142.09,75.66],[142.15,75.46],[142.62,75.13],[143.13,74.97],[142.47,74.82],[141.99,74.99],[140.27,74.85],[139.61,74.95],[139.33,74.69],[139.1,74.66],[138.09,74.8],[137.68,75.01],[137.22,75.12],[136.98,75.37],[137.29,75.35],[137.27,75.75],[137.71,75.76],[137.5,75.91],[137.63,75.99],[138.21,76.11],[138.92,76.2],[140.05,75.83]]],[[[146.8,75.37],[147.5,75.44],[148.43,75.41],[148.48,75.27],[150.1,75.22],[150.53,75.1],[150.82,75.16],[150.65,74.94],[149.6,74.77],[149.05,74.77],[148.09,74.83],[147.63,74.96],[147.14,75.0],[146.15,75.2],[146.26,75.39],[146.54,75.58],[146.8,75.37]]],[[[178.86,70.83],[178.63,71.05],[178.89,71.23],[179.55,71.45],[180.0,71.54],[180.0,70.99],[179.65,70.9],[178.86,70.83]]],[[[142.76,54.39],[142.98,54.14],[142.92,53.79],[143.22,53.3],[143.32,52.96],[143.32,52.61],[143.17,52.35],[143.16,52.08],[143.32,51.58],[143.46,51.47],[143.82,50.28],[144.05,49.9],[144.27,49.31],[144.62,48.81],[144.13,49.21],[143.73,49.31],[143.1,49.2],[142.57,48.07],[142.56,47.74],[142.67,47.54],[143.01,47.22],[143.22,46.79],[143.49,46.75],[143.58,46.36],[143.43,46.03],[143.28,46.56],[142.83,46.61],[142.58,46.7],[142.41,46.55],[142.08,45.92],[141.96,46.01],[141.83,46.45],[142.04,47.14],[141.96,47.59],[142.18,48.01],[142.14,48.29],[141.87,48.75],[142.02,49.08],[142.14,49.57],[142.15,50.22],[142.07,50.51],[142.21,51.0],[142.21,51.22],[142.01,51.52],[141.72,51.74],[141.66,52.27],[141.8,52.56],[141.87,53.04],[141.82,53.34],[142.14,53.5],[142.53,53.45],[142.71,53.9],[142.33,54.28],[142.76,54.39]]],[[[-178.88,71.58],[-178.35,71.53],[-177.53,71.26],[-177.52,71.17],[-177.82,71.07],[-179.51,70.92],[-180.0,70.99],[-180.0,71.54],[-179.69,71.58],[-178.88,71.58]]],[[[35.82,65.18],[35.78,64.98],[35.53,65.15],[35.82,65.18]]],[[[42.71,66.7],[42.48,66.74],[42.63,66.78],[42.71,66.7]]],[[[52.9,71.36],[53.21,71.16],[53.02,70.97],[52.74,71.18],[52.25,71.28],[52.51,71.39],[52.9,71.36]]],[[[168.04,54.56],[167.49,54.79],[167.88,54.69],[168.04,54.56]]],[[[160.72,70.82],[160.5,70.82],[160.45,70.93],[160.72,70.82]]],[[[161.47,68.9],[161.46,69.0],[161.14,69.11],[161.11,69.47],[161.51,69.64],[161.54,69.44],[161.35,69.37],[161.47,68.9]]],[[[152.89,76.12],[152.56,76.14],[152.8,76.19],[152.89,76.12]]],[[[149.15,76.66],[148.4,76.65],[148.72,76.75],[149.41,76.78],[149.15,76.66]]],[[[137.96,71.51],[137.71,71.42],[137.08,71.5],[137.28,71.58],[137.82,71.59],[137.96,71.51]]],[[[107.7,78.13],[107.48,78.06],[106.42,78.14],[107.51,78.19],[107.7,78.13]]],[[[112.48,76.62],[112.53,76.45],[112.01,76.63],[112.48,76.62]]],[[[96.53,76.28],[96.3,76.12],[95.31,76.21],[95.38,76.29],[96.53,76.28]]],[[[96.29,77.03],[95.85,76.97],[95.27,77.02],[96.53,77.21],[96.29,77.03]]],[[[89.51,77.19],[89.14,77.23],[89.62,77.31],[89.51,77.19]]],[[[74.66,72.87],[74.1,73.02],[74.41,73.13],[74.96,73.06],[74.74,73.03],[74.66,72.87]]],[[[75.5,73.46],[75.57,73.54],[76.05,73.55],[75.5,73.46]]],[[[83.55,74.07],[82.82,74.09],[83.15,74.15],[83.55,74.07]]],[[[67.34,69.53],[67.26,69.44],[67.03,69.48],[67.34,69.53]]],[[[66.56,70.54],[66.45,70.56],[66.39,70.73],[66.56,70.54]]],[[[70.02,66.5],[69.65,66.57],[69.5,66.75],[70.08,66.7],[70.02,66.5]]],[[[50.05,80.07],[49.56,80.16],[49.88,80.23],[50.32,80.17],[50.05,80.07]]],[[[51.41,79.94],[50.45,79.92],[50.09,79.98],[50.94,80.09],[51.41,79.94]]],[[[50.75,81.05],[50.37,81.12],[50.72,81.17],[50.75,81.05]]],[[[55.48,80.27],[54.98,80.26],[55.24,80.33],[55.48,80.27]]],[[[54.42,80.47],[54.28,80.42],[53.81,80.48],[53.88,80.61],[54.41,80.54],[54.42,80.47]]],[[[59.69,79.96],[59.33,79.92],[58.95,80.04],[59.54,80.12],[59.91,79.99],[59.69,79.96]]],[[[58.62,81.04],[58.9,80.9],[58.86,80.78],[57.94,80.79],[57.41,80.92],[57.21,81.02],[57.66,81.03],[58.05,81.12],[58.62,81.04]]],[[[47.98,45.49],[47.92,45.56],[47.95,45.65],[47.98,45.49]]],[[[50.27,69.19],[49.63,68.86],[48.67,68.73],[48.44,68.8],[48.28,69.04],[48.32,69.27],[48.63,69.44],[49.23,69.51],[50.17,69.26],[50.27,69.19]]],[[[63.37,80.7],[63.0,80.71],[62.52,80.82],[63.12,80.97],[64.1,81.0],[64.31,81.18],[64.8,81.2],[65.38,81.06],[65.44,80.93],[64.55,80.76],[63.37,80.7]]],[[[57.96,80.12],[57.39,80.14],[57.08,80.49],[58.48,80.46],[59.26,80.34],[58.4,80.32],[57.96,80.12]]],[[[62.17,80.83],[62.08,80.62],[61.68,80.59],[61.05,80.42],[60.28,80.49],[59.65,80.43],[59.3,80.52],[59.39,80.71],[59.59,80.82],[60.09,80.85],[60.48,80.8],[61.6,80.89],[62.17,80.83]]],[[[61.14,80.95],[60.83,80.93],[60.06,80.98],[60.59,81.09],[61.46,81.1],[61.57,81.05],[61.14,80.95]]],[[[53.52,80.19],[52.86,80.17],[52.21,80.26],[52.68,80.32],[52.85,80.4],[53.33,80.4],[53.85,80.27],[53.52,80.19]]],[[[57.08,80.35],[57.08,80.09],[56.2,80.08],[55.72,80.1],[56.01,80.2],[56.02,80.34],[57.08,80.35]]],[[[57.81,81.55],[58.56,81.42],[57.86,81.37],[58.02,81.25],[57.45,81.14],[56.82,81.24],[56.51,81.18],[56.19,81.22],[55.72,81.19],[55.47,81.31],[56.16,81.3],[57.09,81.54],[57.81,81.55]]],[[[54.72,81.12],[55.47,81.02],[56.17,81.03],[57.69,80.79],[56.81,80.66],[55.71,80.64],[55.12,80.75],[54.67,80.74],[54.07,80.81],[54.37,80.9],[54.72,81.12]]],[[[63.65,81.61],[62.88,81.61],[62.11,81.68],[62.79,81.72],[63.71,81.69],[63.65,81.61]]],[[[58.3,81.72],[57.96,81.7],[58.13,81.83],[59.26,81.85],[59.36,81.76],[58.3,81.72]]],[[[92.68,79.69],[92.15,79.68],[91.13,79.9],[91.07,79.98],[91.43,80.05],[92.17,80.05],[93.8,79.9],[93.6,79.82],[92.68,79.69]]],[[[91.57,81.14],[91.22,81.06],[89.98,81.11],[90.07,81.21],[91.48,81.18],[91.57,81.14]]],[[[141.01,74.0],[140.51,73.92],[140.18,74.0],[140.1,74.18],[140.41,74.27],[140.85,74.27],[141.1,74.17],[141.01,74.0]]],[[[142.18,73.9],[142.64,73.8],[143.34,73.57],[143.49,73.25],[143.19,73.22],[141.6,73.31],[140.66,73.45],[140.03,73.36],[139.69,73.43],[140.38,73.48],[141.08,73.87],[142.18,73.9]]],[[[135.95,75.41],[135.45,75.39],[135.7,75.85],[136.17,75.61],[135.95,75.41]]],[[[136.2,73.91],[136.05,73.93],[135.4,74.2],[135.63,74.22],[136.26,73.98],[136.2,73.91]]],[[[137.94,55.09],[138.21,55.03],[137.99,54.82],[137.66,54.65],[137.46,54.87],[137.23,54.79],[137.58,55.2],[137.94,55.09]]],[[[169.2,69.58],[168.92,69.57],[168.35,69.66],[167.79,69.84],[168.36,70.02],[169.37,69.88],[169.2,69.58]]],[[[163.64,58.6],[163.76,59.02],[164.57,59.22],[164.62,58.89],[164.28,58.84],[163.64,58.6]]],[[[166.65,54.84],[166.65,54.69],[166.32,54.86],[165.99,55.19],[165.75,55.29],[166.28,55.31],[166.25,55.17],[166.65,54.84]]],[[[154.81,49.31],[154.61,49.38],[154.82,49.65],[154.81,49.31]]],[[[156.41,50.66],[156.17,50.73],[156.49,50.84],[156.41,50.66]]],[[[155.92,50.3],[155.24,50.09],[155.22,50.3],[155.68,50.4],[155.88,50.68],[156.1,50.77],[156.04,50.45],[155.92,50.3]]],[[[154.08,48.79],[154.13,48.9],[154.23,48.89],[154.08,48.79]]],[[[155.64,50.82],[155.47,50.91],[155.64,50.91],[155.64,50.82]]],[[[153.1,47.76],[152.98,47.73],[153.08,47.81],[153.1,47.76]]],[[[152.0,46.9],[151.86,46.87],[152.29,47.14],[152.0,46.9]]],[[[149.69,45.64],[149.45,45.59],[149.67,45.84],[150.35,46.21],[150.55,46.21],[150.2,45.93],[149.69,45.64]]],[[[148.6,45.32],[148.26,45.22],[147.91,44.99],[147.66,44.98],[147.21,44.55],[146.9,44.4],[147.25,44.86],[147.89,45.23],[148.32,45.28],[148.61,45.48],[148.81,45.51],[148.79,45.32],[148.6,45.32]]],[[[146.71,43.74],[146.62,43.81],[146.82,43.86],[146.71,43.74]]],[[[146.21,44.5],[146.57,44.44],[146.11,44.25],[145.59,43.85],[145.67,44.0],[146.11,44.5],[146.21,44.5]]],[[[113.39,74.4],[113.26,74.27],[112.78,74.1],[112.2,74.15],[111.5,74.35],[111.88,74.36],[112.08,74.55],[112.95,74.48],[113.39,74.4]]],[[[76.25,79.65],[77.36,79.56],[77.59,79.5],[76.65,79.49],[76.15,79.58],[76.25,79.65]]],[[[80.03,80.85],[79.1,80.81],[79.22,80.96],[79.81,80.98],[80.43,80.93],[80.03,80.85]]],[[[70.67,73.1],[70.04,73.04],[69.92,73.08],[70.0,73.36],[70.35,73.48],[70.94,73.51],[71.59,73.28],[71.63,73.17],[70.67,73.1]]],[[[77.63,72.29],[76.91,72.3],[76.9,72.37],[77.58,72.63],[78.28,72.55],[78.37,72.48],[77.63,72.29]]],[[[79.5,72.72],[78.88,72.75],[78.66,72.89],[79.16,73.09],[79.54,72.92],[79.5,72.72]]],[[[82.17,75.42],[81.98,75.25],[81.5,75.37],[81.91,75.5],[82.17,75.42]]],[[[60.45,69.93],[60.44,69.73],[60.22,69.69],[59.58,69.74],[59.5,69.87],[58.95,69.89],[58.47,70.27],[59.01,70.47],[59.64,70.2],[60.45,69.93]]],[[[20.96,55.28],[20.59,54.98],[20.89,54.91],[21.19,54.94],[21.24,55.26],[22.07,55.06],[22.57,55.06],[22.83,54.84],[22.68,54.49],[22.77,54.36],[22.17,54.36],[19.64,54.45],[19.94,54.75],[19.97,54.92],[20.52,54.99],[20.96,55.28]]],[[[33.59,46.1],[33.66,46.22],[34.69,45.98],[34.8,45.79],[35.02,45.7],[35.37,45.35],[35.56,45.31],[36.17,45.45],[36.58,45.39],[36.39,45.07],[35.87,45.01],[35.47,45.1],[35.09,44.8],[34.72,44.81],[34.47,44.72],[34.28,44.54],[33.91,44.39],[33.45,44.55],[33.61,44.91],[33.56,45.1],[33.19,45.19],[32.92,45.35],[32.51,45.4],[33.14,45.75],[33.66,45.95],[33.59,46.1]]]],"type":"MultiPolygon"},"id":"RUS","properties":{"id":"RUS","name":"Russia"},"type":"Feature"},{"geometry":{"coordinates":[[[28.21,45.45],[28.45,45.29],[28.76,45.23],[29.4,45.42],[29.71,45.26],[29.56,44.84],[29.05,44.76],[29.05,44.93],[28.65,44.3],[28.59,43.74],[28.05,43.82],[27.88,43.99],[27.43,44.02],[27.09,44.17],[26.22,44.01],[25.82,43.77],[25.5,43.67],[24.43,43.79],[24.23,43.76],[23.22,43.87],[22.92,43.83],[23.03,44.08],[22.53,44.38],[22.72,44.61],[22.5,44.71],[22.09,44.54],[21.36,44.86],[21.49,45.12],[20.77,45.48],[20.78,45.75],[20.36,45.98],[20.24,46.11],[20.61,46.13],[20.84,46.26],[21.04,46.24],[21.26,46.41],[21.32,46.61],[22.0,47.4],[22.0,47.51],[22.29,47.73],[22.68,47.8],[23.2,48.08],[24.18,47.91],[24.58,47.93],[24.89,47.72],[25.46,47.91],[26.16,47.99],[26.31,48.2],[26.79,48.26],[26.98,48.16],[27.34,47.64],[27.85,47.11],[28.07,46.98],[28.24,46.64],[28.24,46.45],[28.1,45.97],[28.21,45.45]]],"type":"Polygon"},"id":"ROU","properties":{"id":"ROU","name":"Romania"},"type":"Feature"},{"geometry":{"coordinates":[[[51.27,24.61],[50.97,24.57],[50.85,24.89],[50.76,25.44],[51.0,25.98],[51.26,26.15],[51.54,25.9],[51.49,25.52],[51.6,25.15],[51.43,24.67],[51.27,24.61]]],"type":"Polygon"},"id":"QAT","properties":{"id":"QAT","name":"Qatar"},"type":"Feature"},{"geometry":{"coordinates":[[[[-17.19,32.87],[-16.69,32.76],[-16.84,32.65],[-17.17,32.72],[-17.19,32.87]]],[[[-8.78,41.94],[-8.21,42.13],[-8.22,41.9],[-7.4,41.83],[-7.15,41.98],[-6.62,41.94],[-6.54,41.67],[-6.21,41.53],[-6.93,41.01],[-6.82,40.65],[-6.81,40.34],[-7.01,40.21],[-6.9,40.02],[-7.04,39.71],[-7.54,39.66],[-7.34,39.47],[-7.17,39.14],[-7.0,39.06],[-7.28,38.71],[-7.34,38.46],[-7.11,38.18],[-7.5,37.59],[-7.41,37.18],[-7.83,37.01],[-8.6,37.12],[-9.0,37.03],[-8.81,37.43],[-8.79,37.73],[-8.88,37.96],[-8.8,38.18],[-8.88,38.45],[-9.21,38.45],[-9.25,38.66],[-8.98,38.8],[-8.95,39.02],[-9.14,38.74],[-9.47,38.73],[-9.37,39.34],[-9.15,39.54],[-8.84,40.12],[-8.89,40.18],[-8.66,41.03],[-8.88,41.83],[-8.78,41.94]]],[[[-25.03,36.96],[-25.16,36.94],[-25.08,37.02],[-25.03,36.96]]],[[[-31.14,39.41],[-31.28,39.39],[-31.26,39.5],[-31.14,39.41]]],[[[-27.08,38.64],[-27.39,38.77],[-27.04,38.74],[-27.08,38.64]]],[[[-27.78,38.56],[-28.19,38.66],[-28.31,38.74],[-27.78,38.56]]],[[[-28.64,38.53],[-28.84,38.6],[-28.7,38.64],[-28.64,38.53]]],[[[-28.15,38.45],[-28.45,38.41],[-28.51,38.55],[-28.15,38.45]]],[[[-25.65,37.84],[-25.18,37.84],[-25.25,37.74],[-25.73,37.76],[-25.65,37.84]]]],"type":"MultiPolygon"},"id":"PRT","properties":{"id":"PRT","name":"Portugal"},"type":"Feature"},{"geometry":{"coordinates":[[[23.61,51.52],[23.66,51.31],[24.11,50.84],[23.97,50.41],[23.71,50.38],[23.04,49.9],[22.65,49.54],[22.71,49.17],[22.81,49.02],[22.02,49.21],[21.64,49.41],[21.08,49.42],[20.95,49.32],[20.62,49.39],[20.16,49.32],[20.06,49.18],[19.76,49.2],[19.77,49.37],[19.44,49.6],[19.15,49.4],[18.97,49.4],[18.56,49.88],[18.03,50.04],[17.87,49.97],[17.59,50.16],[17.72,50.3],[17.42,50.25],[16.88,50.43],[16.99,50.24],[16.68,50.1],[16.21,50.42],[16.42,50.57],[16.01,50.61],[15.35,50.81],[15.26,50.96],[14.99,51.01],[14.81,50.86],[15.02,51.25],[14.91,51.46],[14.72,51.52],[14.6,51.83],[14.75,52.08],[14.55,52.36],[14.62,52.53],[14.13,52.88],[14.37,53.11],[14.41,53.28],[14.26,53.73],[14.58,53.64],[14.56,53.82],[14.21,53.87],[14.72,54.02],[16.19,54.29],[16.56,54.55],[17.26,54.73],[17.84,54.82],[18.32,54.84],[18.67,54.43],[18.98,54.35],[19.64,54.45],[22.17,54.36],[23.02,54.35],[23.45,54.14],[23.6,53.6],[23.89,53.03],[23.84,52.66],[23.48,52.55],[23.2,52.26],[23.65,52.04],[23.54,51.71],[23.61,51.52]]],"type":"Polygon"},"id":"POL","properties":{"id":"POL","name":"Poland"},"type":"Feature"},{"geometry":{"coordinates":[[[[121.1,18.62],[121.85,18.3],[122.15,18.49],[122.3,18.4],[122.15,17.76],[122.24,17.43],[122.52,17.12],[122.14,16.18],[121.79,16.08],[121.6,15.93],[121.61,15.67],[121.39,15.32],[121.7,14.74],[121.65,14.48],[121.8,14.11],[122.21,13.93],[122.2,14.15],[122.49,14.32],[122.86,14.25],[123.07,13.96],[123.06,13.79],[123.23,13.75],[123.32,14.06],[123.86,13.8],[123.55,13.65],[123.82,13.27],[123.79,13.11],[124.14,13.04],[124.06,12.57],[123.88,12.69],[123.95,12.92],[123.63,12.91],[123.31,13.04],[123.16,13.44],[122.86,13.62],[122.6,13.91],[122.47,13.89],[122.68,13.25],[122.52,13.26],[122.41,13.49],[122.07,13.79],[121.78,13.94],[121.2,13.64],[120.84,13.88],[120.64,13.8],[120.62,14.19],[120.92,14.49],[120.89,14.72],[120.58,14.88],[120.59,14.48],[120.44,14.45],[120.25,14.79],[120.08,14.85],[119.93,15.43],[119.89,15.84],[119.77,16.01],[119.83,16.33],[120.16,16.05],[120.39,16.22],[120.31,16.53],[120.41,16.96],[120.42,17.44],[120.36,17.64],[120.6,18.51],[121.1,18.62]]],[[[117.31,8.44],[117.35,8.71],[117.88,9.24],[118.11,9.35],[119.02,10.35],[119.29,10.57],[119.26,10.85],[119.5,11.35],[119.53,10.95],[119.68,10.55],[119.6,10.41],[119.28,10.25],[119.19,10.06],[118.78,9.92],[118.77,9.77],[118.43,9.26],[118.13,9.1],[117.99,8.88],[117.31,8.44]]],[[[122.5,11.62],[123.16,11.54],[123.02,11.12],[122.8,10.99],[122.77,10.82],[122.2,10.62],[121.99,10.46],[121.96,10.87],[122.05,11.1],[122.1,11.64],[121.89,11.79],[121.96,11.9],[122.5,11.62]]],[[[123.13,9.06],[122.99,9.06],[122.87,9.32],[122.56,9.48],[122.41,9.69],[122.47,9.96],[122.86,10.09],[122.82,10.5],[122.98,10.89],[123.26,10.99],[123.51,10.92],[123.57,10.78],[123.16,9.86],[123.15,9.61],[123.31,9.36],[123.13,9.06]]],[[[124.57,11.34],[124.93,11.37],[125.03,11.21],[125.01,10.79],[125.19,10.58],[125.25,10.26],[125.14,10.19],[124.99,10.37],[125.03,10.03],[124.78,10.17],[124.79,10.78],[124.66,10.96],[124.45,10.92],[124.33,11.54],[124.57,11.34]]],[[[125.24,12.53],[125.32,12.32],[125.54,12.19],[125.46,11.95],[125.51,11.54],[125.7,11.16],[125.23,11.15],[124.92,11.56],[124.88,11.78],[124.38,12.24],[124.29,12.57],[124.57,12.53],[125.15,12.57],[125.24,12.53]]],[[[120.7,13.48],[121.2,13.43],[121.52,13.13],[121.54,12.64],[121.39,12.3],[121.24,12.22],[120.92,12.51],[120.76,12.97],[120.51,13.26],[120.4,13.52],[120.7,13.48]]],[[[126.01,9.32],[126.19,9.28],[126.32,8.84],[126.14,8.63],[126.37,8.48],[126.46,8.2],[126.44,7.83],[126.57,7.68],[126.58,7.25],[126.44,7.01],[126.19,6.85],[126.19,6.31],[126.08,6.73],[125.82,7.33],[125.4,6.8],[125.59,6.47],[125.67,5.98],[125.46,5.66],[125.29,5.63],[125.27,6.03],[125.04,5.87],[124.64,6.0],[124.21,6.23],[124.08,6.4],[123.99,6.99],[124.21,7.4],[123.97,7.66],[123.67,7.82],[123.49,7.81],[123.39,7.41],[123.1,7.7],[122.84,7.53],[122.79,7.72],[122.5,7.67],[122.18,7.0],[121.96,6.97],[121.92,7.2],[122.05,7.36],[122.13,7.81],[122.34,8.03],[123.0,8.22],[123.02,8.4],[123.43,8.7],[123.68,8.62],[123.85,8.43],[123.88,8.19],[123.75,8.06],[124.16,8.2],[124.45,8.61],[124.73,8.56],[124.87,8.97],[125.14,8.87],[125.21,9.03],[125.5,9.01],[125.53,9.14],[125.41,9.67],[125.52,9.76],[125.88,9.51],[126.01,9.32]]],[[[123.37,9.45],[123.39,9.97],[123.71,10.47],[124.04,11.27],[124.05,10.59],[123.95,10.32],[123.64,10.02],[123.49,9.59],[123.37,9.45]]],[[[121.92,18.89],[121.83,18.84],[121.89,18.99],[121.92,18.89]]],[[[121.52,19.36],[121.53,19.27],[121.38,19.33],[121.52,19.36]]],[[[121.96,20.37],[121.94,20.45],[122.03,20.47],[121.96,20.37]]],[[[121.88,20.78],[121.8,20.75],[121.85,20.84],[121.88,20.78]]],[[[121.16,6.08],[121.39,6.0],[120.93,5.9],[120.9,6.01],[121.16,6.08]]],[[[117.08,7.88],[116.97,7.89],[117.08,8.07],[117.08,7.88]]],[[[119.92,10.49],[119.79,10.46],[119.85,10.64],[119.92,10.49]]],[[[120.1,12.17],[120.23,12.22],[120.31,12.01],[120.01,12.01],[119.9,12.31],[120.1,12.17]]],[[[120.04,11.7],[119.86,11.95],[120.04,11.92],[120.04,11.7]]],[[[122.65,10.47],[122.54,10.61],[122.67,10.74],[122.65,10.47]]],[[[124.59,9.79],[124.36,9.63],[123.94,9.62],[123.82,9.82],[124.17,10.14],[124.58,10.03],[124.59,9.79]]],[[[120.25,5.26],[119.96,5.08],[119.83,5.13],[120.21,5.34],[120.25,5.26]]],[[[122.09,6.43],[121.81,6.61],[122.06,6.74],[122.29,6.64],[122.09,6.43]]],[[[126.06,9.77],[126.07,10.06],[126.17,9.8],[126.06,9.77]]],[[[125.69,9.91],[125.49,10.12],[125.67,10.44],[125.69,9.91]]],[[[120.27,13.75],[120.1,13.78],[120.12,13.86],[120.27,13.75]]],[[[121.91,13.54],[122.11,13.46],[122.0,13.2],[121.83,13.33],[121.91,13.54]]],[[[122.09,12.35],[122.01,12.11],[121.92,12.33],[122.0,12.6],[122.15,12.65],[122.09,12.35]]],[[[122.65,12.31],[122.42,12.46],[122.6,12.49],[122.65,12.31]]],[[[123.28,12.85],[123.37,12.7],[122.95,13.06],[123.04,13.11],[123.28,12.85]]],[[[123.78,12.45],[123.59,12.63],[123.71,12.61],[123.78,12.45]]],[[[123.72,12.29],[124.04,11.97],[124.05,11.75],[123.53,12.2],[123.42,12.19],[123.16,11.93],[123.27,12.4],[123.24,12.58],[123.72,12.29]]],[[[124.35,13.63],[124.18,13.53],[124.04,13.66],[124.22,14.08],[124.42,13.87],[124.35,13.63]]],[[[122.18,14.05],[121.96,14.16],[121.96,14.23],[122.18,14.05]]],[[[122.03,15.01],[121.92,14.8],[121.84,15.04],[122.03,15.01]]],[[[124.32,10.61],[124.33,10.71],[124.38,10.63],[124.32,10.61]]],[[[125.28,9.98],[125.16,10.06],[125.23,10.12],[125.28,9.98]]],[[[122.94,7.41],[122.8,7.32],[122.82,7.43],[122.94,7.41]]],[[[125.78,6.96],[125.68,7.07],[125.78,7.13],[125.78,6.96]]],[[[124.61,11.49],[124.36,11.67],[124.51,11.69],[124.61,11.49]]],[[[124.81,9.14],[124.67,9.13],[124.74,9.24],[124.81,9.14]]],[[[121.25,19.08],[121.18,19.1],[121.21,19.18],[121.25,19.08]]],[[[119.86,11.53],[119.85,11.39],[119.73,11.43],[119.86,11.53]]],[[[123.76,11.28],[123.82,11.15],[123.74,11.15],[123.76,11.28]]],[[[122.31,12.53],[122.26,12.5],[122.29,12.59],[122.31,12.53]]],[[[125.97,9.59],[125.92,9.62],[125.97,9.76],[125.97,9.59]]],[[[124.85,11.59],[124.78,11.58],[124.73,11.72],[124.85,11.59]]],[[[117.36,8.21],[117.29,8.19],[117.28,8.31],[117.36,8.21]]],[[[123.7,9.24],[123.61,9.1],[123.49,9.19],[123.7,9.24]]]],"type":"MultiPolygon"},"id":"PHL","properties":{"id":"PHL","name":"Philippines"},"type":"Feature"},{"geometry":{"coordinates":[[[-69.97,-4.24],[-70.24,-4.3],[-70.4,-4.15],[-70.8,-4.17],[-70.97,-4.35],[-71.84,-4.5],[-72.7,-5.07],[-72.89,-5.12],[-72.98,-5.63],[-73.24,-6.1],[-73.14,-6.34],[-73.24,-6.56],[-73.5,-6.68],[-73.76,-6.91],[-73.72,-7.31],[-73.96,-7.38],[-74.0,-7.56],[-73.72,-7.78],[-73.78,-7.94],[-73.55,-8.35],[-72.97,-8.99],[-72.97,-9.12],[-73.21,-9.41],[-72.81,-9.41],[-72.38,-9.51],[-72.18,-10.0],[-71.24,-9.97],[-70.64,-9.48],[-70.64,-11.01],[-70.39,-11.06],[-69.96,-10.93],[-69.58,-10.95],[-68.69,-12.5],[-68.98,-12.88],[-68.98,-13.5],[-69.07,-13.68],[-68.88,-14.2],[-69.23,-14.6],[-69.37,-14.96],[-69.17,-15.24],[-69.42,-15.6],[-69.22,-16.15],[-68.91,-16.26],[-69.02,-16.64],[-69.44,-17.09],[-69.62,-17.2],[-69.51,-17.51],[-69.85,-17.7],[-69.8,-17.9],[-69.93,-18.21],[-70.42,-18.35],[-70.94,-17.93],[-71.34,-17.68],[-71.53,-17.29],[-72.11,-17.0],[-72.47,-16.71],[-72.79,-16.61],[-73.4,-16.3],[-73.82,-16.15],[-74.15,-15.91],[-75.1,-15.41],[-75.53,-14.9],[-75.93,-14.63],[-76.38,-13.86],[-76.26,-13.8],[-76.18,-13.52],[-76.83,-12.35],[-77.15,-12.06],[-77.22,-11.66],[-77.63,-11.29],[-77.74,-10.84],[-78.19,-10.09],[-78.45,-9.37],[-78.58,-9.16],[-78.76,-8.62],[-79.01,-8.21],[-79.38,-7.84],[-79.76,-7.07],[-80.11,-6.65],[-80.81,-6.28],[-81.14,-6.06],[-81.09,-5.81],[-80.88,-5.76],[-80.94,-5.48],[-81.17,-5.17],[-81.11,-5.03],[-81.34,-4.67],[-81.28,-4.32],[-80.8,-3.73],[-80.32,-3.39],[-80.18,-3.88],[-80.51,-4.07],[-80.35,-4.21],[-80.49,-4.39],[-80.38,-4.46],[-80.14,-4.3],[-79.8,-4.48],[-79.64,-4.45],[-79.33,-4.93],[-79.08,-4.99],[-78.86,-4.67],[-78.69,-4.56],[-78.68,-4.33],[-78.42,-3.78],[-78.35,-3.4],[-78.18,-3.35],[-77.86,-2.98],[-76.68,-2.56],[-76.09,-2.13],[-75.57,-1.53],[-75.41,-0.92],[-75.25,-0.95],[-75.26,-0.56],[-75.63,-0.16],[-75.14,-0.05],[-74.8,-0.2],[-74.42,-0.58],[-74.25,-0.97],[-73.66,-1.25],[-73.5,-1.69],[-73.2,-1.83],[-73.15,-2.28],[-72.89,-2.41],[-72.63,-2.35],[-72.4,-2.43],[-71.98,-2.33],[-71.75,-2.15],[-71.4,-2.33],[-70.91,-2.22],[-70.1,-2.66],[-70.07,-2.75],[-70.74,-3.78],[-70.34,-3.81],[-69.97,-4.24]]],"type":"Polygon"},"id":"PER","properties":{"id":"PER","name":"Peru"},"type":"Feature"},{"geometry":{"coordinates":[[[-58.16,-20.16],[-58.0,-20.47],[-57.83,-21.0],[-57.96,-22.11],[-56.94,-22.27],[-56.63,-22.23],[-56.39,-22.09],[-56.19,-22.28],[-55.85,-22.31],[-55.62,-22.67],[-55.65,-22.81],[-55.52,-23.42],[-55.54,-23.58],[-55.37,-23.99],[-54.98,-23.97],[-54.63,-23.81],[-54.24,-24.05],[-54.47,-25.22],[-54.61,-25.43],[-54.68,-26.31],[-54.83,-26.65],[-55.14,-26.93],[-55.43,-27.01],[-55.71,-27.41],[-56.16,-27.32],[-56.44,-27.55],[-56.6,-27.47],[-57.11,-27.47],[-58.17,-27.27],[-58.6,-27.31],[-58.64,-27.2],[-58.19,-26.63],[-58.2,-26.38],[-58.08,-26.14],[-57.89,-26.01],[-57.75,-25.7],[-57.57,-25.53],[-57.82,-25.14],[-58.14,-24.98],[-58.37,-24.96],[-59.37,-24.45],[-59.89,-24.09],[-60.84,-23.86],[-61.93,-23.06],[-62.21,-22.61],[-62.63,-22.29],[-62.63,-22.18],[-62.28,-21.07],[-62.28,-20.56],[-61.92,-20.06],[-61.76,-19.65],[-60.01,-19.3],[-59.09,-19.29],[-58.18,-19.82],[-58.16,-20.16]]],"type":"Polygon"},"id":"PRY","properties":{"id":"PRY","name":"Paraguay"},"type":"Feature"},{"geometry":{"coordinates":[[[[152.97,-4.76],[152.89,-4.83],[152.68,-4.5],[152.6,-3.99],[152.19,-3.51],[151.97,-3.45],[151.58,-3.15],[150.83,-2.71],[150.83,-2.57],[151.48,-2.94],[152.18,-3.41],[153.02,-4.11],[153.13,-4.35],[152.97,-4.76]]],[[[151.92,-4.3],[152.12,-4.21],[152.41,-4.34],[152.4,-4.73],[152.26,-4.95],[152.01,-5.0],[152.14,-5.36],[151.87,-5.56],[151.52,-5.55],[151.23,-5.92],[150.43,-6.28],[149.65,-6.29],[149.38,-6.08],[149.13,-6.13],[148.81,-5.92],[148.4,-5.77],[148.34,-5.54],[149.0,-5.48],[149.25,-5.57],[149.83,-5.52],[149.96,-5.45],[150.05,-5.03],[150.11,-5.43],[150.3,-5.54],[150.95,-5.42],[151.14,-5.11],[151.33,-4.96],[151.67,-4.88],[151.54,-4.3],[151.59,-4.2],[151.92,-4.3]]],[[[140.98,-9.12],[140.98,-6.91],[140.86,-6.74],[140.98,-6.35],[140.97,-2.61],[141.19,-2.63],[142.21,-3.08],[142.91,-3.32],[143.51,-3.43],[144.02,-3.78],[144.48,-3.83],[145.09,-4.35],[145.33,-4.39],[145.77,-4.82],[145.75,-5.4],[146.4,-5.62],[147.03,-5.92],[147.38,-5.95],[147.8,-6.32],[147.85,-6.66],[147.71,-6.72],[147.12,-6.72],[146.96,-6.93],[147.19,-7.38],[147.72,-7.88],[148.13,-8.1],[148.25,-8.55],[148.45,-8.69],[148.58,-9.05],[149.1,-9.02],[149.25,-9.07],[149.2,-9.41],[149.48,-9.59],[149.97,-9.66],[149.76,-9.81],[149.87,-10.01],[150.67,-10.26],[150.45,-10.31],[150.65,-10.52],[150.32,-10.65],[150.02,-10.58],[149.75,-10.35],[148.94,-10.26],[148.71,-10.17],[148.38,-10.19],[147.77,-10.07],[147.41,-9.67],[147.02,-9.39],[146.96,-9.06],[146.7,-9.03],[146.18,-8.25],[146.03,-8.08],[145.73,-7.95],[144.97,-7.8],[144.86,-7.63],[144.51,-7.57],[144.23,-7.76],[143.9,-7.67],[143.72,-7.5],[143.94,-7.94],[143.55,-7.98],[143.61,-8.2],[143.09,-8.31],[142.71,-8.27],[143.11,-8.47],[143.39,-8.8],[143.37,-8.96],[142.65,-9.33],[142.23,-9.17],[141.62,-9.21],[141.41,-9.15],[141.13,-9.22],[140.98,-9.12]]],[[[148.03,-5.83],[147.78,-5.63],[147.85,-5.49],[148.08,-5.65],[148.03,-5.83]]],[[[146.02,-4.73],[145.9,-4.73],[146.0,-4.54],[146.02,-4.73]]],[[[152.67,-3.13],[152.65,-3.22],[152.54,-3.1],[152.67,-3.13]]],[[[152.1,-2.95],[152.06,-2.99],[151.97,-2.85],[152.1,-2.95]]],[[[149.77,-1.55],[149.55,-1.47],[149.58,-1.35],[149.77,-1.55]]],[[[151.08,-10.02],[151.3,-9.96],[151.23,-10.19],[150.96,-10.09],[150.78,-9.71],[151.08,-10.02]]],[[[150.35,-9.49],[150.11,-9.36],[150.32,-9.26],[150.35,-9.49]]],[[[151.11,-8.73],[151.0,-8.52],[151.12,-8.42],[151.11,-8.73]]],[[[154.28,-11.36],[154.06,-11.42],[154.1,-11.31],[154.28,-11.36]]],[[[143.59,-8.48],[143.32,-8.37],[143.58,-8.39],[143.59,-8.48]]],[[[147.18,-5.43],[147.01,-5.31],[147.13,-5.19],[147.18,-5.43]]],[[[147.07,-1.96],[147.4,-2.03],[147.21,-2.18],[146.75,-2.15],[146.55,-2.21],[146.66,-1.97],[147.07,-1.96]]],[[[150.44,-2.66],[150.17,-2.66],[149.96,-2.47],[150.23,-2.38],[150.43,-2.47],[150.44,-2.66]]],[[[150.53,-9.35],[150.79,-9.42],[150.89,-9.67],[150.44,-9.62],[150.53,-9.35]]],[[[152.63,-8.96],[152.81,-8.97],[152.97,-9.21],[152.72,-9.17],[152.63,-8.96]]],[[[153.54,-11.48],[153.76,-11.59],[153.38,-11.56],[153.2,-11.32],[153.54,-11.48]]],[[[143.59,-8.63],[143.25,-8.49],[143.44,-8.52],[143.59,-8.63]]],[[[147.88,-2.28],[147.79,-2.31],[147.84,-2.25],[147.88,-2.28]]],[[[151.96,-2.83],[151.95,-2.71],[152.01,-2.81],[151.96,-2.83]]],[[[150.9,-10.57],[150.88,-10.64],[150.79,-10.6],[150.9,-10.57]]],[[[153.66,-4.1],[153.59,-4.1],[153.66,-4.04],[153.66,-4.1]]],[[[155.96,-6.69],[155.72,-6.86],[155.34,-6.72],[155.2,-6.31],[154.78,-5.97],[154.73,-5.44],[155.09,-5.62],[155.47,-6.15],[155.82,-6.38],[155.96,-6.69]]],[[[154.65,-5.43],[154.54,-5.11],[154.73,-5.22],[154.65,-5.43]]]],"type":"MultiPolygon"},"id":"PNG","properties":{"id":"PNG","name":"Papua New Guinea"},"type":"Feature"},{"geometry":{"coordinates":[[[[-77.37,8.66],[-77.48,8.5],[-77.2,7.97],[-77.35,7.71],[-77.59,7.54],[-77.73,7.71],[-77.9,7.23],[-78.17,7.54],[-78.42,8.06],[-78.11,8.38],[-79.09,9.0],[-79.44,9.01],[-79.69,8.85],[-79.75,8.6],[-80.13,8.35],[-80.37,8.29],[-80.46,8.08],[-80.08,7.67],[-80.01,7.5],[-80.29,7.43],[-80.44,7.27],[-80.85,7.22],[-81.04,7.71],[-81.16,7.85],[-81.22,7.62],[-81.5,7.72],[-81.73,8.14],[-82.16,8.19],[-82.24,8.31],[-83.02,8.32],[-82.86,8.45],[-82.92,8.74],[-82.74,8.95],[-82.94,9.06],[-82.94,9.45],[-82.8,9.59],[-82.56,9.58],[-82.37,9.43],[-82.24,9.03],[-82.08,8.93],[-81.78,8.96],[-81.35,8.78],[-80.84,8.89],[-80.55,9.08],[-80.13,9.21],[-79.58,9.6],[-79.02,9.51],[-78.93,9.43],[-78.5,9.41],[-78.08,9.24],[-77.37,8.66]]],[[[-78.9,8.27],[-78.96,8.44],[-78.86,8.45],[-78.9,8.27]]],[[[-81.6,7.33],[-81.85,7.45],[-81.73,7.62],[-81.6,7.33]]],[[[-82.23,9.38],[-82.24,9.33],[-82.32,9.42],[-82.23,9.38]]],[[[-79.07,8.25],[-79.11,8.21],[-79.1,8.3],[-79.07,8.25]]]],"type":"MultiPolygon"},"id":"PAN","properties":{"id":"PAN","name":"Panama"},"type":"Feature"},{"geometry":{"coordinates":[[[[131.17,3.03],[131.13,3.03],[131.19,3.06],[131.17,3.03]]],[[[134.6,7.38],[134.52,7.53],[134.65,7.71],[134.6,7.38]]]],"type":"MultiPolygon"},"id":"PLW","properties":{"id":"PLW","name":"Palau"},"type":"Feature"},{"geometry":{"coordinates":[[[76.77,35.66],[77.05,35.11],[77.0,34.99],[76.59,34.74],[76.04,34.67],[75.71,34.5],[75.19,34.64],[74.3,34.77],[73.96,34.65],[73.81,34.33],[73.98,34.19],[73.95,34.02],[74.25,33.99],[74.0,33.79],[74.15,33.51],[73.99,33.24],[74.3,32.99],[74.35,32.77],[74.66,32.76],[74.66,32.52],[74.99,32.46],[75.33,32.28],[75.25,32.14],[74.74,31.95],[74.51,31.71],[74.59,31.47],[74.52,31.19],[74.63,31.03],[74.34,30.89],[73.9,30.44],[73.93,30.22],[73.81,30.09],[73.38,29.93],[73.23,29.55],[72.9,29.03],[72.34,28.75],[72.18,28.42],[71.95,28.18],[71.87,27.96],[70.74,27.73],[70.63,27.94],[70.4,28.03],[70.14,27.85],[69.9,27.47],[69.57,27.17],[69.47,26.8],[69.74,26.63],[70.06,26.58],[70.16,26.47],[70.1,25.91],[70.26,25.71],[70.65,25.67],[70.65,25.42],[71.05,24.69],[71.04,24.4],[70.72,24.24],[70.55,24.42],[69.72,24.17],[69.56,24.27],[68.73,24.27],[68.72,23.96],[68.28,23.93],[68.12,23.75],[67.86,23.9],[67.67,23.81],[67.31,24.17],[67.17,24.76],[66.7,24.86],[66.7,25.23],[66.43,25.58],[66.23,25.46],[65.68,25.36],[65.41,25.37],[64.78,25.31],[64.66,25.18],[64.15,25.33],[63.56,25.35],[63.49,25.21],[62.57,25.25],[62.32,25.13],[61.57,25.19],[61.67,25.77],[61.87,26.24],[62.24,26.36],[62.44,26.56],[63.17,26.67],[63.31,27.12],[63.17,27.25],[62.75,27.27],[62.81,27.5],[62.76,28.2],[62.35,28.41],[61.89,28.55],[61.62,28.79],[61.32,29.37],[60.84,29.86],[62.48,29.41],[63.57,29.5],[64.1,29.39],[64.52,29.56],[65.1,29.56],[66.18,29.84],[66.31,29.97],[66.24,30.11],[66.29,30.61],[66.4,30.91],[66.92,31.31],[67.29,31.22],[67.74,31.34],[67.58,31.51],[68.02,31.68],[68.16,31.8],[68.6,31.8],[68.87,31.63],[69.28,31.94],[69.24,32.43],[69.41,32.68],[69.5,33.02],[69.92,33.11],[70.28,33.37],[69.87,33.9],[69.99,34.05],[70.42,33.95],[71.05,34.05],[71.1,34.37],[70.97,34.53],[71.62,35.18],[71.6,35.41],[71.43,35.83],[71.19,36.04],[71.62,36.44],[71.77,36.43],[72.16,36.7],[72.62,36.83],[73.77,36.89],[74.0,36.82],[74.54,37.02],[75.35,36.91],[75.42,36.74],[75.84,36.65],[75.97,36.38],[75.9,36.09],[76.15,35.83],[76.55,35.89],[76.77,35.66]]],"type":"Polygon"},"id":"PAK","properties":{"id":"PAK","name":"Pakistan"},"type":"Feature"},{"geometry":{"coordinates":[[[[58.72,20.22],[58.64,20.34],[58.88,20.68],[58.95,20.52],[58.72,20.22]]],[[[53.09,16.65],[52.8,17.27],[52.73,17.3],[51.98,19.0],[54.98,20.0],[55.64,22.0],[55.19,22.7],[55.2,23.03],[55.51,23.72],[55.47,23.94],[55.99,24.06],[55.76,24.24],[55.8,24.87],[55.92,24.97],[56.06,24.74],[56.39,24.98],[56.64,24.47],[56.91,24.15],[57.22,23.92],[58.58,23.64],[58.77,23.52],[59.03,23.13],[59.54,22.58],[59.82,22.51],[59.8,22.22],[59.37,21.5],[58.9,21.11],[58.47,20.41],[58.21,20.42],[58.1,20.57],[57.86,20.24],[57.72,19.61],[57.81,19.02],[57.18,18.9],[56.83,18.75],[56.66,18.59],[56.55,18.17],[56.27,17.95],[55.48,17.84],[55.26,17.59],[55.3,17.38],[55.06,17.04],[54.77,16.96],[54.57,17.03],[54.07,17.01],[53.61,16.76],[53.09,16.65]]],[[[56.3,25.65],[56.14,25.69],[56.16,26.21],[56.43,26.33],[56.37,25.8],[56.3,25.65]]],[[[56.28,25.24],[56.21,25.21],[56.23,25.3],[56.28,25.24]]]],"type":"MultiPolygon"},"id":"OMN","properties":{"id":"OMN","name":"Oman"},"type":"Feature"},{"geometry":{"coordinates":[[[[20.62,69.04],[20.12,69.02],[20.34,68.9],[20.32,68.75],[19.97,68.54],[20.24,68.48],[19.97,68.36],[18.38,68.56],[18.16,68.53],[18.18,68.2],[17.92,67.96],[17.32,68.1],[16.78,67.9],[16.59,67.63],[16.13,67.43],[16.43,67.16],[16.4,67.05],[15.42,66.49],[15.48,66.31],[15.15,66.19],[14.54,66.13],[14.64,65.85],[14.48,65.3],[14.12,64.95],[13.65,64.58],[14.08,64.46],[14.14,64.17],[13.96,64.01],[13.3,64.07],[12.66,63.94],[12.18,63.6],[12.21,63.49],[12.0,63.29],[12.22,63.0],[12.11,62.92],[12.11,62.59],[12.3,62.29],[12.16,61.72],[12.6,61.54],[12.88,61.35],[12.68,61.05],[12.29,61.0],[12.59,60.45],[12.49,60.11],[12.17,59.91],[11.93,59.86],[11.68,59.59],[11.8,59.29],[11.64,58.93],[11.47,58.91],[11.37,59.1],[10.83,59.18],[10.57,59.59],[10.4,59.52],[10.43,59.28],[10.18,59.01],[9.84,58.96],[9.64,59.12],[9.62,58.95],[8.93,58.57],[8.52,58.3],[8.17,58.15],[7.47,58.02],[7.0,58.02],[6.91,58.14],[6.56,58.12],[6.66,58.26],[6.39,58.27],[5.71,58.52],[5.52,58.73],[5.61,59.01],[6.1,58.87],[5.89,59.06],[5.95,59.3],[6.4,59.56],[5.36,59.17],[5.13,59.23],[5.3,59.64],[5.47,59.71],[5.77,59.66],[6.21,59.83],[5.83,59.79],[5.73,59.86],[6.11,60.13],[6.14,60.23],[6.52,60.41],[6.53,60.15],[6.81,60.5],[6.15,60.35],[5.49,59.83],[5.11,59.67],[5.21,60.09],[5.42,60.15],[5.18,60.31],[5.24,60.57],[5.05,60.71],[5.01,61.04],[5.98,61.12],[6.42,61.08],[6.78,61.14],[7.08,60.97],[7.04,61.09],[7.55,61.18],[7.35,61.3],[7.28,61.18],[6.66,61.21],[5.32,61.11],[5.02,61.25],[5.0,61.43],[5.34,61.49],[4.93,61.71],[4.93,61.88],[5.47,61.9],[6.02,61.79],[6.73,61.87],[6.13,61.85],[5.16,61.96],[5.14,62.16],[5.36,62.15],[5.53,62.31],[5.91,62.42],[6.08,62.35],[6.69,62.47],[6.14,62.41],[6.35,62.61],[6.74,62.64],[7.69,62.59],[7.54,62.67],[8.05,62.77],[7.41,62.71],[6.78,62.7],[7.01,62.96],[7.57,63.1],[8.1,63.09],[8.62,62.85],[8.16,63.16],[8.27,63.29],[8.58,63.31],[8.4,63.54],[8.84,63.65],[9.32,63.57],[9.7,63.62],[9.98,63.4],[10.34,63.47],[10.76,63.46],[10.73,63.63],[11.37,63.8],[11.18,63.9],[11.31,64.05],[10.91,63.92],[10.93,63.77],[10.34,63.57],[9.92,63.52],[9.61,63.79],[10.57,64.42],[10.93,64.58],[11.52,64.74],[11.3,64.75],[11.49,64.98],[12.16,65.18],[12.51,65.1],[12.92,65.34],[12.51,65.2],[12.13,65.28],[12.27,65.57],[12.82,65.95],[13.03,65.96],[12.78,66.1],[13.67,66.18],[13.97,66.32],[13.12,66.23],[13.07,66.43],[13.21,66.64],[13.62,66.79],[13.96,66.79],[13.65,66.91],[14.11,67.12],[15.43,67.25],[14.45,67.3],[14.96,67.57],[15.47,67.45],[15.69,67.52],[15.35,67.54],[15.3,67.77],[14.78,67.67],[14.8,67.81],[15.05,67.96],[15.4,67.92],[15.61,67.99],[15.32,68.07],[16.01,68.23],[16.26,67.89],[16.39,68.09],[16.17,68.28],[16.39,68.39],[16.86,68.36],[17.55,68.43],[16.58,68.47],[16.65,68.63],[17.13,68.69],[17.39,68.8],[17.7,69.1],[18.1,69.16],[18.08,69.33],[18.29,69.48],[18.65,69.32],[18.92,69.34],[18.62,69.43],[18.99,69.56],[19.2,69.75],[19.72,69.78],[19.64,69.42],[20.07,69.88],[20.39,69.87],[20.28,69.54],[20.04,69.36],[20.49,69.54],[20.62,69.91],[21.16,69.89],[21.43,70.01],[21.93,69.81],[21.8,70.07],[21.36,70.23],[21.78,70.23],[22.68,70.37],[22.94,70.3],[23.05,70.1],[23.26,69.99],[23.38,70.25],[23.66,70.4],[24.04,70.49],[24.42,70.7],[24.26,70.83],[24.76,71.01],[25.26,70.84],[25.44,70.91],[25.77,70.85],[25.27,70.55],[24.99,70.22],[25.04,70.11],[25.42,70.24],[25.47,70.34],[26.51,70.91],[26.73,70.85],[26.56,70.67],[26.59,70.41],[26.99,70.51],[27.18,70.74],[27.56,70.83],[27.24,70.95],[27.6,71.09],[28.39,70.98],[28.22,70.7],[28.17,70.29],[28.44,70.5],[28.61,70.76],[28.83,70.86],[29.1,70.86],[29.8,70.64],[30.07,70.7],[30.21,70.54],[30.6,70.52],[30.93,70.4],[30.94,70.27],[29.93,70.1],[28.78,70.15],[28.8,70.09],[29.6,69.98],[29.64,69.78],[30.16,69.75],[30.18,69.84],[30.87,69.78],[30.86,69.54],[30.23,69.63],[29.99,69.39],[29.39,69.3],[29.21,69.1],[28.97,69.02],[28.85,69.18],[29.33,69.47],[29.14,69.67],[28.41,69.82],[27.89,70.06],[27.59,70.04],[27.11,69.9],[26.53,69.92],[26.01,69.65],[25.75,69.23],[25.75,68.99],[25.36,68.86],[24.94,68.59],[23.85,68.81],[23.32,68.65],[22.41,68.72],[22.3,68.86],[21.62,69.27],[21.27,69.27],[21.05,69.19],[21.07,69.04],[20.62,69.04]]],[[[4.96,61.08],[4.8,61.08],[4.92,61.2],[4.96,61.08]]],[[[5.09,60.31],[4.94,60.27],[4.99,60.45],[5.09,60.31]]],[[[29.96,69.8],[29.77,69.77],[29.84,69.91],[29.96,69.8]]],[[[11.97,65.63],[11.78,65.6],[11.8,65.68],[11.97,65.63]]],[[[8.47,63.67],[8.71,63.77],[8.79,63.7],[8.47,63.67]]],[[[8.1,63.34],[7.8,63.41],[8.07,63.47],[8.1,63.34]]],[[[23.44,70.82],[23.07,70.59],[22.36,70.51],[21.99,70.66],[22.96,70.71],[23.44,70.82]]],[[[25.59,71.14],[25.95,71.1],[26.13,71.0],[25.58,70.96],[25.31,71.03],[25.59,71.14]]],[[[23.62,70.55],[23.55,70.41],[23.16,70.28],[22.94,70.44],[23.55,70.62],[23.62,70.55]]],[[[24.02,70.57],[23.67,70.6],[23.78,70.75],[24.08,70.65],[24.02,70.57]]],[[[13.87,68.27],[14.09,68.25],[13.78,68.1],[13.23,68.0],[13.2,68.09],[13.54,68.25],[13.87,68.27]]],[[[12.97,67.87],[12.96,68.02],[13.12,68.05],[12.97,67.87]]],[[[15.21,68.94],[15.4,68.78],[15.22,68.62],[14.52,68.63],[14.37,68.71],[14.55,68.82],[14.8,68.79],[15.04,69.0],[15.21,68.94]]],[[[19.77,70.22],[20.08,70.13],[19.78,70.08],[19.77,70.22]]],[[[20.78,70.09],[20.41,70.15],[20.82,70.21],[20.78,70.09]]],[[[19.26,70.07],[19.59,69.97],[19.13,69.81],[18.78,69.58],[18.27,69.54],[18.35,69.77],[18.67,69.78],[18.69,69.89],[19.21,70.25],[19.26,70.07]]],[[[12.51,65.9],[12.55,66.0],[12.75,66.01],[12.51,65.9]]],[[[12.42,66.04],[12.46,66.19],[12.62,66.18],[12.42,66.04]]],[[[11.23,64.87],[10.83,64.84],[11.13,64.98],[11.23,64.87]]],[[[17.5,69.6],[18.0,69.5],[17.95,69.2],[17.49,69.2],[17.16,69.03],[16.81,69.07],[16.97,69.14],[17.0,69.36],[17.36,69.38],[17.25,69.5],[17.5,69.6]]],[[[15.76,68.56],[16.33,68.88],[16.52,68.63],[15.91,68.39],[15.44,68.31],[14.93,68.31],[14.63,68.2],[14.26,68.19],[14.59,68.4],[15.1,68.44],[15.41,68.62],[15.56,68.87],[15.48,69.04],[15.89,69.28],[16.11,69.22],[15.81,69.02],[15.93,68.73],[15.76,68.56]]],[[[-8.95,70.84],[-8.96,70.92],[-8.34,71.14],[-8.0,71.18],[-8.0,71.04],[-8.64,70.94],[-8.95,70.84]]],[[[19.22,74.39],[18.8,74.49],[19.18,74.52],[19.22,74.39]]],[[[26.88,78.65],[26.46,78.72],[26.59,78.81],[27.01,78.7],[26.88,78.65]]],[[[32.53,80.12],[31.48,80.11],[33.38,80.24],[33.56,80.2],[32.53,80.12]]],[[[21.61,78.6],[22.04,78.58],[22.3,78.23],[22.99,78.25],[23.45,78.15],[23.12,77.99],[23.68,77.88],[24.24,77.9],[24.9,77.76],[24.13,77.66],[23.84,77.5],[23.38,77.38],[23.1,77.39],[22.8,77.28],[22.43,77.32],[22.44,77.43],[22.73,77.54],[22.25,77.53],[21.05,77.44],[20.87,77.57],[21.2,77.62],[21.65,77.92],[21.21,78.01],[20.53,78.33],[20.36,78.51],[21.61,78.6]]],[[[20.9,80.25],[21.55,80.24],[21.7,80.16],[22.29,80.05],[22.44,80.19],[22.45,80.4],[23.01,80.47],[23.32,80.43],[23.11,80.19],[23.69,80.21],[24.3,80.36],[24.55,80.3],[25.47,80.23],[25.84,80.18],[26.86,80.16],[27.15,80.06],[27.2,79.91],[26.01,79.62],[25.64,79.4],[25.15,79.34],[24.75,79.36],[23.95,79.19],[22.9,79.23],[22.7,79.33],[22.87,79.41],[21.91,79.38],[20.86,79.4],[20.13,79.49],[19.67,79.59],[20.49,79.63],[20.78,79.75],[20.12,79.78],[19.4,79.73],[18.73,79.76],[18.26,79.93],[18.86,80.04],[18.34,80.06],[17.92,80.14],[18.78,80.19],[19.34,80.12],[19.54,80.16],[19.19,80.26],[19.33,80.32],[19.75,80.23],[19.61,80.46],[20.36,80.4],[20.9,80.25]]],[[[16.79,79.91],[16.97,79.96],[17.58,79.88],[17.96,79.7],[17.69,79.53],[17.67,79.39],[18.27,79.6],[18.75,79.49],[18.68,79.26],[19.09,79.16],[19.75,79.15],[19.89,79.06],[20.16,79.15],[20.77,79.06],[20.5,78.98],[21.39,78.74],[21.1,78.68],[19.77,78.62],[19.06,78.32],[19.0,78.08],[18.44,78.03],[18.36,77.68],[18.23,77.52],[17.85,77.5],[17.62,77.4],[17.15,77.05],[17.25,76.97],[16.98,76.81],[17.06,76.66],[16.7,76.58],[15.55,76.89],[15.12,77.09],[14.49,77.2],[14.0,77.45],[14.07,77.56],[14.7,77.53],[14.92,77.69],[16.21,77.78],[17.03,77.8],[16.85,77.91],[16.06,77.85],[15.59,77.87],[14.6,77.77],[14.09,77.77],[13.79,77.85],[13.68,78.03],[15.7,78.23],[15.66,78.3],[16.15,78.35],[16.78,78.35],[16.45,78.5],[16.78,78.66],[16.53,78.66],[15.94,78.49],[15.42,78.47],[15.26,78.61],[15.32,78.78],[14.89,78.64],[14.47,78.68],[14.43,78.49],[14.64,78.41],[14.11,78.27],[13.15,78.24],[12.66,78.38],[12.26,78.59],[11.77,78.72],[11.86,78.83],[11.37,78.95],[11.55,78.98],[12.27,78.9],[11.89,79.15],[12.08,79.27],[11.58,79.28],[11.62,79.21],[11.21,79.13],[10.74,79.52],[10.69,79.73],[10.87,79.8],[11.7,79.82],[12.29,79.71],[12.28,79.82],[12.75,79.78],[13.69,79.86],[13.78,79.72],[13.04,79.69],[12.56,79.57],[13.22,79.59],[13.38,79.48],[13.96,79.34],[14.04,79.59],[14.59,79.8],[15.05,79.68],[15.66,79.23],[16.29,78.98],[16.25,79.11],[15.88,79.52],[15.82,79.68],[16.1,79.88],[16.09,80.01],[16.52,80.02],[16.79,79.91]]],[[[11.25,78.61],[11.83,78.44],[12.12,78.23],[11.97,78.22],[11.37,78.44],[11.12,78.46],[10.63,78.75],[10.56,78.9],[10.96,78.85],[11.25,78.61]]],[[[18.74,80.3],[18.52,80.25],[18.16,80.29],[18.29,80.36],[18.74,80.3]]],[[[29.05,78.91],[29.7,78.9],[29.31,78.85],[28.49,78.89],[27.89,78.85],[28.41,78.96],[29.05,78.91]]]],"type":"MultiPolygon"},"id":"NOR","properties":{"id":"NOR","name":"Norway"},"type":"Feature"},{"geometry":{"coordinates":[[[[128.37,38.62],[128.04,38.31],[127.17,38.3],[127.01,38.24],[126.67,37.92],[126.66,37.8],[126.37,37.88],[126.12,37.74],[125.77,37.99],[125.36,37.72],[125.31,37.84],[124.99,37.93],[125.25,38.06],[124.69,38.13],[124.87,38.23],[125.07,38.56],[125.31,38.67],[125.16,38.87],[125.41,39.29],[125.36,39.53],[124.78,39.76],[124.64,39.62],[124.35,39.91],[124.39,40.1],[124.89,40.46],[125.42,40.66],[125.73,40.87],[125.99,40.9],[126.49,41.36],[126.6,41.64],[126.9,41.78],[127.18,41.53],[128.11,41.39],[128.29,41.56],[128.05,41.99],[128.92,42.04],[129.2,42.22],[129.31,42.41],[129.72,42.48],[129.9,43.0],[130.24,42.89],[130.25,42.74],[130.5,42.57],[130.69,42.3],[130.46,42.3],[130.07,42.05],[129.76,41.71],[129.71,40.86],[129.34,40.73],[129.11,40.49],[128.7,40.32],[128.3,40.04],[127.97,40.0],[127.57,39.78],[127.55,39.46],[127.39,39.21],[127.79,39.08],[128.37,38.62]]],[[[124.91,39.54],[124.85,39.56],[124.93,39.61],[124.91,39.54]]]],"type":"MultiPolygon"},"id":"PRK","properties":{"id":"PRK","name":"North Korea"},"type":"Feature"},{"geometry":{"coordinates":[[[[7.3,4.42],[7.14,4.4],[7.23,4.53],[7.3,4.42]]],[[[13.61,13.7],[14.06,13.08],[14.2,12.38],[14.52,12.3],[14.63,12.11],[14.56,11.49],[13.89,11.14],[13.54,10.61],[13.41,10.17],[13.27,10.04],[13.18,9.54],[12.93,9.43],[12.81,8.89],[12.58,8.62],[12.4,8.6],[12.23,8.28],[12.02,7.59],[11.77,7.27],[11.86,7.12],[11.58,6.89],[11.55,6.7],[11.15,6.44],[11.03,6.7],[10.61,7.06],[10.48,6.89],[10.21,6.89],[10.14,7.0],[9.78,6.76],[9.66,6.53],[9.06,6.01],[8.94,5.78],[8.8,5.2],[8.51,4.72],[8.23,4.91],[8.29,4.56],[7.8,4.52],[7.28,4.55],[7.01,4.4],[6.08,4.29],[5.59,4.65],[5.38,5.13],[5.39,5.4],[4.86,6.03],[4.43,6.35],[4.13,6.41],[3.49,6.41],[3.75,6.58],[3.43,6.53],[3.34,6.4],[2.71,6.37],[2.77,6.71],[2.72,6.98],[2.75,7.4],[2.69,7.87],[2.77,9.05],[3.04,9.08],[3.14,9.45],[3.33,9.78],[3.56,9.91],[3.58,10.27],[3.83,10.61],[3.72,11.08],[3.49,11.4],[3.62,11.83],[3.65,12.53],[3.95,12.78],[4.09,13.06],[4.15,13.46],[4.42,13.65],[4.82,13.76],[5.24,13.76],[5.49,13.87],[6.39,13.6],[6.8,13.11],[7.06,13.0],[7.79,13.34],[8.1,13.29],[8.75,12.91],[9.2,12.82],[9.62,12.81],[9.93,13.14],[10.18,13.27],[10.96,13.37],[11.41,13.35],[11.99,13.19],[12.12,13.09],[12.46,13.09],[12.65,13.33],[13.32,13.67],[13.61,13.7]]]],"type":"MultiPolygon"},"id":"NGA","properties":{"id":"NGA","name":"Nigeria"},"type":"Feature"},{"geometry":{"coordinates":[[[13.61,13.7],[13.32,13.67],[12.65,13.33],[12.46,13.09],[12.12,13.09],[11.99,13.19],[11.41,13.35],[10.96,13.37],[10.18,13.27],[9.93,13.14],[9.62,12.81],[9.2,12.82],[8.75,12.91],[8.1,13.29],[7.79,13.34],[7.06,13.0],[6.8,13.11],[6.39,13.6],[5.49,13.87],[5.24,13.76],[4.82,13.76],[4.42,13.65],[4.15,13.46],[4.09,13.06],[3.95,12.78],[3.65,12.53],[3.6,11.7],[2.88,12.37],[2.37,12.22],[2.39,11.9],[2.09,12.28],[2.23,12.47],[2.07,12.71],[1.79,12.61],[1.56,12.64],[0.99,13.04],[0.99,13.36],[1.2,13.36],[0.98,13.55],[0.62,13.7],[0.35,14.14],[0.38,14.25],[0.16,14.5],[0.23,14.96],[0.96,14.99],[1.3,15.27],[3.0,15.34],[3.06,15.43],[3.5,15.36],[3.52,15.48],[3.88,15.76],[4.12,16.36],[4.23,17.0],[4.23,19.14],[5.75,19.43],[5.84,19.48],[7.48,20.87],[11.97,23.52],[13.48,23.18],[14.23,22.62],[14.98,23.0],[15.17,21.92],[15.18,21.52],[15.61,20.95],[15.59,20.73],[15.95,20.3],[15.74,19.9],[15.47,16.91],[14.37,15.75],[13.81,14.97],[13.45,14.38],[13.61,13.7]]],"type":"Polygon"},"id":"NER","properties":{"id":"NER","name":"Niger"},"type":"Feature"},{"geometry":{"coordinates":[[[-83.16,14.99],[-83.3,14.8],[-83.19,14.34],[-83.41,14.0],[-83.57,13.32],[-83.51,12.41],[-83.58,12.67],[-83.75,12.5],[-83.65,12.29],[-83.68,12.02],[-83.83,11.86],[-83.65,11.64],[-83.87,11.3],[-83.66,10.84],[-83.81,10.74],[-84.17,10.78],[-84.35,10.98],[-84.7,11.05],[-84.91,10.95],[-85.62,11.18],[-85.75,11.09],[-85.96,11.33],[-86.47,11.74],[-86.76,12.16],[-87.67,12.9],[-87.54,13.04],[-87.42,12.92],[-87.06,12.99],[-86.92,13.22],[-86.71,13.31],[-86.73,13.76],[-86.33,13.77],[-86.04,14.05],[-85.79,13.84],[-85.18,14.34],[-85.16,14.53],[-84.86,14.81],[-84.54,14.63],[-83.87,14.79],[-83.42,15.01],[-83.16,14.99]]],"type":"Polygon"},"id":"NIC","properties":{"id":"NIC","name":"Nicaragua"},"type":"Feature"},{"geometry":{"coordinates":[[[[173.12,-41.28],[173.23,-41.28],[173.74,-40.99],[174.3,-41.02],[174.14,-41.25],[174.37,-41.19],[174.07,-41.43],[174.28,-41.74],[173.89,-42.13],[173.84,-42.27],[173.55,-42.52],[173.22,-42.98],[172.89,-43.12],[172.73,-43.35],[172.81,-43.62],[173.07,-43.68],[173.07,-43.87],[172.75,-43.81],[172.18,-43.9],[171.66,-44.12],[171.44,-44.14],[171.23,-44.52],[171.13,-44.98],[170.94,-45.22],[170.7,-45.68],[170.78,-45.87],[170.42,-45.94],[169.69,-46.55],[169.1,-46.63],[168.77,-46.57],[168.38,-46.61],[168.19,-46.36],[167.84,-46.37],[167.68,-46.19],[167.37,-46.24],[166.73,-46.2],[166.92,-45.96],[166.65,-46.04],[166.72,-45.89],[166.49,-45.96],[166.51,-45.81],[166.81,-45.7],[166.99,-45.53],[166.73,-45.54],[166.91,-45.31],[167.16,-45.41],[167.23,-45.29],[167.03,-45.12],[167.86,-44.5],[168.37,-44.08],[168.81,-43.99],[169.52,-43.62],[169.83,-43.54],[169.86,-43.43],[170.46,-43.04],[170.74,-42.93],[171.03,-42.7],[171.25,-42.4],[171.49,-41.79],[171.83,-41.66],[172.01,-41.44],[172.14,-40.95],[172.27,-40.76],[172.64,-40.52],[172.77,-40.77],[172.99,-40.85],[173.12,-41.28]]],[[[173.91,-40.86],[173.81,-40.79],[173.96,-40.71],[173.91,-40.86]]],[[[166.75,-45.66],[166.73,-45.73],[166.53,-45.7],[166.75,-45.66]]],[[[166.98,-45.18],[167.02,-45.3],[166.89,-45.24],[166.98,-45.18]]],[[[168.14,-46.86],[168.24,-47.07],[167.52,-47.26],[167.8,-46.91],[167.78,-46.7],[167.96,-46.69],[168.14,-46.86]]],[[[175.54,-36.28],[175.35,-36.22],[175.41,-36.07],[175.54,-36.28]]],[[[173.27,-34.93],[173.84,-35.03],[174.1,-35.14],[174.14,-35.3],[174.32,-35.25],[174.54,-35.58],[174.58,-35.79],[174.39,-35.77],[174.8,-36.31],[174.82,-36.61],[174.72,-36.84],[175.3,-36.99],[175.39,-37.21],[175.54,-37.2],[175.46,-36.48],[175.88,-36.96],[176.04,-37.6],[176.77,-37.89],[177.34,-37.99],[178.01,-37.55],[178.27,-37.57],[178.54,-37.69],[178.39,-37.96],[178.27,-38.55],[177.98,-38.72],[177.91,-39.24],[177.79,-39.11],[177.41,-39.08],[177.13,-39.19],[176.95,-39.37],[176.97,-39.61],[177.11,-39.67],[176.84,-40.16],[176.39,-40.67],[175.98,-41.21],[175.31,-41.61],[175.17,-41.42],[174.91,-41.43],[174.88,-41.28],[174.64,-41.29],[175.16,-40.62],[175.25,-40.29],[175.01,-39.95],[174.57,-39.81],[174.35,-39.64],[173.93,-39.51],[173.76,-39.32],[173.84,-39.14],[174.4,-38.96],[174.6,-38.79],[174.72,-38.23],[174.93,-37.8],[174.59,-37.1],[174.73,-37.22],[174.93,-37.08],[174.78,-36.94],[174.48,-36.94],[174.19,-36.49],[174.4,-36.6],[174.39,-36.24],[174.25,-36.25],[173.92,-36.02],[174.17,-36.33],[173.95,-36.18],[173.12,-35.21],[173.19,-35.02],[172.71,-34.46],[173.04,-34.43],[172.96,-34.54],[173.27,-34.93]]],[[[169.18,-52.5],[169.13,-52.57],[169.02,-52.5],[169.18,-52.5]]],[[[166.22,-50.76],[165.92,-50.76],[166.1,-50.54],[166.27,-50.56],[166.22,-50.76]]],[[[-176.18,-43.74],[-176.38,-43.87],[-176.33,-44.05],[-176.6,-44.11],[-176.52,-43.9],[-176.85,-43.82],[-176.57,-43.72],[-176.18,-43.74]]],[[[-176.18,-44.32],[-176.23,-44.24],[-176.12,-44.27],[-176.18,-44.32]]],[[[-172.48,-8.58],[-172.5,-8.55],[-172.49,-8.56],[-172.48,-8.58]]],[[[-171.19,-9.36],[-171.2,-9.34],[-171.19,-9.34],[-171.19,-9.36]]]],"type":"MultiPolygon"},"id":"NZL","properties":{"id":"NZL","name":"New Zealand"},"type":"Feature"},{"geometry":{"coordinates":[[[-169.8,-19.08],[-169.95,-19.07],[-169.83,-18.97],[-169.8,-19.08]]],"type":"Polygon"},"id":"NIU","properties":{"id":"NIU","name":"Niue"},"type":"Feature"},{"geometry":{"coordinates":[[[-159.74,-21.25],[-159.84,-21.24],[-159.77,-21.19],[-159.74,-21.25]]],"type":"Polygon"},"id":"COK","properties":{"id":"COK","name":"Cook Is."},"type":"Feature"},{"geometry":{"coordinates":[[[[5.99,50.75],[5.64,50.84],[5.83,51.13],[5.48,51.29],[5.1,51.35],[5.03,51.47],[4.82,51.41],[4.5,51.47],[4.3,51.36],[3.82,51.41],[3.45,51.54],[4.18,51.61],[3.95,51.81],[4.08,51.99],[4.48,52.31],[4.68,52.81],[5.36,53.1],[5.53,53.27],[6.06,53.41],[6.82,53.44],[7.2,53.28],[7.19,53.0],[7.01,52.63],[6.75,52.63],[6.75,52.46],[7.04,52.38],[6.98,52.21],[6.75,52.1],[6.74,51.91],[6.36,51.82],[6.17,51.88],[5.95,51.76],[6.19,51.49],[6.13,51.15],[5.89,50.98],[5.99,50.75]]],[[[4.23,51.39],[3.9,51.21],[3.35,51.38],[4.23,51.39]]],[[[6.33,53.51],[6.19,53.48],[6.17,53.49],[6.33,53.51]]],[[[5.93,53.46],[5.73,53.44],[5.65,53.47],[5.93,53.46]]],[[[5.11,53.31],[4.92,53.23],[5.03,53.31],[5.11,53.31]]],[[[5.33,53.39],[5.19,53.39],[5.58,53.44],[5.33,53.39]]],[[[4.89,53.07],[4.71,53.04],[4.89,53.18],[4.89,53.07]]],[[[3.95,51.74],[3.95,51.63],[3.7,51.73],[3.95,51.74]]],[[[6.73,53.58],[6.67,53.61],[6.8,53.63],[6.73,53.58]]],[[[-68.21,12.14],[-68.25,12.03],[-68.37,12.3],[-68.21,12.14]]],[[[-62.94,17.5],[-62.96,17.48],[-63.0,17.53],[-62.94,17.5]]],[[[-63.23,17.62],[-63.25,17.63],[-63.24,17.65],[-63.23,17.62]]]],"type":"MultiPolygon"},"id":"NLD","properties":{"id":"NLD","name":"Netherlands"},"type":"Feature"},{"geometry":{"coordinates":[[[-69.9,12.45],[-70.07,12.55],[-70.04,12.61],[-69.9,12.45]]],"type":"Polygon"},"id":"ABW","properties":{"id":"ABW","name":"Aruba"},"type":"Feature"},{"geometry":{"coordinates":[[[-68.75,12.06],[-69.0,12.14],[-69.15,12.3],[-68.75,12.06]]],"type":"Polygon"},"id":"CUW","properties":{"id":"CUW","name":"Curaçao"},"type":"Feature"},{"geometry":{"coordinates":[[[88.11,27.87],[88.15,27.75],[87.98,27.13],[88.16,26.72],[88.05,26.43],[87.29,26.36],[87.02,26.56],[86.7,26.44],[86.37,26.57],[85.74,26.64],[85.57,26.84],[85.29,26.74],[84.69,27.04],[84.61,27.3],[84.09,27.49],[83.83,27.38],[83.45,27.47],[83.29,27.37],[82.73,27.52],[82.68,27.67],[82.45,27.67],[81.99,27.91],[81.85,27.87],[81.31,28.18],[81.17,28.34],[80.52,28.67],[80.42,28.61],[80.07,28.83],[80.25,29.42],[80.55,29.9],[80.91,30.17],[81.11,30.04],[81.42,30.34],[81.64,30.39],[82.04,30.33],[82.16,30.12],[82.85,29.68],[83.16,29.61],[83.58,29.18],[83.94,29.28],[84.1,29.22],[84.23,28.91],[84.71,28.6],[85.16,28.59],[85.12,28.32],[85.68,28.28],[85.95,27.93],[86.08,28.08],[86.41,27.93],[86.55,28.09],[87.14,27.84],[87.68,27.82],[88.11,27.87]]],"type":"Polygon"},"id":"NPL","properties":{"id":"NPL","name":"Nepal"},"type":"Feature"},{"geometry":{"coordinates":[[[166.96,-0.52],[166.92,-0.55],[166.91,-0.5],[166.96,-0.52]]],"type":"Polygon"},"id":"NRU","properties":{"id":"NRU","name":"Nauru"},"type":"Feature"},{"geometry":{"coordinates":[[[23.38,-17.64],[24.27,-17.48],[24.93,-17.54],[25.26,-17.79],[24.91,-17.82],[24.53,-18.05],[24.36,-17.98],[23.58,-18.45],[23.3,-18.03],[23.1,-18.01],[22.01,-18.2],[20.97,-18.32],[20.98,-21.96],[20.97,-22.0],[19.98,-22.0],[19.98,-28.45],[19.67,-28.5],[19.27,-28.78],[19.16,-28.94],[18.84,-28.87],[18.1,-28.87],[17.45,-28.7],[17.39,-28.35],[17.06,-28.03],[16.93,-28.07],[16.76,-28.45],[16.45,-28.62],[15.72,-27.97],[15.34,-27.39],[15.13,-26.79],[15.16,-26.6],[14.97,-26.32],[14.85,-25.73],[14.84,-25.03],[14.5,-24.2],[14.47,-23.28],[14.4,-22.97],[14.53,-22.7],[14.32,-22.19],[13.97,-21.77],[13.84,-21.47],[13.45,-20.92],[13.17,-20.18],[13.04,-20.03],[12.46,-18.93],[12.1,-18.54],[11.78,-18.0],[11.74,-17.25],[12.01,-17.17],[12.55,-17.21],[13.1,-16.97],[13.4,-17.01],[13.94,-17.39],[18.4,-17.4],[18.72,-17.7],[19.08,-17.82],[20.39,-17.89],[20.75,-18.02],[21.11,-17.96],[21.42,-18.0],[23.38,-17.64]]],"type":"Polygon"},"id":"NAM","properties":{"id":"NAM","name":"Namibia"},"type":"Feature"},{"geometry":{"coordinates":[[[31.29,-22.4],[31.43,-22.3],[32.37,-21.33],[32.48,-20.71],[32.67,-20.52],[33.01,-19.87],[32.78,-19.39],[32.85,-19.1],[32.72,-19.0],[32.99,-18.36],[32.96,-18.08],[32.97,-17.25],[32.88,-16.88],[32.95,-16.71],[32.24,-16.45],[31.94,-16.43],[31.69,-16.21],[31.24,-16.02],[30.44,-16.0],[30.35,-15.35],[30.23,-14.99],[30.67,-14.82],[31.73,-14.5],[33.2,-14.01],[33.64,-14.57],[34.33,-14.41],[34.51,-14.6],[34.54,-15.3],[34.25,-15.89],[34.4,-16.2],[35.11,-16.9],[35.12,-17.13],[35.29,-17.1],[35.28,-16.81],[35.17,-16.56],[35.36,-16.16],[35.76,-16.06],[35.89,-14.89],[35.85,-14.67],[35.25,-13.9],[34.85,-13.52],[34.56,-13.36],[34.48,-12.67],[34.36,-12.21],[34.62,-11.62],[34.83,-11.58],[35.63,-11.58],[35.79,-11.45],[36.08,-11.54],[36.19,-11.67],[36.52,-11.72],[36.87,-11.57],[37.37,-11.71],[37.83,-11.48],[37.92,-11.29],[38.18,-11.28],[38.49,-11.41],[38.79,-11.23],[39.32,-11.12],[39.99,-10.82],[40.46,-10.46],[40.61,-10.66],[40.4,-11.33],[40.53,-12.0],[40.49,-12.49],[40.58,-12.64],[40.44,-12.98],[40.57,-12.98],[40.55,-13.46],[40.6,-14.17],[40.72,-14.21],[40.65,-14.54],[40.82,-14.47],[40.84,-14.79],[40.62,-15.12],[40.56,-15.47],[40.11,-15.98],[39.98,-16.23],[39.79,-16.29],[39.84,-16.44],[39.24,-16.79],[39.08,-16.97],[38.14,-17.24],[37.24,-17.74],[36.94,-17.99],[36.9,-18.13],[36.33,-18.79],[36.13,-18.84],[35.65,-19.16],[35.37,-19.49],[34.95,-19.81],[34.76,-19.82],[34.7,-20.4],[34.98,-20.81],[35.13,-21.4],[35.27,-21.65],[35.38,-22.45],[35.49,-22.12],[35.49,-22.66],[35.58,-22.96],[35.37,-23.8],[35.54,-23.82],[35.44,-24.17],[35.16,-24.54],[34.61,-24.82],[33.35,-25.26],[32.79,-25.64],[32.59,-26.0],[32.85,-26.27],[32.95,-26.08],[32.89,-26.85],[32.11,-26.84],[32.04,-26.28],[32.06,-26.02],[31.95,-25.96],[31.98,-25.63],[31.99,-24.46],[31.8,-23.89],[31.55,-23.48],[31.53,-23.28],[31.29,-22.4]],[[34.64,-12.01],[34.54,-12.02],[34.62,-12.07],[34.64,-12.01]],[[34.72,-12.11],[34.76,-12.03],[34.68,-12.01],[34.72,-12.11]]],"type":"Polygon"},"id":"MOZ","properties":{"id":"MOZ","name":"Mozambique"},"type":"Feature"},{"geometry":{"coordinates":[[[-2.22,35.1],[-1.8,34.75],[-1.85,34.61],[-1.71,34.18],[-1.68,33.32],[-1.51,32.88],[-1.07,32.47],[-1.24,32.34],[-1.28,32.09],[-2.45,32.13],[-2.93,32.04],[-3.02,31.83],[-3.44,31.7],[-3.83,31.66],[-3.83,31.2],[-3.62,31.07],[-3.7,30.94],[-3.99,30.91],[-4.32,30.7],[-4.97,30.47],[-5.18,30.17],[-5.45,29.96],[-5.78,29.87],[-6.5,29.81],[-6.64,29.57],[-7.09,29.63],[-7.49,29.39],[-7.69,29.35],[-8.66,28.72],[-8.68,27.66],[-8.82,27.66],[-8.79,27.12],[-9.41,27.09],[-9.74,26.86],[-10.25,26.86],[-10.55,26.99],[-10.92,27.01],[-11.39,26.88],[-11.34,26.63],[-11.64,26.3],[-11.72,26.1],[-12.03,26.03],[-12.31,25.11],[-12.43,24.83],[-13.06,24.4],[-13.31,23.98],[-13.77,23.79],[-14.02,23.41],[-14.17,22.76],[-14.22,22.31],[-14.63,21.86],[-14.67,21.6],[-14.84,21.45],[-15.75,21.49],[-16.73,21.47],[-17.0,21.42],[-16.93,21.9],[-16.68,22.27],[-16.51,22.33],[-16.36,22.59],[-16.21,23.1],[-15.81,23.75],[-15.9,23.84],[-15.59,24.07],[-15.19,24.48],[-15.04,24.55],[-14.86,24.87],[-14.79,25.4],[-14.52,25.93],[-14.41,26.25],[-13.58,26.74],[-13.18,27.66],[-12.95,27.91],[-11.99,28.13],[-11.43,28.38],[-11.08,28.71],[-10.49,29.06],[-9.85,29.81],[-9.67,30.11],[-9.65,30.45],[-9.88,30.72],[-9.81,31.42],[-9.67,31.71],[-9.35,32.09],[-9.25,32.57],[-8.6,33.19],[-8.3,33.37],[-7.56,33.64],[-6.9,33.97],[-6.35,34.78],[-5.92,35.79],[-5.28,35.9],[-5.34,35.75],[-5.11,35.47],[-4.84,35.28],[-4.33,35.16],[-3.69,35.28],[-3.21,35.24],[-2.97,35.41],[-2.84,35.13],[-2.22,35.1]]],"type":"Polygon"},"id":"MAR","properties":{"id":"MAR","name":"Morocco"},"type":"Feature"},{"geometry":{"coordinates":[[[-8.82,27.66],[-8.68,27.66],[-8.68,26.0],[-12.02,26.0],[-12.02,23.47],[-12.62,23.27],[-13.03,23.0],[-13.17,22.75],[-13.09,22.5],[-13.02,21.33],[-16.96,21.33],[-17.1,20.86],[-17.0,21.42],[-16.73,21.47],[-15.75,21.49],[-14.84,21.45],[-14.67,21.6],[-14.63,21.86],[-14.22,22.31],[-14.17,22.76],[-14.02,23.41],[-13.77,23.79],[-13.31,23.98],[-13.06,24.4],[-12.43,24.83],[-12.31,25.11],[-12.03,26.03],[-11.72,26.1],[-11.64,26.3],[-11.34,26.63],[-11.39,26.88],[-10.92,27.01],[-10.55,26.99],[-10.25,26.86],[-9.74,26.86],[-9.41,27.09],[-8.79,27.12],[-8.82,27.66]]],"type":"Polygon"},"id":"SAH","properties":{"id":"SAH","name":"W. Sahara"},"type":"Feature"},{"geometry":{"coordinates":[[[19.19,43.53],[19.55,43.21],[20.34,42.89],[20.03,42.73],[20.07,42.56],[19.79,42.48],[19.65,42.63],[19.28,42.17],[19.34,41.87],[18.89,42.25],[18.52,42.43],[18.54,42.67],[18.44,42.97],[18.62,43.03],[18.67,43.23],[18.85,43.35],[19.03,43.29],[18.94,43.5],[19.19,43.53]]],"type":"Polygon"},"id":"MNE","properties":{"id":"MNE","name":"Montenegro"},"type":"Feature"},{"geometry":{"coordinates":[[[87.81,49.16],[88.12,49.26],[88.19,49.45],[89.01,49.47],[89.24,49.63],[89.65,49.72],[89.64,49.9],[90.0,50.07],[90.66,50.22],[91.02,50.42],[91.34,50.47],[91.8,50.69],[92.19,50.7],[92.35,50.86],[92.63,50.69],[92.94,50.78],[93.1,50.6],[94.25,50.56],[94.35,50.22],[94.61,50.02],[94.93,50.04],[95.11,49.94],[95.57,49.94],[95.85,50.01],[96.32,49.9],[96.99,49.88],[97.21,49.73],[97.59,49.91],[98.1,50.08],[98.28,50.53],[98.03,50.64],[97.83,50.99],[97.95,51.35],[98.22,51.51],[98.35,51.72],[98.64,51.8],[98.89,52.12],[99.92,51.76],[100.54,51.71],[101.38,51.45],[101.57,51.47],[102.11,51.35],[102.29,50.59],[102.68,50.39],[103.63,50.14],[104.18,50.17],[104.47,50.31],[105.38,50.47],[106.22,50.3],[106.71,50.31],[107.23,49.99],[107.95,49.92],[108.03,49.59],[108.61,49.32],[109.24,49.33],[110.2,49.17],[110.43,49.22],[110.83,49.17],[111.34,49.36],[112.08,49.42],[112.49,49.53],[112.81,49.52],[113.06,49.62],[113.16,49.8],[113.57,50.01],[114.3,50.27],[114.74,50.23],[115.27,49.95],[115.72,49.88],[116.13,50.01],[116.68,49.82],[115.95,48.69],[115.82,48.58],[115.79,48.25],[115.53,48.13],[115.56,47.95],[115.9,47.69],[116.23,47.86],[116.76,47.87],[117.07,47.81],[117.35,47.65],[117.77,47.99],[118.15,48.03],[118.5,47.98],[118.76,47.76],[119.12,47.56],[119.71,47.15],[119.9,46.86],[119.71,46.61],[119.16,46.64],[118.84,46.76],[118.72,46.69],[118.31,46.72],[117.67,46.52],[117.41,46.57],[117.33,46.36],[116.86,46.39],[116.56,46.29],[116.21,45.89],[116.24,45.8],[115.68,45.46],[114.52,45.36],[114.42,45.2],[114.03,44.94],[113.59,44.75],[112.6,44.92],[112.41,45.06],[111.9,45.06],[111.62,44.83],[111.4,44.37],[111.84,43.93],[111.93,43.71],[111.55,43.5],[111.01,43.34],[110.4,42.77],[109.44,42.46],[108.69,42.42],[108.17,42.45],[106.77,42.29],[105.87,41.99],[105.2,41.74],[104.98,41.6],[104.5,41.66],[104.5,41.88],[103.71,41.75],[103.07,42.01],[101.97,42.22],[101.71,42.47],[99.98,42.68],[99.47,42.57],[97.21,42.79],[96.39,42.72],[96.3,42.93],[95.91,43.21],[95.53,43.95],[95.36,44.01],[95.35,44.28],[95.05,44.26],[94.71,44.35],[94.2,44.65],[93.96,44.67],[93.66,44.9],[92.79,45.04],[92.42,45.01],[91.58,45.08],[91.05,45.22],[90.88,45.2],[90.66,45.53],[90.71,45.73],[91.0,46.04],[90.91,46.27],[91.03,46.53],[90.87,46.95],[90.72,47.0],[90.5,47.29],[90.31,47.68],[90.03,47.88],[89.78,47.83],[89.56,48.0],[89.05,48.0],[88.58,48.22],[88.52,48.38],[87.98,48.56],[88.03,48.74],[87.74,48.88],[87.81,49.16]]],"type":"Polygon"},"id":"MNG","properties":{"id":"MNG","name":"Mongolia"},"type":"Feature"},{"geometry":{"coordinates":[[[26.62,48.26],[26.85,48.39],[27.23,48.37],[27.55,48.48],[28.46,48.09],[28.77,48.12],[28.97,47.93],[29.09,47.98],[29.21,47.73],[29.16,47.46],[29.55,47.25],[29.57,46.96],[29.88,46.83],[29.92,46.54],[30.13,46.42],[29.84,46.35],[29.15,46.53],[28.93,46.42],[28.95,46.05],[28.49,45.67],[28.47,45.51],[28.21,45.45],[28.1,45.97],[28.24,46.45],[28.24,46.64],[28.07,46.98],[27.85,47.11],[27.34,47.64],[26.98,48.16],[26.62,48.26]]],"type":"Polygon"},"id":"MDA","properties":{"id":"MDA","name":"Moldova"},"type":"Feature"},{"geometry":{"coordinates":[[[7.44,43.75],[7.38,43.73],[7.41,43.77],[7.44,43.75]]],"type":"Polygon"},"id":"MCO","properties":{"id":"MCO","name":"Monaco"},"type":"Feature"},{"geometry":{"coordinates":[[[[-117.13,32.53],[-114.72,32.72],[-114.84,32.51],[-111.04,31.32],[-108.21,31.33],[-108.21,31.78],[-106.45,31.77],[-106.26,31.54],[-105.81,31.24],[-105.28,30.81],[-104.98,30.65],[-104.68,30.13],[-104.5,29.68],[-104.11,29.39],[-103.26,29.0],[-102.87,29.26],[-102.73,29.64],[-102.34,29.86],[-101.38,29.74],[-100.66,29.07],[-100.33,28.5],[-100.3,28.33],[-99.75,27.73],[-99.51,27.55],[-99.44,27.04],[-99.23,26.76],[-99.11,26.45],[-98.28,26.11],[-97.8,26.04],[-97.36,25.87],[-97.15,25.96],[-97.22,25.59],[-97.51,25.01],[-97.67,24.39],[-97.77,23.31],[-97.75,22.94],[-97.86,22.62],[-97.64,21.6],[-97.5,21.4],[-97.12,20.61],[-96.46,19.87],[-96.29,19.34],[-95.98,19.05],[-95.82,18.75],[-95.18,18.7],[-94.8,18.51],[-94.55,18.17],[-94.19,18.2],[-93.55,18.43],[-92.88,18.47],[-92.71,18.61],[-91.97,18.72],[-91.8,18.47],[-91.53,18.46],[-91.28,18.62],[-91.44,18.89],[-90.96,19.15],[-90.74,19.35],[-90.69,19.73],[-90.51,19.91],[-90.48,20.56],[-90.35,21.01],[-89.82,21.27],[-88.88,21.41],[-88.47,21.57],[-88.13,21.62],[-87.25,21.45],[-87.37,21.57],[-87.13,21.62],[-86.82,21.42],[-86.77,21.15],[-86.86,20.89],[-87.22,20.51],[-87.47,20.1],[-87.43,19.9],[-87.69,19.64],[-87.42,19.58],[-87.66,19.35],[-87.5,19.29],[-87.76,18.45],[-87.85,18.27],[-88.06,18.52],[-88.03,18.84],[-88.2,18.72],[-88.3,18.47],[-88.52,18.45],[-88.81,17.97],[-89.13,17.97],[-89.16,17.81],[-90.99,17.82],[-90.99,17.25],[-91.41,17.26],[-90.98,16.87],[-90.71,16.71],[-90.63,16.51],[-90.42,16.39],[-90.45,16.07],[-91.74,16.07],[-92.19,15.32],[-92.07,15.07],[-92.26,14.57],[-92.81,15.14],[-93.92,16.05],[-94.37,16.28],[-94.43,16.23],[-94.0,16.02],[-94.66,16.2],[-94.9,16.42],[-95.02,16.28],[-94.79,16.23],[-95.13,16.18],[-95.46,15.97],[-96.21,15.69],[-96.51,15.65],[-97.18,15.91],[-97.75,15.97],[-98.14,16.21],[-98.52,16.3],[-98.76,16.53],[-99.69,16.72],[-100.02,16.92],[-100.85,17.2],[-101.6,17.65],[-101.85,17.92],[-102.7,18.06],[-103.44,18.33],[-103.91,18.83],[-104.41,19.09],[-104.94,19.31],[-105.48,19.98],[-105.67,20.39],[-105.26,20.58],[-105.49,20.78],[-105.24,21.12],[-105.21,21.49],[-105.43,21.62],[-105.65,21.99],[-105.65,22.33],[-105.79,22.63],[-106.4,23.2],[-106.57,23.45],[-107.08,24.02],[-107.76,24.47],[-107.53,24.36],[-107.51,24.49],[-107.95,24.61],[-108.21,24.97],[-108.04,25.04],[-108.75,25.42],[-108.79,25.54],[-109.03,25.48],[-108.89,25.73],[-109.2,25.59],[-109.38,25.73],[-109.43,26.03],[-109.2,26.31],[-109.28,26.53],[-109.48,26.71],[-109.75,26.7],[-109.94,27.08],[-110.28,27.16],[-110.48,27.32],[-110.62,27.65],[-110.53,27.86],[-111.12,27.97],[-111.47,28.38],[-111.68,28.47],[-112.16,29.02],[-112.22,29.27],[-112.74,29.99],[-112.82,30.3],[-113.11,30.79],[-113.05,31.18],[-113.62,31.35],[-113.63,31.47],[-113.95,31.63],[-114.15,31.51],[-114.93,31.9],[-114.79,31.65],[-114.88,31.16],[-114.76,30.96],[-114.63,30.51],[-114.65,30.24],[-114.37,29.83],[-114.18,29.73],[-113.76,29.37],[-113.5,28.93],[-113.21,28.8],[-113.09,28.51],[-112.87,28.42],[-112.73,27.83],[-112.33,27.52],[-112.19,27.19],[-112.0,27.08],[-111.86,26.68],[-111.8,26.88],[-111.57,26.71],[-111.33,26.13],[-111.29,25.79],[-111.03,25.53],[-110.89,25.14],[-110.68,24.79],[-110.73,24.59],[-110.66,24.34],[-110.37,24.1],[-110.26,24.34],[-110.02,24.17],[-109.71,23.8],[-109.68,23.66],[-109.42,23.48],[-109.46,23.21],[-109.92,22.89],[-110.09,23.01],[-110.18,23.34],[-110.36,23.6],[-110.63,23.74],[-111.04,24.11],[-111.42,24.33],[-112.07,24.84],[-112.13,25.04],[-112.06,25.49],[-112.17,25.91],[-112.38,26.21],[-112.66,26.32],[-113.02,26.58],[-113.16,26.95],[-113.27,26.79],[-113.6,26.72],[-113.84,26.97],[-114.45,27.22],[-114.54,27.43],[-114.99,27.74],[-115.04,27.84],[-114.57,27.78],[-114.3,27.87],[-114.05,28.43],[-114.15,28.61],[-114.99,29.38],[-115.17,29.43],[-115.67,29.76],[-115.81,29.96],[-115.82,30.3],[-116.0,30.41],[-116.06,30.8],[-116.3,30.97],[-116.33,31.2],[-116.66,31.56],[-116.62,31.85],[-116.85,32.0],[-117.13,32.53]]],[[[-86.94,20.3],[-86.93,20.55],[-86.76,20.55],[-86.94,20.3]]],[[[-106.5,21.61],[-106.61,21.56],[-106.64,21.7],[-106.5,21.61]]],[[[-110.91,18.74],[-111.06,18.78],[-110.99,18.86],[-110.91,18.74]]],[[[-110.57,25.0],[-110.66,24.97],[-110.69,25.09],[-110.57,25.0]]],[[[-113.16,29.05],[-113.58,29.41],[-113.59,29.57],[-113.37,29.34],[-113.2,29.3],[-113.16,29.05]]],[[[-115.17,28.07],[-115.35,28.1],[-115.2,28.33],[-115.17,28.07]]],[[[-112.2,29.01],[-112.28,28.77],[-112.51,28.85],[-112.47,29.17],[-112.29,29.24],[-112.2,29.01]]],[[[-118.24,28.94],[-118.4,29.11],[-118.31,29.18],[-118.24,28.94]]],[[[-86.71,21.24],[-86.71,21.2],[-86.75,21.28],[-86.71,21.24]]],[[[-91.68,18.68],[-91.82,18.68],[-91.59,18.78],[-91.68,18.68]]],[[[-109.81,24.15],[-109.88,24.2],[-109.89,24.34],[-109.81,24.15]]],[[[-114.69,31.71],[-114.79,31.75],[-114.77,31.79],[-114.69,31.71]]],[[[-111.1,26.02],[-111.22,25.84],[-111.18,26.04],[-111.1,26.02]]],[[[-111.7,24.39],[-112.01,24.53],[-111.86,24.54],[-111.7,24.39]]],[[[-112.06,24.55],[-112.3,24.79],[-112.2,24.89],[-112.06,24.55]]]],"type":"MultiPolygon"},"id":"MEX","properties":{"id":"MEX","name":"Mexico"},"type":"Feature"},{"geometry":{"coordinates":[[[57.65,-20.48],[57.38,-20.5],[57.39,-20.23],[57.66,-19.99],[57.79,-20.21],[57.65,-20.48]]],"type":"Polygon"},"id":"MUS","properties":{"id":"MUS","name":"Mauritius"},"type":"Feature"},{"geometry":{"coordinates":[[[[-16.37,19.71],[-16.48,19.71],[-16.34,19.87],[-16.37,19.71]]],[[[-12.28,14.81],[-12.86,15.24],[-12.99,15.5],[-13.26,15.7],[-13.35,15.97],[-13.56,16.14],[-13.87,16.15],[-14.3,16.58],[-14.53,16.66],[-14.99,16.68],[-15.12,16.6],[-15.77,16.49],[-16.24,16.53],[-16.48,16.1],[-16.54,16.29],[-16.35,16.93],[-16.08,17.55],[-16.03,17.89],[-16.08,18.52],[-16.21,19.0],[-16.51,19.36],[-16.28,19.79],[-16.21,20.23],[-16.43,20.65],[-16.62,20.63],[-16.88,21.09],[-17.06,20.9],[-16.96,21.33],[-13.02,21.33],[-13.09,22.5],[-13.17,22.75],[-13.03,23.0],[-12.62,23.27],[-12.02,23.47],[-12.02,26.0],[-8.68,26.0],[-8.68,27.29],[-5.52,25.42],[-4.82,25.0],[-6.59,24.99],[-5.63,16.57],[-5.36,16.28],[-5.51,15.5],[-9.18,15.5],[-9.94,15.37],[-10.7,15.42],[-10.95,15.15],[-11.46,15.63],[-11.76,15.43],[-11.87,15.0],[-12.1,14.75],[-12.28,14.81]]]],"type":"MultiPolygon"},"id":"MRT","properties":{"id":"MRT","name":"Mauritania"},"type":"Feature"},{"geometry":{"coordinates":[[[[14.57,35.85],[14.44,35.82],[14.35,35.98],[14.57,35.85]]],[[[14.31,36.03],[14.18,36.06],[14.26,36.08],[14.31,36.03]]]],"type":"MultiPolygon"},"id":"MLT","properties":{"id":"MLT","name":"Malta"},"type":"Feature"},{"geometry":{"coordinates":[[[-11.39,12.4],[-11.45,12.53],[-11.39,12.94],[-11.63,13.37],[-11.83,13.32],[-12.05,13.63],[-11.96,13.88],[-12.02,14.21],[-12.23,14.46],[-12.19,14.65],[-11.87,15.0],[-11.76,15.43],[-11.46,15.63],[-10.95,15.15],[-10.7,15.42],[-9.94,15.37],[-9.18,15.5],[-5.51,15.5],[-5.36,16.28],[-5.63,16.57],[-6.59,24.99],[-4.82,25.0],[-4.52,24.8],[1.15,21.1],[1.17,20.82],[1.61,20.56],[1.69,20.38],[2.22,20.25],[2.41,20.06],[2.87,19.96],[3.2,19.79],[3.26,19.41],[3.11,19.15],[3.4,18.99],[4.23,19.14],[4.23,17.0],[4.12,16.36],[3.88,15.76],[3.52,15.48],[3.5,15.36],[3.06,15.43],[3.0,15.34],[1.3,15.27],[0.96,14.99],[0.23,14.96],[-0.24,15.06],[-0.76,15.05],[-1.05,14.82],[-1.77,14.49],[-1.97,14.46],[-2.11,14.17],[-2.46,14.27],[-2.87,13.95],[-2.92,13.68],[-3.2,13.67],[-3.3,13.28],[-3.58,13.19],[-3.85,13.37],[-4.05,13.38],[-4.33,13.12],[-4.23,12.79],[-4.48,12.67],[-4.43,12.34],[-4.8,12.03],[-5.11,11.97],[-5.29,11.83],[-5.23,11.52],[-5.3,11.21],[-5.49,11.04],[-5.46,10.77],[-5.52,10.43],[-5.84,10.39],[-6.03,10.19],[-6.24,10.28],[-6.26,10.72],[-6.41,10.57],[-6.65,10.66],[-6.69,10.35],[-6.95,10.34],[-6.97,10.18],[-7.36,10.26],[-7.5,10.44],[-7.66,10.43],[-7.99,10.16],[-8.01,10.32],[-8.23,10.44],[-8.34,10.99],[-8.66,11.04],[-8.41,11.39],[-8.82,11.67],[-8.82,11.92],[-9.04,12.4],[-9.4,12.46],[-9.36,12.26],[-9.82,12.04],[-10.27,12.21],[-10.47,12.14],[-10.68,11.9],[-10.93,12.21],[-11.31,12.02],[-11.5,12.2],[-11.39,12.4]]],"type":"Polygon"},"id":"MLI","properties":{"id":"MLI","name":"Mali"},"type":"Feature"},{"geometry":{"coordinates":[[[[73.42,3.23],[73.4,3.29],[73.44,3.27],[73.42,3.23]]],[[[73.51,4.16],[73.47,4.17],[73.53,4.24],[73.51,4.16]]]],"type":"MultiPolygon"},"id":"MDV","properties":{"id":"MDV","name":"Maldives"},"type":"Feature"},{"geometry":{"coordinates":[[[[100.12,6.44],[100.18,6.67],[100.35,6.55],[100.79,6.43],[100.87,6.25],[101.05,6.24],[101.08,5.96],[100.98,5.77],[101.11,5.64],[101.56,5.91],[101.87,5.83],[102.1,6.24],[102.34,6.17],[102.53,5.86],[102.98,5.52],[103.2,5.26],[103.42,4.85],[103.47,4.39],[103.36,3.77],[103.45,3.52],[103.44,2.93],[103.81,2.58],[104.22,1.72],[104.29,1.48],[104.18,1.36],[103.98,1.62],[103.99,1.45],[103.69,1.45],[103.48,1.33],[103.36,1.55],[102.73,1.86],[102.55,2.04],[102.15,2.25],[101.78,2.57],[101.3,2.89],[101.3,3.25],[100.72,3.97],[100.8,4.02],[100.61,4.37],[100.61,4.65],[100.47,5.04],[100.35,5.59],[100.34,5.98],[100.12,6.44]]],[[[117.57,4.17],[117.1,4.34],[116.51,4.37],[116.41,4.31],[115.9,4.35],[115.68,4.19],[115.57,3.94],[115.57,3.45],[115.45,3.03],[115.25,3.03],[115.09,2.84],[115.18,2.52],[114.79,2.25],[114.83,1.98],[114.55,1.47],[113.9,1.43],[113.62,1.24],[112.99,1.46],[112.94,1.57],[112.48,1.56],[112.19,1.44],[112.08,1.14],[111.77,1.0],[110.94,1.02],[110.51,0.86],[110.32,1.0],[109.65,1.61],[109.54,1.9],[109.98,1.72],[110.35,1.72],[111.1,1.4],[111.05,1.63],[111.15,1.74],[111.27,2.14],[111.24,2.44],[111.44,2.38],[111.44,2.63],[111.73,2.85],[112.74,3.07],[113.04,3.21],[113.45,3.74],[113.92,4.24],[113.98,4.55],[114.22,4.48],[114.61,4.02],[114.84,4.39],[114.75,4.72],[115.03,4.9],[115.11,4.39],[115.33,4.38],[115.14,4.9],[115.37,4.93],[115.58,5.19],[115.42,5.41],[115.6,5.6],[115.8,5.54],[116.06,5.88],[116.14,6.13],[116.49,6.52],[116.75,6.98],[116.91,6.66],[117.13,6.97],[117.29,6.68],[117.65,6.47],[117.62,5.94],[118.0,6.05],[118.12,5.86],[118.46,5.76],[118.59,5.59],[118.96,5.43],[119.22,5.41],[119.13,5.1],[118.67,4.96],[118.26,4.99],[118.19,4.83],[118.56,4.5],[118.5,4.36],[118.01,4.25],[117.74,4.34],[117.57,4.17]]],[[[104.22,2.73],[104.13,2.77],[104.18,2.87],[104.22,2.73]]],[[[100.29,5.29],[100.2,5.45],[100.34,5.41],[100.29,5.29]]],[[[99.85,6.47],[99.74,6.26],[99.65,6.42],[99.85,6.47]]],[[[117.14,7.17],[117.06,7.26],[117.26,7.35],[117.14,7.17]]],[[[101.32,2.99],[101.27,2.97],[101.31,3.07],[101.32,2.99]]],[[[111.39,2.42],[111.31,2.44],[111.3,2.74],[111.39,2.42]]],[[[117.88,4.19],[117.65,4.17],[117.66,4.25],[117.88,4.19]]]],"type":"MultiPolygon"},"id":"MYS","properties":{"id":"MYS","name":"Malaysia"},"type":"Feature"},{"geometry":{"coordinates":[[[[34.72,-12.11],[34.68,-12.01],[34.76,-12.03],[34.72,-12.11]]],[[[34.64,-12.01],[34.62,-12.07],[34.54,-12.02],[34.64,-12.01]]],[[[33.2,-14.01],[32.99,-14.02],[32.67,-13.61],[32.97,-13.23],[33.02,-12.63],[33.4,-12.49],[33.25,-12.11],[33.3,-11.89],[33.23,-11.53],[33.38,-11.16],[33.26,-10.89],[33.66,-10.59],[33.53,-10.23],[33.31,-10.04],[33.35,-9.86],[33.2,-9.63],[33.0,-9.62],[32.92,-9.41],[33.42,-9.61],[33.94,-9.67],[34.0,-9.5],[34.32,-9.73],[34.52,-10.03],[34.67,-10.79],[34.6,-11.04],[34.96,-11.58],[34.66,-11.59],[34.36,-12.21],[34.48,-12.67],[34.56,-13.36],[34.85,-13.52],[35.25,-13.9],[35.85,-14.67],[35.89,-14.89],[35.76,-16.06],[35.36,-16.16],[35.17,-16.56],[35.28,-16.81],[35.29,-17.1],[35.12,-17.13],[35.11,-16.9],[34.4,-16.2],[34.25,-15.89],[34.54,-15.3],[34.51,-14.6],[34.33,-14.41],[33.64,-14.57],[33.2,-14.01]]]],"type":"MultiPolygon"},"id":"MWI","properties":{"id":"MWI","name":"Malawi"},"type":"Feature"},{"geometry":{"coordinates":[[[[49.54,-12.43],[49.94,-13.07],[50.17,-14.04],[50.24,-14.73],[50.44,-15.15],[50.48,-15.39],[50.21,-15.96],[50.02,-15.8],[49.89,-15.46],[49.65,-15.57],[49.71,-16.08],[49.83,-16.26],[49.77,-16.82],[49.54,-17.03],[49.44,-17.35],[49.48,-17.9],[49.36,-18.34],[49.06,-19.12],[48.61,-20.46],[48.35,-21.35],[47.91,-22.47],[47.74,-23.23],[47.56,-23.87],[47.37,-24.22],[47.18,-24.79],[47.03,-24.98],[46.73,-25.15],[46.16,-25.23],[45.51,-25.56],[45.12,-25.54],[44.81,-25.33],[44.35,-25.23],[44.04,-25.0],[43.85,-24.54],[43.69,-24.36],[43.65,-23.74],[43.72,-23.53],[43.57,-23.08],[43.4,-22.89],[43.26,-22.38],[43.27,-22.05],[43.5,-21.36],[43.8,-21.18],[43.91,-20.87],[44.24,-20.38],[44.4,-19.92],[44.45,-19.43],[44.24,-19.08],[44.23,-18.74],[44.04,-18.29],[43.98,-17.39],[44.42,-16.7],[44.48,-16.22],[44.91,-16.17],[45.17,-15.98],[45.6,-15.99],[45.7,-15.81],[46.19,-15.75],[46.44,-15.9],[46.33,-15.71],[46.48,-15.51],[46.88,-15.23],[47.03,-15.45],[47.09,-15.15],[47.44,-14.7],[47.52,-14.99],[47.81,-14.54],[47.77,-14.37],[48.0,-13.96],[47.9,-13.73],[48.04,-13.6],[48.26,-13.72],[48.41,-13.54],[48.8,-13.27],[48.91,-12.94],[48.79,-12.47],[48.9,-12.46],[49.21,-12.08],[49.54,-12.43]]],[[[48.34,-13.36],[48.21,-13.39],[48.31,-13.2],[48.34,-13.36]]],[[[49.94,-16.9],[49.86,-16.93],[50.02,-16.7],[49.94,-16.9]]]],"type":"MultiPolygon"},"id":"MDG","properties":{"id":"MDG","name":"Madagascar"},"type":"Feature"},{"geometry":{"coordinates":[[[21.56,42.25],[22.24,42.36],[22.84,41.99],[23.01,41.72],[22.93,41.36],[22.49,41.12],[21.93,41.11],[21.58,40.87],[20.96,40.85],[20.74,40.91],[20.49,41.27],[20.45,41.52],[20.55,41.86],[20.69,41.85],[20.78,42.07],[21.06,42.17],[21.29,42.1],[21.56,42.25]]],"type":"Polygon"},"id":"MKD","properties":{"id":"MKD","name":"North Macedonia"},"type":"Feature"},{"geometry":{"coordinates":[[[6.12,50.12],[6.14,49.97],[6.49,49.8],[6.34,49.45],[5.96,49.45],[5.74,49.92],[5.98,50.17],[6.12,50.12]]],"type":"Polygon"},"id":"LUX","properties":{"id":"LUX","name":"Luxembourg"},"type":"Feature"},{"geometry":{"coordinates":[[[[20.96,55.28],[21.11,55.62],[21.1,55.49],[20.96,55.28]]],[[[22.77,54.36],[22.68,54.49],[22.83,54.84],[22.57,55.06],[22.07,55.06],[21.24,55.26],[21.24,55.46],[21.06,55.81],[21.05,56.07],[21.65,56.31],[22.08,56.41],[22.88,56.4],[23.81,56.33],[24.12,56.26],[24.53,56.3],[24.9,56.4],[25.07,56.2],[25.59,56.13],[26.28,55.75],[26.59,55.67],[26.46,55.34],[26.78,55.27],[26.6,55.13],[26.29,55.14],[26.18,55.0],[25.86,54.92],[25.56,54.31],[25.75,54.16],[25.57,54.14],[25.46,54.29],[25.05,54.13],[24.87,54.15],[24.77,53.97],[24.32,53.89],[24.19,53.95],[23.48,53.94],[23.45,54.14],[23.02,54.35],[22.77,54.36]]]],"type":"MultiPolygon"},"id":"LTU","properties":{"id":"LTU","name":"Lithuania"},"type":"Feature"},{"geometry":{"coordinates":[[[9.58,47.06],[9.49,47.06],[9.53,47.27],[9.58,47.06]]],"type":"Polygon"},"id":"LIE","properties":{"id":"LIE","name":"Liechtenstein"},"type":"Feature"},{"geometry":{"coordinates":[[[9.52,30.23],[9.9,30.39],[10.22,30.78],[10.24,31.03],[10.11,31.46],[10.31,31.7],[10.48,31.74],[10.83,32.08],[11.5,32.41],[11.45,32.64],[11.5,33.18],[11.81,33.09],[12.28,32.86],[12.75,32.8],[13.28,32.91],[14.24,32.68],[14.51,32.51],[15.18,32.39],[15.36,32.16],[15.5,31.66],[15.71,31.43],[16.12,31.26],[16.78,31.21],[17.35,31.08],[18.19,30.78],[18.67,30.42],[18.94,30.29],[19.29,30.29],[19.71,30.49],[20.01,30.8],[20.15,31.08],[19.96,31.56],[19.93,31.82],[20.12,32.22],[20.62,32.58],[21.06,32.78],[21.42,32.8],[21.64,32.94],[22.19,32.92],[23.09,32.62],[23.11,32.33],[23.29,32.21],[23.8,32.16],[24.13,32.01],[24.68,32.02],[25.03,31.88],[25.15,31.65],[24.85,31.33],[24.97,30.78],[24.73,30.25],[24.98,29.18],[24.98,20.0],[23.98,20.0],[23.98,19.5],[15.98,23.45],[14.98,23.0],[14.23,22.62],[13.48,23.18],[11.97,23.52],[11.54,24.29],[10.69,24.55],[10.44,24.48],[10.26,24.59],[10.03,25.05],[10.0,25.33],[9.45,26.07],[9.49,26.33],[9.86,26.55],[9.89,26.85],[9.75,27.33],[9.92,27.79],[9.82,28.56],[9.84,28.97],[9.67,29.57],[9.31,30.12],[9.52,30.23]]],"type":"Polygon"},"id":"LBY","properties":{"id":"LBY","name":"Libya"},"type":"Feature"},{"geometry":{"coordinates":[[[-11.51,6.91],[-11.27,7.23],[-10.65,7.76],[-10.57,8.07],[-10.39,8.16],[-10.28,8.49],[-10.06,8.43],[-9.77,8.53],[-9.52,8.35],[-9.37,7.64],[-9.46,7.42],[-9.12,7.22],[-8.89,7.26],[-8.71,7.66],[-8.44,7.52],[-8.3,7.07],[-8.33,6.8],[-8.6,6.51],[-8.2,6.29],[-7.89,6.23],[-7.8,5.98],[-7.45,5.84],[-7.43,5.32],[-7.57,5.08],[-7.57,4.39],[-7.66,4.37],[-8.26,4.59],[-9.13,5.05],[-10.28,6.08],[-10.79,6.31],[-10.85,6.47],[-11.29,6.69],[-11.51,6.91]]],"type":"Polygon"},"id":"LBR","properties":{"id":"LBR","name":"Liberia"},"type":"Feature"},{"geometry":{"coordinates":[[[28.74,-30.1],[28.39,-30.15],[28.02,-30.64],[27.75,-30.6],[27.39,-30.32],[27.36,-30.16],[27.05,-29.66],[27.29,-29.52],[27.74,-28.94],[28.23,-28.7],[28.63,-28.58],[28.95,-28.88],[29.3,-29.09],[29.39,-29.27],[29.1,-29.92],[28.74,-30.1]]],"type":"Polygon"},"id":"LSO","properties":{"id":"LSO","name":"Lesotho"},"type":"Feature"},{"geometry":{"coordinates":[[[35.98,34.63],[36.43,34.61],[36.58,34.22],[36.3,33.96],[36.35,33.83],[36.09,33.83],[35.94,33.67],[36.02,33.56],[35.53,33.25],[35.41,33.08],[35.11,33.08],[35.61,34.03],[35.65,34.25],[35.98,34.63]]],"type":"Polygon"},"id":"LBN","properties":{"id":"LBN","name":"Lebanon"},"type":"Feature"},{"geometry":{"coordinates":[[[26.59,55.67],[26.28,55.75],[25.59,56.13],[25.07,56.2],[24.9,56.4],[24.53,56.3],[24.12,56.26],[23.81,56.33],[22.88,56.4],[22.08,56.41],[21.65,56.31],[21.05,56.07],[21.07,56.82],[21.35,57.02],[21.46,57.32],[21.73,57.57],[22.55,57.72],[22.65,57.6],[23.14,57.32],[23.29,57.09],[23.65,56.97],[23.93,57.01],[24.28,57.17],[24.4,57.33],[24.32,57.87],[25.11,58.06],[25.99,57.84],[26.3,57.6],[26.53,57.53],[26.9,57.61],[27.47,57.52],[27.8,57.32],[27.81,57.17],[27.64,56.85],[27.81,56.87],[28.1,56.55],[28.2,56.26],[27.58,55.8],[27.05,55.83],[26.59,55.67]]],"type":"Polygon"},"id":"LVA","properties":{"id":"LVA","name":"Latvia"},"type":"Feature"},{"geometry":{"coordinates":[[[102.13,22.38],[102.58,21.9],[102.7,21.66],[102.82,21.81],[102.95,21.68],[102.85,21.27],[103.1,20.89],[103.64,20.7],[104.05,20.94],[104.58,20.65],[104.37,20.44],[104.62,20.37],[104.93,20.02],[104.55,19.61],[104.03,19.68],[104.06,19.48],[103.9,19.34],[104.72,18.8],[105.15,18.65],[105.09,18.45],[105.46,18.15],[105.69,17.74],[106.27,17.22],[106.5,16.95],[106.55,16.65],[106.7,16.46],[106.83,16.53],[106.93,16.35],[107.4,16.04],[107.17,15.8],[107.65,15.26],[107.48,14.98],[107.52,14.71],[107.11,14.42],[106.82,14.31],[106.5,14.58],[106.35,14.45],[105.98,14.34],[106.12,14.05],[105.9,13.92],[105.53,14.16],[105.35,14.11],[105.18,14.35],[105.48,14.53],[105.55,14.93],[105.51,15.36],[105.62,15.7],[105.4,15.83],[105.41,15.99],[105.05,16.16],[104.75,16.65],[104.82,17.3],[104.74,17.46],[104.43,17.7],[103.95,18.32],[103.49,18.42],[103.25,18.37],[103.05,18.03],[102.72,17.89],[102.1,18.21],[101.77,18.03],[101.69,17.89],[101.11,17.48],[100.91,17.58],[101.11,18.03],[101.05,18.41],[101.29,18.98],[101.21,19.55],[100.97,19.61],[100.63,19.5],[100.4,19.76],[100.54,20.09],[100.32,20.39],[100.11,20.26],[100.18,20.59],[100.52,20.92],[100.76,21.31],[101.14,21.57],[101.22,21.22],[101.7,21.15],[101.74,21.83],[101.52,22.25],[101.67,22.46],[102.13,22.38]]],"type":"Polygon"},"id":"LAO","properties":{"id":"LAO","name":"Laos"},"type":"Feature"},{"geometry":{"coordinates":[[[70.96,40.24],[71.3,40.29],[71.69,40.15],[72.13,40.44],[72.36,40.4],[72.4,40.58],[72.57,40.52],[73.11,40.79],[72.62,40.88],[72.16,41.17],[71.88,41.2],[71.66,41.54],[71.41,41.14],[70.78,41.26],[70.65,41.46],[70.47,41.41],[70.18,41.57],[70.84,42.02],[71.23,42.16],[70.89,42.34],[71.26,42.73],[71.82,42.82],[72.75,42.64],[73.49,42.41],[73.42,42.59],[73.56,43.0],[73.95,43.2],[74.21,43.24],[75.05,42.9],[75.64,42.81],[75.79,42.93],[76.51,42.92],[77.06,42.97],[77.24,42.91],[78.02,42.86],[78.52,42.86],[79.13,42.78],[79.49,42.46],[79.92,42.41],[80.21,42.19],[80.22,42.03],[79.84,42.0],[79.77,41.9],[79.29,41.78],[78.36,41.37],[78.12,41.08],[77.58,40.99],[76.99,41.04],[76.82,40.98],[76.48,40.45],[75.87,40.3],[75.68,40.31],[75.58,40.61],[75.24,40.48],[74.87,40.49],[74.84,40.34],[74.41,40.14],[73.99,40.04],[73.84,39.8],[73.82,39.49],[73.23,39.37],[72.64,39.39],[72.36,39.34],[72.23,39.21],[72.04,39.35],[71.81,39.28],[71.47,39.6],[70.73,39.41],[70.61,39.56],[69.6,39.57],[69.3,39.52],[69.23,39.76],[69.31,39.97],[69.43,39.91],[69.53,40.1],[69.97,40.2],[70.45,40.05],[70.96,40.24]],[[71.21,39.89],[71.23,40.05],[70.98,40.13],[71.01,39.9],[71.21,39.89]],[[71.78,39.95],[71.79,40.0],[71.67,39.95],[71.78,39.95]],[[70.7,39.83],[70.48,39.88],[70.56,39.79],[70.7,39.83]]],"type":"Polygon"},"id":"KGZ","properties":{"id":"KGZ","name":"Kyrgyzstan"},"type":"Feature"},{"geometry":{"coordinates":[[[[48.28,29.62],[48.08,29.8],[48.18,29.98],[48.35,29.78],[48.28,29.62]]],[[[48.44,28.54],[47.67,28.53],[47.43,28.99],[46.53,29.1],[46.91,29.54],[47.11,29.96],[47.33,30.08],[47.67,30.1],[47.98,29.98],[48.14,29.57],[47.97,29.62],[47.73,29.42],[48.05,29.36],[48.18,28.98],[48.44,28.54]]]],"type":"MultiPolygon"},"id":"KWT","properties":{"id":"KWT","name":"Kuwait"},"type":"Feature"},{"geometry":{"coordinates":[[[20.34,42.83],[20.62,43.03],[20.76,43.26],[21.06,43.09],[21.39,42.75],[21.75,42.67],[21.56,42.25],[21.29,42.1],[21.06,42.17],[20.78,42.07],[20.58,41.87],[20.49,42.22],[20.24,42.34],[20.03,42.73],[20.34,42.83]]],"type":"Polygon"},"id":"KOS","properties":{"id":"KOS","name":"Kosovo"},"type":"Feature"},{"geometry":{"coordinates":[[[[172.97,3.13],[172.89,3.1],[172.96,3.15],[172.97,3.13]]],[[[172.84,3.05],[172.77,3.01],[172.83,3.07],[172.84,3.05]]],[[[173.02,1.85],[172.93,1.93],[172.97,1.91],[173.02,1.85]]],[[[173.03,1.72],[173.02,1.81],[173.05,1.74],[173.03,1.72]]],[[[173.03,1.01],[173.09,0.97],[172.99,0.84],[173.03,1.01]]],[[[174.51,-0.8],[174.45,-0.65],[174.47,-0.64],[174.51,-0.8]]],[[[174.77,-1.21],[174.76,-1.26],[174.72,-1.13],[174.77,-1.21]]],[[[173.04,1.34],[173.14,1.38],[173.16,1.36],[173.04,1.34]]],[[[169.55,-0.87],[169.52,-0.87],[169.54,-0.85],[169.55,-0.87]]],[[[-172.21,-4.51],[-172.23,-4.51],[-172.21,-4.49],[-172.21,-4.51]]],[[[-171.09,-3.14],[-171.1,-3.14],[-171.09,-3.12],[-171.09,-3.14]]],[[[-171.23,-4.46],[-171.26,-4.46],[-171.25,-4.44],[-171.23,-4.46]]],[[[-174.51,-4.68],[-174.5,-4.69],[-174.54,-4.66],[-174.51,-4.68]]],[[[-154.96,-4.09],[-155.02,-4.05],[-154.95,-4.03],[-154.96,-4.09]]],[[[-151.78,-11.44],[-151.81,-11.45],[-151.8,-11.39],[-151.78,-11.44]]],[[[-155.86,-5.63],[-155.91,-5.63],[-155.93,-5.61],[-155.86,-5.63]]],[[[-157.34,1.86],[-157.18,1.74],[-157.42,1.79],[-157.34,1.86]]],[[[-159.34,3.92],[-159.26,3.84],[-159.27,3.8],[-159.34,3.92]]],[[[-171.7,-2.77],[-171.64,-2.81],[-171.63,-2.86],[-171.7,-2.77]]]],"type":"MultiPolygon"},"id":"KIR","properties":{"id":"KIR","name":"Kiribati"},"type":"Feature"},{"geometry":{"coordinates":[[[[40.99,-2.16],[41.09,-2.04],[41.12,-2.1],[40.99,-2.16]]],[[[33.9,-1.0],[33.94,0.17],[34.16,0.61],[34.48,1.04],[34.79,1.23],[34.97,1.64],[34.91,2.48],[34.74,2.82],[34.45,3.16],[34.39,3.69],[34.17,3.81],[33.98,4.22],[35.27,5.49],[35.75,5.34],[35.76,4.81],[36.08,4.45],[36.91,4.41],[38.09,3.65],[38.61,3.6],[39.49,3.46],[39.84,3.85],[40.77,4.27],[41.22,3.94],[41.88,3.98],[41.34,3.2],[40.96,2.81],[40.98,-0.87],[41.52,-1.57],[41.39,-1.87],[40.89,-2.02],[40.92,-2.19],[40.64,-2.54],[40.4,-2.56],[40.22,-2.69],[40.12,-3.25],[39.86,-3.58],[39.82,-3.79],[39.49,-4.48],[39.19,-4.68],[37.8,-3.67],[37.61,-3.46],[37.64,-3.05],[34.05,-1.04],[33.9,-1.0]]]],"type":"MultiPolygon"},"id":"KEN","properties":{"id":"KEN","name":"Kenya"},"type":"Feature"},{"geometry":{"coordinates":[[[[50.18,44.85],[50.1,44.83],[50.04,44.95],[50.18,44.85]]],[[[50.31,44.97],[50.26,45.02],[50.35,45.08],[50.31,44.97]]],[[[52.68,45.41],[52.55,45.47],[52.66,45.52],[52.68,45.41]]],[[[70.95,42.25],[70.61,42.05],[70.42,42.08],[70.1,41.82],[69.66,41.67],[69.06,41.37],[68.99,41.21],[68.58,40.88],[68.6,40.66],[68.29,40.66],[68.05,40.81],[68.11,41.03],[67.94,41.2],[66.81,41.14],[66.71,41.18],[66.5,41.99],[66.01,42.0],[66.1,42.99],[65.8,42.88],[65.5,43.31],[64.91,43.71],[64.44,43.55],[63.21,43.63],[61.99,43.49],[61.16,44.17],[61.01,44.39],[58.67,45.51],[58.45,45.54],[55.98,44.99],[55.98,41.32],[55.55,41.26],[55.25,41.46],[54.9,41.92],[54.68,42.08],[54.12,42.34],[53.25,42.21],[52.87,42.06],[52.49,41.78],[52.46,42.1],[52.62,42.43],[52.6,42.76],[52.18,42.87],[51.96,42.85],[51.62,43.16],[51.3,43.17],[51.3,43.48],[51.14,43.65],[50.83,44.19],[50.33,44.33],[50.3,44.58],[50.86,44.63],[51.18,44.5],[51.54,44.53],[51.06,44.81],[51.04,44.98],[51.42,45.36],[51.73,45.4],[52.53,45.4],[53.2,45.33],[52.77,45.57],[53.14,46.19],[53.08,46.55],[53.17,46.67],[52.92,46.95],[52.48,46.99],[52.09,46.84],[51.65,47.02],[51.18,47.11],[50.58,46.88],[50.42,46.88],[50.0,46.63],[49.35,46.52],[49.23,46.34],[48.61,46.57],[48.61,46.77],[48.96,46.77],[48.55,47.32],[48.11,47.75],[47.48,47.8],[47.29,47.74],[47.09,47.95],[47.0,48.28],[46.66,48.41],[46.7,48.81],[47.01,49.1],[46.8,49.37],[46.99,49.85],[47.3,50.06],[47.33,50.27],[47.5,50.4],[47.71,50.38],[48.22,49.93],[48.43,49.83],[48.84,50.01],[48.63,50.61],[48.81,50.6],[49.32,50.85],[49.5,51.08],[49.82,51.13],[50.25,51.29],[50.79,51.73],[51.16,51.65],[51.34,51.48],[51.61,51.48],[52.01,51.67],[52.33,51.68],[52.57,51.48],[53.34,51.48],[53.69,51.25],[54.04,51.12],[54.42,50.78],[54.47,50.58],[54.65,50.66],[54.55,50.95],[54.73,51.0],[55.54,50.6],[55.8,50.6],[56.49,51.02],[57.01,51.07],[57.44,50.89],[57.84,51.09],[58.36,51.06],[58.88,50.69],[59.45,50.62],[59.52,50.49],[59.81,50.58],[59.96,50.8],[60.29,50.7],[60.94,50.7],[61.39,50.86],[61.59,51.23],[61.36,51.44],[60.46,51.65],[60.07,51.98],[60.94,52.28],[60.98,52.39],[60.8,52.74],[61.05,52.97],[61.4,53.0],[61.97,52.94],[62.01,53.11],[61.66,53.23],[61.2,53.29],[61.23,53.45],[61.53,53.52],[60.98,53.62],[61.14,53.96],[61.33,54.05],[61.93,53.95],[63.07,54.11],[63.19,54.17],[64.0,54.27],[64.46,54.38],[65.16,54.36],[65.48,54.62],[65.91,54.69],[66.22,54.67],[67.69,54.87],[68.24,55.05],[68.21,55.16],[68.52,55.2],[68.98,55.39],[69.49,55.36],[70.18,55.16],[70.74,55.31],[70.91,55.13],[71.19,54.6],[71.09,54.21],[71.34,54.16],[72.0,54.21],[72.27,54.27],[72.4,53.96],[72.62,54.13],[72.91,54.11],[73.12,53.98],[73.38,53.96],[73.62,54.07],[73.68,53.93],[73.4,53.81],[73.29,53.6],[73.37,53.45],[73.86,53.62],[74.35,53.49],[74.45,53.65],[74.83,53.83],[75.05,53.83],[75.66,54.11],[76.27,54.31],[76.84,54.44],[76.65,54.15],[76.42,54.15],[76.58,53.94],[77.7,53.38],[77.86,53.27],[78.48,52.64],[79.47,51.49],[79.99,50.77],[80.42,50.95],[80.45,51.18],[80.88,51.28],[81.13,51.19],[81.07,50.97],[81.39,50.96],[81.47,50.74],[81.93,50.77],[82.49,50.73],[82.76,50.89],[83.36,50.99],[83.95,50.77],[84.32,50.24],[84.99,50.06],[85.0,49.89],[85.29,49.6],[85.37,49.62],[86.18,49.5],[86.61,49.77],[86.61,49.61],[87.32,49.09],[86.89,49.09],[86.75,49.01],[86.72,48.7],[86.55,48.53],[85.75,48.39],[85.53,47.92],[85.66,47.25],[85.48,47.06],[85.23,47.04],[84.79,46.83],[84.67,46.97],[84.02,46.97],[83.19,47.19],[83.0,47.03],[82.56,46.16],[82.33,45.52],[82.58,45.44],[82.48,45.12],[82.27,45.22],[81.99,45.16],[81.69,45.35],[80.85,45.13],[80.06,45.01],[79.87,44.88],[80.0,44.8],[80.46,44.75],[80.34,44.44],[80.36,44.1],[80.5,43.89],[80.79,43.16],[80.39,43.04],[80.54,42.87],[80.25,42.8],[80.17,42.67],[80.26,42.24],[79.92,42.41],[79.49,42.46],[79.13,42.78],[78.52,42.86],[78.02,42.86],[77.24,42.91],[77.06,42.97],[76.51,42.92],[75.79,42.93],[75.64,42.81],[75.05,42.9],[74.21,43.24],[73.95,43.2],[73.56,43.0],[73.42,42.59],[73.49,42.41],[72.75,42.64],[71.82,42.82],[71.26,42.73],[70.89,42.34],[70.95,42.25]]]],"type":"MultiPolygon"},"id":"KAZ","properties":{"id":"KAZ","name":"Kazakhstan"},"type":"Feature"},{"geometry":{"coordinates":[[[35.79,32.73],[36.37,32.39],[36.82,32.32],[38.77,33.37],[39.06,32.49],[39.04,32.31],[39.29,32.24],[38.96,31.99],[36.96,31.49],[37.98,30.5],[37.63,30.31],[37.47,30.0],[36.76,29.87],[36.48,29.5],[36.02,29.19],[34.95,29.35],[35.14,30.42],[35.44,31.13],[35.4,31.23],[35.56,31.77],[35.57,32.64],[35.79,32.73]]],"type":"Polygon"},"id":"JOR","properties":{"id":"JOR","name":"Jordan"},"type":"Feature"},{"geometry":{"coordinates":[[[[133.37,36.2],[133.24,36.18],[133.3,36.34],[133.37,36.2]]],[[[138.34,37.82],[138.25,37.99],[138.5,38.32],[138.45,38.08],[138.58,38.07],[138.34,37.82]]],[[[134.93,34.29],[134.67,34.29],[135.0,34.54],[134.93,34.29]]],[[[130.62,30.26],[130.45,30.26],[130.5,30.47],[130.62,30.26]]],[[[130.96,30.4],[130.95,30.67],[131.08,30.79],[130.96,30.4]]],[[[130.08,32.23],[130.01,32.52],[130.17,32.54],[130.08,32.23]]],[[[129.28,34.12],[129.21,34.32],[129.34,34.28],[129.28,34.12]]],[[[129.39,34.35],[129.27,34.37],[129.45,34.69],[129.39,34.35]]],[[[128.67,32.78],[128.89,32.65],[128.66,32.63],[128.67,32.78]]],[[[130.38,32.42],[130.24,32.46],[130.46,32.52],[130.38,32.42]]],[[[141.07,45.33],[141.03,45.27],[140.97,45.47],[141.07,45.33]]],[[[141.3,45.12],[141.15,45.15],[141.25,45.23],[141.3,45.12]]],[[[139.48,42.08],[139.43,42.2],[139.56,42.24],[139.48,42.08]]],[[[134.35,34.48],[134.25,34.42],[134.18,34.52],[134.35,34.48]]],[[[139.46,34.73],[139.37,34.72],[139.37,34.78],[139.46,34.73]]],[[[129.08,32.84],[129.0,32.95],[129.11,33.13],[129.08,32.84]]],[[[129.49,33.22],[129.37,33.18],[129.46,33.33],[129.49,33.22]]],[[[129.8,33.75],[129.67,33.74],[129.72,33.86],[129.8,33.75]]],[[[132.58,34.12],[132.46,34.09],[132.54,34.17],[132.58,34.12]]],[[[132.27,33.95],[132.44,33.91],[132.21,33.87],[132.27,33.95]]],[[[129.72,31.66],[129.71,31.72],[129.79,31.79],[129.72,31.66]]],[[[142.19,26.62],[142.11,26.72],[142.16,26.71],[142.19,26.62]]],[[[143.82,44.12],[144.1,44.1],[144.48,43.95],[144.8,43.94],[145.34,44.33],[145.35,44.23],[145.1,43.76],[145.34,43.3],[145.83,43.39],[145.51,43.17],[144.63,42.95],[144.3,42.98],[143.97,42.88],[143.43,42.42],[143.24,42.0],[142.51,42.26],[141.85,42.58],[141.41,42.55],[140.99,42.34],[140.71,42.56],[140.48,42.56],[140.32,42.33],[140.53,42.13],[140.73,42.12],[141.15,41.81],[141.0,41.74],[140.66,41.82],[140.38,41.52],[140.15,41.42],[140.0,41.58],[140.11,41.91],[139.82,42.39],[139.89,42.65],[140.22,42.8],[140.49,43.05],[140.39,43.3],[140.78,43.21],[141.3,43.2],[141.41,43.38],[141.4,43.64],[141.64,44.02],[141.78,44.72],[141.58,45.16],[141.67,45.4],[141.94,45.51],[142.42,45.13],[142.7,44.82],[143.29,44.4],[143.82,44.12]]],[[[131.17,33.6],[131.58,33.65],[131.71,33.5],[131.54,33.27],[131.9,33.25],[131.98,32.84],[131.73,32.59],[131.46,31.88],[131.34,31.4],[131.07,31.44],[131.1,31.26],[130.69,31.02],[130.79,31.27],[130.66,31.72],[130.53,31.46],[130.59,31.18],[130.2,31.29],[130.32,31.6],[130.19,31.77],[130.19,32.09],[130.46,32.3],[130.64,32.62],[130.38,33.09],[130.13,33.1],[130.18,32.85],[130.34,32.7],[130.05,32.77],[129.77,32.57],[129.83,32.73],[129.68,33.06],[129.99,32.85],[129.9,33.02],[129.58,33.24],[129.66,33.36],[130.37,33.63],[130.48,33.83],[130.72,33.93],[130.95,33.87],[131.17,33.6]]],[[[134.36,34.26],[134.64,34.23],[134.74,33.82],[134.38,33.61],[134.18,33.25],[133.96,33.45],[133.63,33.51],[133.29,33.36],[132.98,32.84],[132.64,32.76],[132.71,32.9],[132.5,32.92],[132.51,33.29],[132.41,33.43],[132.09,33.34],[132.64,33.69],[132.78,33.99],[132.99,34.09],[133.13,33.93],[133.58,34.02],[133.71,34.24],[134.08,34.36],[134.36,34.26]]],[[[141.23,41.37],[141.46,41.4],[141.4,41.1],[141.46,40.61],[141.8,40.29],[141.98,39.84],[141.98,39.43],[141.9,39.11],[141.66,38.97],[141.47,38.4],[141.11,38.34],[140.93,37.95],[141.04,37.47],[140.97,37.0],[140.79,36.85],[140.63,36.5],[140.62,36.06],[140.87,35.72],[140.46,35.51],[140.42,35.27],[139.92,34.9],[139.8,34.96],[139.83,35.3],[140.09,35.54],[139.83,35.66],[139.65,35.41],[139.64,35.14],[139.47,35.3],[139.25,35.28],[139.12,35.1],[139.09,34.84],[138.84,34.62],[138.8,34.97],[138.58,35.09],[138.19,34.6],[137.54,34.66],[137.06,34.58],[137.28,34.77],[136.88,34.81],[136.85,35.06],[136.69,34.98],[136.53,34.68],[136.88,34.43],[136.85,34.32],[136.33,34.18],[135.92,33.56],[135.7,33.49],[135.45,33.55],[135.18,33.9],[135.1,34.29],[135.38,34.5],[135.36,34.65],[135.04,34.63],[134.74,34.77],[134.21,34.7],[133.97,34.53],[133.45,34.43],[133.14,34.3],[132.66,34.25],[132.42,34.35],[132.24,34.23],[132.15,33.84],[131.74,34.05],[131.23,33.95],[130.92,33.98],[130.89,34.26],[131.0,34.39],[131.35,34.41],[131.86,34.73],[132.92,35.51],[133.27,35.56],[133.38,35.46],[134.21,35.54],[134.46,35.63],[135.17,35.75],[135.33,35.53],[135.68,35.5],[136.1,35.77],[136.01,35.99],[136.7,36.74],[136.72,37.2],[136.84,37.38],[137.32,37.52],[137.34,37.44],[136.92,37.17],[137.02,36.84],[137.34,36.77],[137.51,36.95],[138.32,37.22],[138.71,37.56],[138.89,37.84],[139.4,38.14],[139.58,38.6],[139.8,38.88],[140.05,39.46],[140.05,39.75],[139.81,39.88],[140.01,40.31],[139.92,40.6],[140.25,40.81],[140.39,41.23],[140.63,41.2],[140.68,40.89],[141.12,40.88],[141.26,41.1],[141.2,41.24],[140.8,41.14],[140.94,41.51],[141.23,41.37]]],[[[124.29,24.52],[124.23,24.36],[124.08,24.44],[124.29,24.52]]],[[[123.89,24.28],[123.68,24.29],[123.77,24.41],[123.89,24.28]]],[[[125.44,24.74],[125.27,24.73],[125.28,24.87],[125.44,24.74]]],[[[128.26,26.65],[127.95,26.46],[127.65,26.09],[127.73,26.43],[128.05,26.64],[128.25,26.88],[128.26,26.65]]],[[[129.0,27.72],[128.9,27.73],[128.95,27.91],[129.0,27.72]]],[[[129.45,28.21],[129.16,28.25],[129.69,28.52],[129.45,28.21]]],[[[129.32,28.1],[129.23,28.1],[129.19,28.19],[129.32,28.1]]],[[[139.84,33.06],[139.78,33.13],[139.87,33.09],[139.84,33.06]]]],"type":"MultiPolygon"},"id":"JPN","properties":{"id":"JPN","name":"Japan"},"type":"Feature"},{"geometry":{"coordinates":[[[-77.26,18.46],[-76.91,18.39],[-76.35,18.15],[-76.21,17.91],[-76.52,17.87],[-76.85,17.97],[-77.07,17.9],[-77.2,17.71],[-77.36,17.83],[-77.77,17.88],[-78.07,18.19],[-78.29,18.22],[-78.22,18.45],[-77.87,18.52],[-77.26,18.46]]],"type":"Polygon"},"id":"JAM","properties":{"id":"JAM","name":"Jamaica"},"type":"Feature"},{"geometry":{"coordinates":[[[[7.02,45.93],[7.13,45.88],[7.54,45.98],[7.79,45.92],[8.13,46.16],[8.08,46.26],[8.37,46.45],[8.46,46.25],[8.95,45.83],[9.02,46.05],[9.25,46.29],[9.26,46.48],[9.43,46.48],[9.53,46.31],[9.94,46.36],[10.15,46.25],[10.09,46.6],[10.43,46.55],[10.45,46.86],[11.03,46.8],[11.24,46.98],[11.78,46.99],[12.17,47.08],[12.15,46.94],[12.39,46.7],[13.7,46.52],[13.38,46.26],[13.63,46.18],[13.49,46.04],[13.63,45.77],[13.21,45.77],[13.03,45.64],[12.5,45.46],[12.27,45.45],[12.23,45.24],[12.52,44.97],[12.25,44.72],[12.4,44.22],[12.69,43.99],[13.56,43.57],[13.8,43.18],[14.01,42.69],[14.18,42.51],[14.87,42.05],[15.17,41.93],[15.96,41.94],[16.15,41.76],[15.91,41.62],[16.01,41.44],[17.1,41.06],[17.47,40.84],[17.95,40.66],[18.33,40.37],[18.49,40.1],[18.34,39.82],[18.08,39.94],[17.87,40.28],[17.48,40.31],[17.22,40.49],[16.93,40.46],[16.53,39.86],[16.6,39.64],[17.11,39.38],[17.17,39.0],[16.76,38.89],[16.56,38.71],[16.55,38.41],[16.28,38.25],[16.06,37.94],[15.72,37.94],[15.64,38.18],[15.82,38.3],[15.97,38.71],[16.2,38.76],[16.02,39.35],[15.69,39.99],[15.29,40.07],[14.95,40.24],[14.99,40.38],[14.77,40.67],[14.34,40.6],[14.46,40.73],[14.1,40.83],[13.73,41.24],[13.25,41.29],[13.09,41.24],[12.63,41.47],[12.08,41.94],[11.81,42.08],[11.64,42.29],[11.3,42.42],[10.71,42.94],[10.51,42.97],[10.53,43.14],[10.32,43.51],[10.25,43.85],[10.05,44.02],[9.73,44.1],[9.29,44.32],[8.77,44.42],[8.55,44.35],[8.08,43.92],[7.49,43.77],[7.68,44.08],[7.37,44.13],[6.97,44.28],[6.84,44.51],[7.03,44.72],[6.74,44.92],[6.63,45.12],[7.08,45.24],[7.15,45.4],[6.81,45.71],[7.02,45.93]],[[12.44,41.9],[12.43,41.91],[12.43,41.9],[12.44,41.9]],[[12.49,43.9],[12.5,43.99],[12.4,43.93],[12.49,43.9]]],[[[10.4,42.86],[10.34,42.76],[10.13,42.81],[10.4,42.86]]],[[[13.94,40.71],[13.87,40.76],[13.96,40.74],[13.94,40.71]]],[[[12.05,36.76],[11.94,36.78],[11.95,36.84],[12.05,36.76]]],[[[15.58,38.22],[15.23,37.78],[15.1,37.46],[15.29,37.01],[15.11,36.69],[14.5,36.8],[14.14,37.1],[13.91,37.1],[12.92,37.57],[12.7,37.57],[12.44,37.82],[12.55,38.05],[12.73,38.18],[12.9,38.03],[13.16,38.19],[13.35,38.18],[13.68,38.0],[14.51,38.05],[14.85,38.17],[15.12,38.15],[15.5,38.29],[15.58,38.22]]],[[[9.63,40.88],[9.81,40.5],[9.64,40.27],[9.7,40.09],[9.62,39.35],[9.49,39.14],[9.06,39.24],[8.88,38.91],[8.65,38.93],[8.42,39.21],[8.4,39.48],[8.55,39.84],[8.41,39.92],[8.47,40.29],[8.19,40.65],[8.22,40.91],[8.57,40.85],[8.82,40.95],[9.23,41.26],[9.62,41.0],[9.63,40.88]]],[[[8.48,39.07],[8.42,38.97],[8.37,39.12],[8.48,39.07]]],[[[8.29,41.04],[8.21,41.0],[8.27,41.1],[8.29,41.04]]]],"type":"MultiPolygon"},"id":"ITA","properties":{"id":"ITA","name":"Italy"},"type":"Feature"},{"geometry":{"coordinates":[[[35.84,33.42],[35.79,33.29],[35.89,32.94],[35.79,32.73],[35.57,32.64],[35.55,32.4],[35.19,32.53],[35.07,32.46],[34.96,32.16],[34.99,31.91],[35.2,31.75],[34.95,31.6],[34.87,31.4],[35.1,31.37],[35.45,31.48],[35.44,31.13],[35.14,30.42],[35.14,30.14],[34.9,29.48],[34.66,30.19],[34.25,31.21],[34.53,31.53],[35.11,33.08],[35.41,33.08],[35.53,33.25],[35.84,33.42]]],"type":"Polygon"},"id":"ISR","properties":{"id":"ISR","name":"Israel"},"type":"Feature"},{"geometry":{"coordinates":[[[[34.48,31.58],[34.53,31.53],[34.25,31.21],[34.2,31.32],[34.48,31.58]]],[[[35.55,32.4],[35.56,31.77],[35.45,31.48],[35.1,31.37],[34.87,31.4],[34.95,31.6],[35.2,31.75],[34.99,31.91],[34.96,32.16],[35.07,32.46],[35.19,32.53],[35.55,32.4]]]],"type":"MultiPolygon"},"id":"PSX","properties":{"id":"PSX","name":"Palestine"},"type":"Feature"},{"geometry":{"coordinates":[[[[-9.95,53.91],[-10.27,53.98],[-9.96,53.99],[-9.95,53.91]]],[[[-7.22,55.09],[-7.38,55.03],[-7.55,54.77],[-7.89,54.67],[-7.75,54.62],[-8.12,54.41],[-7.85,54.22],[-7.36,54.12],[-7.05,54.41],[-6.65,54.06],[-6.22,54.09],[-6.35,53.99],[-6.14,53.58],[-6.03,52.93],[-6.22,52.54],[-6.46,52.35],[-6.33,52.25],[-7.53,52.1],[-7.66,51.98],[-8.81,51.58],[-9.3,51.5],[-9.84,51.48],[-9.58,51.69],[-10.12,51.6],[-9.6,51.87],[-10.08,51.77],[-10.38,51.87],[-9.96,52.14],[-10.39,52.13],[-10.21,52.27],[-9.77,52.25],[-9.91,52.4],[-9.59,52.56],[-8.78,52.68],[-8.99,52.76],[-9.18,52.63],[-9.56,52.65],[-9.92,52.57],[-9.51,52.78],[-9.3,53.1],[-8.93,53.21],[-9.47,53.23],[-9.8,53.39],[-10.09,53.41],[-10.12,53.55],[-9.72,53.6],[-9.9,53.73],[-9.58,53.88],[-9.91,53.86],[-9.86,54.1],[-10.06,54.26],[-9.32,54.3],[-8.55,54.24],[-8.62,54.35],[-8.23,54.51],[-8.13,54.64],[-8.46,54.61],[-8.76,54.68],[-8.38,54.89],[-8.27,55.15],[-7.67,55.26],[-7.53,55.19],[-7.25,55.35],[-6.96,55.24],[-7.22,55.09]]]],"type":"MultiPolygon"},"id":"IRL","properties":{"id":"IRL","name":"Ireland"},"type":"Feature"},{"geometry":{"coordinates":[[[42.36,37.11],[42.77,37.37],[43.09,37.37],[43.52,37.24],[43.84,37.22],[44.01,37.31],[44.21,37.2],[44.28,36.98],[44.73,37.17],[45.03,36.53],[45.24,36.36],[45.36,36.02],[45.72,35.84],[46.17,35.82],[45.97,35.52],[46.13,35.13],[45.68,34.8],[45.64,34.57],[45.44,34.42],[45.53,34.15],[45.4,33.97],[45.74,33.6],[45.88,33.61],[46.15,33.23],[46.11,32.96],[46.38,32.93],[47.12,32.47],[47.37,32.42],[47.51,32.15],[47.83,31.79],[47.68,31.4],[47.68,31.0],[48.01,30.99],[48.01,30.47],[48.33,30.29],[48.43,30.04],[47.98,29.98],[47.67,30.1],[47.33,30.08],[47.11,29.96],[46.91,29.54],[46.53,29.1],[46.36,29.06],[44.69,29.2],[42.86,30.5],[42.07,31.08],[40.37,31.94],[39.15,32.12],[39.25,32.35],[39.04,32.31],[39.06,32.49],[38.77,33.37],[40.69,34.33],[40.99,34.43],[41.19,34.77],[41.22,35.29],[41.35,35.64],[41.25,36.07],[41.3,36.38],[41.42,36.51],[41.79,36.6],[42.36,37.11]]],"type":"Polygon"},"id":"IRQ","properties":{"id":"IRQ","name":"Iraq"},"type":"Feature"},{"geometry":{"coordinates":[[[[56.19,26.92],[55.95,26.7],[55.42,26.58],[55.35,26.65],[56.21,27.0],[56.19,26.92]]],[[[53.91,37.34],[54.19,37.33],[54.75,37.5],[54.85,37.72],[55.08,37.9],[55.58,38.1],[56.23,38.07],[56.44,38.25],[57.19,38.22],[57.34,37.99],[58.11,37.78],[58.44,37.64],[58.82,37.68],[59.3,37.51],[59.56,37.18],[60.06,36.96],[60.34,36.64],[61.12,36.64],[61.28,35.55],[61.1,35.27],[61.15,35.09],[60.95,34.65],[60.73,34.52],[60.89,34.32],[60.64,34.31],[60.49,34.09],[60.51,33.64],[60.92,33.51],[60.56,33.14],[60.83,32.25],[60.82,31.5],[61.66,31.38],[61.81,31.07],[61.78,30.83],[60.84,29.86],[61.32,29.37],[61.62,28.79],[61.89,28.55],[62.35,28.41],[62.76,28.2],[62.81,27.5],[62.75,27.27],[63.17,27.25],[63.31,27.12],[63.17,26.67],[62.44,26.56],[62.24,26.36],[61.87,26.24],[61.67,25.77],[61.59,25.2],[61.41,25.1],[60.66,25.28],[60.51,25.44],[60.4,25.31],[59.62,25.4],[59.46,25.48],[59.05,25.42],[58.8,25.55],[58.31,25.58],[57.94,25.69],[57.33,25.79],[57.1,26.37],[56.98,26.91],[56.81,27.09],[56.36,27.2],[55.65,26.98],[55.42,26.77],[55.29,26.79],[54.9,26.56],[54.64,26.51],[54.25,26.7],[53.71,26.73],[53.45,26.94],[52.69,27.32],[52.48,27.62],[52.03,27.82],[51.67,27.84],[51.28,28.13],[51.06,28.73],[50.87,28.87],[50.88,29.06],[50.68,29.15],[50.65,29.42],[50.17,29.92],[50.07,30.2],[49.55,30.03],[49.05,30.31],[49.22,30.47],[48.89,30.33],[48.92,30.12],[48.55,29.96],[48.33,30.29],[48.01,30.47],[48.01,30.99],[47.68,31.0],[47.68,31.4],[47.83,31.79],[47.51,32.15],[47.37,32.42],[47.12,32.47],[46.38,32.93],[46.11,32.96],[46.15,33.23],[45.88,33.61],[45.74,33.6],[45.4,33.97],[45.53,34.15],[45.44,34.42],[45.64,34.57],[45.68,34.8],[46.13,35.13],[45.97,35.52],[46.17,35.82],[45.72,35.84],[45.36,36.02],[45.24,36.36],[45.03,36.53],[44.88,36.8],[44.76,37.22],[44.57,37.44],[44.56,37.74],[44.21,37.91],[44.43,38.36],[44.32,38.37],[44.27,38.84],[44.02,39.38],[44.39,39.42],[44.59,39.77],[44.84,39.63],[45.14,39.25],[45.48,39.01],[46.17,38.87],[46.55,38.9],[46.85,39.15],[47.77,39.65],[48.0,39.68],[48.32,39.4],[48.14,39.31],[48.24,38.98],[48.02,38.82],[48.59,38.41],[48.87,38.44],[48.96,37.89],[49.08,37.67],[49.47,37.5],[50.13,37.41],[50.53,37.01],[51.12,36.74],[51.76,36.61],[52.19,36.62],[53.37,36.87],[53.97,36.82],[54.02,36.95],[53.91,37.34]]]],"type":"MultiPolygon"},"id":"IRN","properties":{"id":"IRN","name":"Iran"},"type":"Feature"},{"geometry":{"coordinates":[[[[97.48,1.47],[97.93,0.97],[97.88,0.63],[97.68,0.6],[97.6,0.83],[97.41,0.95],[97.08,1.43],[97.36,1.54],[97.48,1.47]]],[[[99.16,-1.78],[98.87,-1.66],[98.6,-1.2],[98.68,-0.97],[98.87,-0.92],[99.27,-1.63],[99.16,-1.78]]],[[[116.64,-8.61],[116.38,-8.93],[115.87,-8.83],[116.08,-8.74],[116.06,-8.44],[116.4,-8.2],[116.73,-8.39],[116.64,-8.61]]],[[[115.45,-8.16],[115.7,-8.41],[115.33,-8.62],[115.24,-8.8],[114.84,-8.43],[114.61,-8.38],[114.48,-8.12],[115.0,-8.17],[115.15,-8.07],[115.45,-8.16]]],[[[106.05,-1.67],[106.21,-2.19],[106.37,-2.46],[106.82,-2.57],[106.61,-2.9],[106.67,-3.07],[106.0,-2.82],[105.94,-2.49],[105.79,-2.18],[105.55,-2.08],[105.13,-2.04],[105.37,-1.81],[105.37,-1.66],[105.59,-1.53],[105.91,-1.5],[106.05,-1.67]]],[[[123.18,-4.55],[123.2,-4.82],[123.06,-4.75],[122.98,-5.19],[123.2,-5.27],[122.99,-5.39],[122.81,-5.67],[122.58,-5.54],[122.77,-5.21],[122.85,-4.62],[122.95,-4.44],[123.18,-4.55]]],[[[122.65,-5.27],[122.56,-5.39],[122.28,-5.32],[122.4,-5.07],[122.37,-4.77],[122.7,-4.62],[122.76,-4.93],[122.65,-5.27]]],[[[108.32,3.69],[108.1,3.7],[108.0,4.04],[108.2,4.2],[108.39,3.99],[108.32,3.69]]],[[[108.21,-3.0],[107.98,-3.22],[107.86,-3.09],[107.61,-3.21],[107.6,-2.8],[107.67,-2.57],[108.07,-2.6],[108.29,-2.83],[108.21,-3.0]]],[[[135.38,-0.65],[135.89,-0.73],[136.38,-1.09],[136.11,-1.22],[135.84,-1.12],[135.75,-0.82],[135.65,-0.88],[135.38,-0.65]]],[[[135.47,-1.59],[136.2,-1.65],[136.89,-1.8],[136.23,-1.89],[135.49,-1.67],[135.47,-1.59]]],[[[130.81,0.0],[131.28,-0.15],[131.26,-0.37],[131.01,-0.36],[130.62,-0.09],[130.9,-0.42],[130.69,-0.3],[130.24,-0.21],[130.29,-0.1],[130.81,0.0]]],[[[128.45,2.05],[128.3,2.03],[128.22,2.3],[128.33,2.47],[128.6,2.6],[128.69,2.47],[128.62,2.22],[128.45,2.05]]],[[[128.15,-1.66],[127.56,-1.73],[127.39,-1.64],[127.65,-1.33],[127.91,-1.44],[128.15,-1.66]]],[[[126.06,-2.45],[125.86,-2.08],[125.99,-2.01],[126.06,-2.45]]],[[[126.02,-1.79],[126.33,-1.82],[125.96,-1.92],[125.43,-1.94],[125.52,-1.8],[126.02,-1.79]]],[[[124.97,-1.71],[125.32,-1.81],[125.01,-1.94],[124.83,-1.89],[124.42,-2.01],[124.38,-1.69],[124.66,-1.64],[124.97,-1.71]]],[[[131.33,-8.0],[131.09,-7.87],[131.26,-7.47],[131.64,-7.11],[131.69,-7.44],[131.62,-7.63],[131.33,-8.0]]],[[[126.8,-7.67],[126.47,-7.95],[126.11,-7.88],[125.8,-7.98],[125.98,-7.66],[126.21,-7.71],[126.61,-7.57],[126.8,-7.67]]],[[[124.58,-8.14],[125.12,-8.2],[125.1,-8.35],[124.44,-8.44],[124.43,-8.18],[124.58,-8.14]]],[[[131.0,-1.32],[130.78,-1.26],[130.67,-0.96],[130.9,-0.89],[131.07,-0.97],[131.0,-1.32]]],[[[96.49,5.23],[96.84,5.27],[97.55,5.21],[97.91,4.88],[98.02,4.64],[98.25,4.41],[98.31,4.09],[98.66,3.93],[98.78,3.76],[99.15,3.58],[99.73,3.18],[100.46,2.26],[100.89,1.95],[100.83,2.24],[101.05,2.26],[101.3,2.01],[101.48,1.69],[101.78,1.62],[102.16,1.26],[102.24,0.99],[102.47,0.78],[102.85,0.72],[103.07,0.49],[102.55,0.22],[102.78,0.24],[103.28,0.49],[103.48,0.48],[103.79,0.05],[103.43,-0.19],[103.43,-0.53],[103.72,-0.89],[104.2,-1.05],[104.36,-1.04],[104.57,-1.92],[104.85,-2.09],[104.67,-2.39],[104.74,-2.57],[105.03,-2.36],[105.4,-2.38],[105.58,-2.49],[106.04,-3.11],[105.9,-3.41],[105.85,-3.73],[105.93,-3.83],[105.83,-4.16],[105.89,-5.01],[105.82,-5.68],[105.62,-5.8],[105.35,-5.55],[105.08,-5.75],[104.64,-5.52],[104.68,-5.89],[104.6,-5.9],[104.07,-5.39],[103.83,-5.08],[102.92,-4.47],[102.54,-4.15],[102.13,-3.6],[101.58,-3.17],[101.31,-2.73],[101.12,-2.59],[100.85,-2.14],[100.86,-1.93],[100.49,-1.3],[100.31,-0.83],[99.86,-0.31],[99.6,0.1],[99.16,0.35],[98.8,1.49],[98.56,1.9],[98.01,2.24],[97.7,2.36],[97.59,2.85],[97.39,2.98],[96.97,3.58],[96.8,3.71],[96.44,3.82],[95.49,4.76],[95.21,5.28],[95.23,5.56],[95.4,5.63],[95.84,5.51],[96.13,5.29],[96.49,5.23]]],[[[122.78,-8.61],[122.47,-8.73],[122.09,-8.74],[121.65,-8.9],[121.41,-8.81],[121.04,-8.94],[120.55,-8.8],[120.12,-8.78],[119.91,-8.86],[119.81,-8.7],[119.92,-8.45],[120.23,-8.29],[120.61,-8.24],[121.44,-8.58],[121.97,-8.46],[122.26,-8.62],[122.43,-8.6],[122.6,-8.4],[122.98,-8.15],[123.01,-8.33],[122.78,-8.61]]],[[[120.01,-9.37],[120.29,-9.65],[120.5,-9.67],[120.83,-10.04],[120.7,-10.21],[120.44,-10.29],[120.14,-10.2],[119.93,-9.97],[119.6,-9.77],[119.09,-9.71],[118.96,-9.52],[119.19,-9.38],[120.01,-9.37]]],[[[118.24,-8.32],[118.61,-8.28],[118.71,-8.41],[118.99,-8.34],[119.13,-8.67],[118.48,-8.86],[118.38,-8.67],[118.19,-8.84],[117.06,-9.1],[116.79,-9.01],[116.84,-8.53],[117.16,-8.37],[117.57,-8.43],[117.81,-8.71],[118.23,-8.59],[117.81,-8.34],[117.76,-8.15],[118.12,-8.12],[118.24,-8.32]]],[[[124.89,1.0],[124.43,0.47],[123.75,0.31],[123.27,0.33],[123.08,0.49],[122.28,0.48],[121.84,0.44],[121.43,0.49],[121.01,0.44],[120.7,0.51],[120.35,0.45],[120.13,0.17],[120.01,-0.2],[120.1,-0.65],[120.27,-0.9],[120.52,-1.04],[120.67,-1.37],[121.03,-1.41],[121.52,-0.86],[121.97,-0.93],[122.28,-0.76],[122.89,-0.76],[122.83,-0.66],[123.17,-0.57],[123.38,-0.65],[123.38,-1.0],[123.05,-0.87],[122.81,-0.97],[122.51,-1.35],[122.16,-1.59],[121.86,-1.69],[121.72,-1.86],[121.39,-1.83],[121.35,-1.95],[121.85,-2.33],[122.08,-2.75],[122.29,-2.91],[122.4,-3.2],[122.25,-3.62],[122.88,-4.11],[122.9,-4.35],[122.11,-4.54],[122.07,-4.79],[121.92,-4.85],[121.59,-4.76],[121.49,-4.58],[121.62,-4.09],[121.31,-3.92],[120.91,-3.56],[121.05,-3.17],[120.99,-2.67],[120.65,-2.67],[120.34,-2.87],[120.25,-3.05],[120.39,-3.35],[120.44,-3.71],[120.36,-4.09],[120.42,-4.62],[120.28,-5.15],[120.43,-5.59],[119.95,-5.58],[119.72,-5.69],[119.38,-5.42],[119.61,-4.42],[119.62,-4.03],[119.42,-3.48],[118.99,-3.54],[118.81,-3.16],[118.78,-2.76],[119.09,-2.48],[119.17,-2.14],[119.32,-1.93],[119.31,-1.41],[119.51,-0.91],[119.71,-0.68],[119.84,-0.86],[119.72,-0.09],[119.87,0.04],[119.81,0.24],[120.06,0.69],[120.32,0.98],[120.52,0.82],[120.91,1.29],[121.08,1.33],[121.44,1.21],[121.59,1.07],[121.87,1.09],[122.44,1.02],[122.89,0.85],[123.28,0.93],[123.85,0.84],[124.27,1.02],[124.79,1.47],[124.99,1.7],[125.23,1.5],[124.89,1.0]]],[[[107.37,-6.01],[107.67,-6.22],[108.3,-6.27],[108.52,-6.47],[108.68,-6.79],[109.29,-6.87],[109.5,-6.81],[109.82,-6.9],[110.43,-6.95],[110.58,-6.81],[110.74,-6.47],[110.97,-6.44],[111.15,-6.67],[111.54,-6.65],[112.09,-6.89],[112.54,-6.93],[112.65,-7.22],[112.79,-7.3],[112.79,-7.55],[113.25,-7.72],[113.75,-7.7],[114.07,-7.63],[114.38,-7.77],[114.44,-7.9],[114.39,-8.41],[114.58,-8.77],[113.69,-8.48],[113.25,-8.29],[112.68,-8.41],[112.12,-8.32],[111.51,-8.31],[110.61,-8.15],[110.04,-7.89],[109.28,-7.7],[108.74,-7.67],[108.45,-7.8],[107.92,-7.72],[107.28,-7.47],[106.46,-7.37],[106.52,-7.05],[105.94,-6.86],[105.26,-6.84],[105.37,-6.66],[105.48,-6.78],[105.66,-6.47],[105.79,-6.46],[105.87,-6.12],[106.08,-5.91],[106.83,-6.1],[107.05,-5.9],[107.37,-6.01]]],[[[109.63,2.03],[109.54,1.9],[109.65,1.61],[110.32,1.0],[110.51,0.86],[110.94,1.02],[111.77,1.0],[112.08,1.14],[112.19,1.44],[112.48,1.56],[112.94,1.57],[112.99,1.46],[113.62,1.24],[113.9,1.43],[114.55,1.47],[114.83,1.98],[114.79,2.25],[115.18,2.52],[115.09,2.84],[115.25,3.03],[115.45,3.03],[115.57,3.45],[115.57,3.94],[115.68,4.19],[115.9,4.35],[116.41,4.31],[116.51,4.37],[117.1,4.34],[117.57,4.16],[117.47,4.08],[117.78,3.69],[117.17,3.64],[117.38,3.37],[117.35,3.19],[117.61,3.06],[117.89,2.54],[118.07,2.32],[117.79,2.03],[118.08,1.7],[118.64,1.32],[118.98,0.98],[118.53,0.81],[118.2,0.87],[117.91,1.1],[117.92,0.83],[117.75,0.73],[117.52,0.24],[117.46,-0.32],[117.56,-0.77],[117.24,-0.93],[117.0,-1.19],[116.8,-1.18],[116.72,-1.38],[116.28,-1.78],[116.42,-1.78],[116.53,-2.21],[116.53,-2.51],[116.35,-2.52],[116.26,-3.13],[115.96,-3.6],[114.69,-4.17],[114.63,-4.11],[114.53,-3.38],[114.45,-3.48],[114.08,-3.28],[113.8,-3.46],[113.63,-3.42],[113.61,-3.2],[113.34,-3.25],[113.03,-2.93],[112.97,-3.19],[112.6,-3.4],[112.28,-3.32],[111.82,-3.53],[111.82,-3.06],[111.37,-2.93],[110.93,-3.07],[110.57,-2.89],[110.3,-2.99],[110.08,-1.95],[109.96,-1.86],[110.02,-1.4],[109.79,-1.01],[109.27,-0.73],[109.37,-0.64],[109.13,-0.45],[109.26,0.03],[108.94,0.36],[108.91,0.79],[109.08,1.5],[109.38,1.92],[109.63,2.03]]],[[[127.73,0.85],[127.88,0.83],[127.97,1.04],[128.16,1.16],[128.16,1.32],[128.42,1.52],[128.69,1.57],[128.7,1.11],[128.3,0.88],[128.26,0.73],[128.66,0.51],[128.9,0.22],[128.45,0.39],[127.98,0.47],[127.89,0.3],[127.98,-0.25],[128.25,-0.73],[128.43,-0.89],[128.05,-0.71],[127.69,-0.24],[127.71,0.29],[127.56,0.49],[127.61,0.85],[127.42,1.25],[127.63,1.84],[128.04,2.2],[127.89,1.83],[128.01,1.7],[128.01,1.33],[127.65,1.01],[127.73,0.85]]],[[[129.75,-2.87],[129.98,-2.98],[130.38,-2.99],[130.57,-3.13],[130.67,-3.39],[130.86,-3.57],[130.81,-3.86],[130.02,-3.47],[129.84,-3.33],[129.51,-3.33],[129.47,-3.45],[128.75,-3.3],[128.64,-3.43],[128.42,-3.42],[128.13,-3.16],[127.92,-3.51],[127.88,-3.22],[128.2,-2.87],[129.06,-2.84],[129.12,-2.94],[129.43,-2.79],[129.75,-2.87]]],[[[126.86,-3.09],[127.23,-3.39],[127.23,-3.63],[126.69,-3.82],[126.21,-3.61],[126.06,-3.42],[126.03,-3.17],[126.56,-3.07],[126.86,-3.09]]],[[[124.92,-8.94],[125.15,-9.12],[124.98,-9.19],[125.07,-9.51],[124.96,-9.67],[124.43,-10.15],[124.18,-10.18],[123.86,-10.34],[123.64,-10.31],[123.72,-10.08],[123.59,-9.97],[123.71,-9.61],[124.04,-9.34],[124.28,-9.43],[124.44,-9.19],[124.92,-8.94]]],[[[134.75,-5.71],[134.76,-6.17],[134.64,-6.37],[134.44,-6.33],[134.15,-6.02],[134.3,-6.01],[134.34,-5.71],[134.62,-5.44],[134.75,-5.71]]],[[[134.54,-6.44],[134.36,-6.81],[134.2,-6.91],[134.06,-6.77],[134.17,-6.18],[134.54,-6.44]]],[[[138.54,-8.27],[138.3,-8.41],[137.69,-8.41],[137.69,-8.26],[138.01,-7.64],[138.3,-7.44],[138.77,-7.39],[138.99,-7.7],[138.79,-8.06],[138.54,-8.27]]],[[[140.97,-2.61],[140.98,-6.35],[140.86,-6.74],[140.98,-6.91],[140.98,-9.12],[139.93,-8.1],[139.39,-8.19],[139.19,-8.09],[138.93,-8.26],[138.86,-8.15],[139.09,-7.59],[138.75,-7.25],[139.05,-7.2],[138.72,-7.07],[138.6,-6.91],[138.86,-6.86],[138.44,-6.34],[138.3,-5.95],[138.37,-5.84],[138.07,-5.68],[138.06,-5.47],[137.76,-5.26],[137.09,-4.92],[136.62,-4.82],[135.98,-4.53],[135.2,-4.45],[134.75,-4.2],[134.71,-3.95],[134.27,-3.95],[133.97,-3.82],[133.72,-3.58],[133.7,-3.09],[133.65,-3.36],[133.25,-4.06],[132.97,-4.09],[132.75,-3.7],[132.87,-3.55],[132.75,-3.29],[132.35,-2.98],[132.05,-2.91],[131.97,-2.79],[132.23,-2.68],[132.73,-2.79],[133.03,-2.49],[133.19,-2.44],[133.61,-2.55],[133.9,-2.39],[133.79,-2.29],[133.92,-2.1],[133.49,-2.23],[132.96,-2.27],[132.31,-2.24],[132.02,-1.99],[131.93,-1.56],[131.29,-1.39],[131.0,-1.42],[131.25,-1.01],[131.26,-0.86],[131.8,-0.7],[132.13,-0.45],[132.63,-0.36],[133.08,-0.51],[133.47,-0.73],[133.97,-0.74],[134.26,-1.36],[134.11,-1.72],[134.16,-2.2],[134.46,-2.83],[134.48,-2.58],[134.63,-2.54],[134.7,-2.93],[134.84,-2.91],[134.92,-3.25],[135.04,-3.33],[135.49,-3.35],[135.86,-3.0],[136.01,-2.73],[136.24,-2.58],[136.39,-2.27],[136.84,-2.2],[137.17,-2.03],[137.12,-1.84],[137.81,-1.48],[138.65,-1.79],[139.79,-2.35],[140.15,-2.35],[140.62,-2.45],[140.75,-2.61],[140.97,-2.61]]],[[[138.9,-8.39],[138.56,-8.31],[138.8,-8.17],[138.9,-8.39]]],[[[101.71,2.08],[101.77,1.94],[101.6,1.72],[101.4,1.9],[101.45,2.07],[101.71,2.08]]],[[[102.43,0.99],[102.33,1.01],[102.23,1.35],[102.44,1.23],[102.43,0.99]]],[[[102.49,1.46],[102.5,1.33],[102.08,1.5],[102.04,1.63],[102.49,1.46]]],[[[103.03,0.75],[102.45,0.89],[102.55,1.13],[103.0,0.86],[103.03,0.75]]],[[[103.17,0.87],[102.7,1.05],[102.79,1.17],[103.17,0.87]]],[[[103.28,0.54],[103.14,0.55],[103.19,0.7],[103.28,0.54]]],[[[103.45,0.66],[103.34,0.78],[103.39,0.87],[103.45,0.66]]],[[[104.02,1.18],[104.14,1.17],[104.07,0.99],[104.02,1.18]]],[[[104.59,1.22],[104.58,0.83],[104.36,1.18],[104.59,1.22]]],[[[104.78,-0.18],[104.45,-0.19],[104.54,0.02],[104.78,-0.18]]],[[[104.47,-0.33],[104.59,-0.47],[104.36,-0.66],[104.26,-0.46],[104.47,-0.33]]],[[[103.74,-0.35],[103.46,-0.36],[103.55,-0.23],[103.74,-0.35]]],[[[109.71,-1.18],[109.43,-1.24],[109.48,-0.99],[109.74,-1.04],[109.71,-1.18]]],[[[113.84,-7.11],[113.47,-7.22],[113.04,-7.21],[112.73,-7.07],[112.87,-6.9],[113.97,-6.87],[114.08,-6.99],[113.84,-7.11]]],[[[134.97,-1.12],[134.81,-1.04],[134.89,-0.94],[134.97,-1.12]]],[[[127.25,-0.5],[127.12,-0.52],[127.13,-0.28],[127.29,-0.28],[127.25,-0.5]]],[[[127.57,-0.32],[127.6,-0.61],[127.88,-0.81],[127.46,-0.81],[127.3,-0.5],[127.33,-0.34],[127.57,-0.32]]],[[[132.93,-5.9],[132.94,-5.68],[133.11,-5.31],[133.12,-5.58],[132.93,-5.9]]],[[[132.81,-5.85],[132.68,-5.91],[132.7,-5.61],[132.81,-5.85]]],[[[128.28,-3.67],[127.98,-3.77],[128.02,-3.6],[128.33,-3.52],[128.28,-3.67]]],[[[126.82,4.03],[126.76,4.55],[126.92,4.29],[126.82,4.03]]],[[[125.66,3.44],[125.51,3.46],[125.54,3.67],[125.66,3.44]]],[[[130.86,-8.32],[131.02,-8.09],[131.18,-8.13],[130.86,-8.32]]],[[[129.84,-7.95],[129.71,-8.04],[129.61,-7.8],[129.84,-7.95]]],[[[127.82,-8.1],[128.12,-8.17],[128.02,-8.26],[127.82,-8.1]]],[[[130.35,-1.69],[130.42,-1.97],[130.25,-2.05],[129.89,-1.99],[129.74,-1.87],[130.35,-1.69]]],[[[102.37,-5.48],[102.11,-5.32],[102.37,-5.37],[102.37,-5.48]]],[[[100.43,-3.18],[100.2,-2.99],[100.25,-2.78],[100.45,-3.0],[100.43,-3.18]]],[[[100.2,-2.74],[100.01,-2.82],[100.01,-2.51],[100.2,-2.74]]],[[[99.84,-2.34],[99.61,-2.26],[99.69,-2.06],[99.84,-2.34]]],[[[98.46,-0.53],[98.31,-0.53],[98.43,-0.23],[98.54,-0.26],[98.46,-0.53]]],[[[96.46,2.36],[95.81,2.66],[95.81,2.92],[96.42,2.52],[96.46,2.36]]],[[[122.04,-5.44],[121.81,-5.26],[121.97,-5.08],[122.04,-5.44]]],[[[123.21,-1.17],[123.24,-1.39],[123.43,-1.24],[123.55,-1.34],[123.24,-1.58],[123.15,-1.3],[122.89,-1.59],[122.81,-1.43],[122.91,-1.18],[123.21,-1.17]]],[[[121.86,-0.41],[121.88,-0.5],[121.72,-0.49],[121.86,-0.41]]],[[[120.53,-6.3],[120.49,-6.46],[120.45,-5.88],[120.55,-5.97],[120.53,-6.3]]],[[[115.38,-6.97],[115.24,-6.86],[115.55,-6.94],[115.38,-6.97]]],[[[116.3,-3.87],[116.09,-4.05],[116.02,-3.7],[116.12,-3.34],[116.27,-3.25],[116.3,-3.87]]],[[[122.95,-10.91],[122.85,-10.76],[123.37,-10.47],[123.42,-10.65],[122.95,-10.91]]],[[[124.29,-8.33],[124.07,-8.55],[123.97,-8.35],[124.24,-8.2],[124.29,-8.33]]],[[[123.92,-8.27],[123.78,-8.3],[123.55,-8.57],[123.23,-8.53],[123.48,-8.32],[123.78,-8.19],[123.92,-8.27]]],[[[123.32,-8.35],[123.03,-8.4],[123.13,-8.25],[123.32,-8.35]]],[[[134.72,-6.55],[134.66,-6.56],[134.68,-6.46],[134.72,-6.55]]],[[[103.42,1.05],[103.32,1.07],[103.38,1.13],[103.42,1.05]]],[[[103.83,0.8],[103.74,0.83],[103.75,0.89],[103.83,0.8]]],[[[104.24,0.83],[104.18,0.8],[104.12,0.94],[104.24,0.83]]],[[[104.69,0.06],[104.6,0.1],[104.54,0.22],[104.69,0.06]]],[[[106.29,3.16],[106.28,3.09],[106.2,3.2],[106.29,3.16]]],[[[105.76,2.86],[105.69,3.06],[105.84,2.98],[105.76,2.86]]],[[[108.89,2.91],[108.79,2.89],[108.89,3.0],[108.89,2.91]]],[[[108.95,-1.62],[108.84,-1.66],[108.8,-1.57],[108.95,-1.62]]],[[[107.47,-2.9],[107.42,-2.84],[107.5,-2.85],[107.47,-2.9]]],[[[106.89,-3.01],[106.74,-2.93],[106.91,-2.93],[106.89,-3.01]]],[[[114.41,-7.13],[114.35,-7.16],[114.3,-7.1],[114.41,-7.13]]],[[[112.72,-5.81],[112.6,-5.84],[112.65,-5.73],[112.72,-5.81]]],[[[105.25,-6.64],[105.12,-6.61],[105.26,-6.52],[105.25,-6.64]]],[[[97.33,2.08],[97.11,2.22],[97.29,2.2],[97.33,2.08]]],[[[95.36,5.81],[95.22,5.89],[95.36,5.88],[95.36,5.81]]],[[[123.6,-1.7],[123.48,-1.68],[123.55,-1.51],[123.6,-1.7]]],[[[123.24,-4.11],[122.99,-4.15],[123.02,-3.98],[123.24,-4.11]]],[[[123.85,-1.96],[123.8,-1.99],[123.78,-1.88],[123.85,-1.96]]],[[[123.15,-1.82],[123.08,-1.9],[123.11,-1.79],[123.15,-1.82]]],[[[119.46,-8.74],[119.45,-8.43],[119.55,-8.48],[119.46,-8.74]]],[[[119.07,-8.24],[119.04,-8.16],[119.13,-8.2],[119.07,-8.24]]],[[[115.61,-8.77],[115.48,-8.72],[115.56,-8.67],[115.61,-8.77]]],[[[117.65,4.17],[117.88,4.19],[117.74,4.0],[117.65,4.17]]],[[[117.66,3.28],[117.55,3.43],[117.68,3.41],[117.66,3.28]]],[[[124.05,-5.97],[123.97,-5.94],[123.98,-5.88],[124.05,-5.97]]],[[[123.63,-5.27],[123.62,-5.37],[123.55,-5.33],[123.63,-5.27]]],[[[120.77,-7.12],[120.64,-7.12],[120.63,-7.02],[120.77,-7.12]]],[[[117.56,-8.37],[117.49,-8.18],[117.67,-8.15],[117.56,-8.37]]],[[[116.42,-3.46],[116.39,-3.64],[116.33,-3.54],[116.42,-3.46]]],[[[127.37,0.79],[127.29,0.81],[127.32,0.86],[127.37,0.79]]],[[[134.37,-2.12],[134.35,-2.04],[134.42,-2.05],[134.37,-2.12]]],[[[133.57,-4.25],[133.33,-4.17],[133.32,-4.11],[133.57,-4.25]]],[[[130.91,-0.78],[130.83,-0.86],[130.4,-0.92],[130.48,-0.83],[130.91,-0.78]]],[[[130.63,-0.53],[130.47,-0.49],[130.62,-0.42],[130.63,-0.53]]],[[[129.55,-0.19],[129.37,-0.07],[129.31,0.05],[129.55,-0.19]]],[[[127.45,-0.01],[127.4,0.02],[127.43,0.14],[127.45,-0.01]]],[[[127.42,0.64],[127.38,0.74],[127.44,0.73],[127.42,0.64]]],[[[127.3,-0.78],[127.16,-0.76],[127.26,-0.62],[127.3,-0.78]]],[[[128.72,-3.55],[128.62,-3.59],[128.59,-3.49],[128.72,-3.55]]],[[[128.56,-3.59],[128.39,-3.64],[128.45,-3.51],[128.56,-3.59]]],[[[126.72,3.87],[126.64,4.04],[126.74,3.92],[126.72,3.87]]],[[[126.85,3.77],[126.78,3.81],[126.8,3.86],[126.85,3.77]]],[[[125.41,2.65],[125.36,2.75],[125.45,2.76],[125.41,2.65]]],[[[131.98,-7.2],[131.75,-7.12],[131.92,-7.1],[131.98,-7.2]]],[[[128.67,-7.18],[128.53,-7.13],[128.63,-7.07],[128.67,-7.18]]],[[[127.42,-7.62],[127.37,-7.51],[127.48,-7.53],[127.42,-7.62]]],[[[123.42,-10.3],[123.33,-10.34],[123.41,-10.23],[123.42,-10.3]]],[[[121.88,-10.59],[121.7,-10.56],[122.0,-10.45],[121.88,-10.59]]],[[[134.82,-6.43],[134.8,-6.39],[134.89,-6.32],[134.82,-6.43]]],[[[134.67,-6.75],[134.63,-6.71],[134.74,-6.62],[134.67,-6.75]]],[[[127.99,-2.94],[127.94,-3.02],[127.83,-3.0],[127.99,-2.94]]],[[[127.61,-3.32],[127.49,-3.29],[127.55,-3.25],[127.61,-3.32]]],[[[122.98,-8.55],[122.93,-8.5],[123.15,-8.48],[122.98,-8.55]]]],"type":"MultiPolygon"},"id":"IDN","properties":{"id":"IDN","name":"Indonesia"},"type":"Feature"},{"geometry":{"coordinates":[[[[68.17,23.86],[68.72,23.96],[68.73,24.27],[69.56,24.27],[69.72,24.17],[70.55,24.42],[70.72,24.24],[71.04,24.4],[71.05,24.69],[70.65,25.42],[70.65,25.67],[70.26,25.71],[70.1,25.91],[70.16,26.47],[70.06,26.58],[69.74,26.63],[69.47,26.8],[69.57,27.17],[69.9,27.47],[70.14,27.85],[70.4,28.03],[70.63,27.94],[70.74,27.73],[71.87,27.96],[71.95,28.18],[72.18,28.42],[72.34,28.75],[72.9,29.03],[73.23,29.55],[73.38,29.93],[73.81,30.09],[73.93,30.22],[73.9,30.44],[74.34,30.89],[74.63,31.03],[74.52,31.19],[74.59,31.47],[74.51,31.71],[74.74,31.95],[75.25,32.14],[75.33,32.28],[74.99,32.46],[74.66,32.52],[74.66,32.76],[74.35,32.77],[74.3,32.99],[73.99,33.24],[74.15,33.51],[74.0,33.79],[74.25,33.99],[73.95,34.02],[73.98,34.19],[73.81,34.33],[73.96,34.65],[74.3,34.77],[75.19,34.64],[75.71,34.5],[76.04,34.67],[76.59,34.74],[77.0,34.99],[77.05,35.11],[77.8,35.5],[78.05,35.45],[78.01,35.25],[78.28,34.65],[78.67,34.52],[78.97,34.23],[78.75,34.09],[78.8,33.5],[79.11,33.23],[79.2,32.95],[79.22,32.5],[78.92,32.36],[78.7,32.6],[78.39,32.52],[78.5,32.22],[78.74,31.96],[78.69,31.74],[78.8,31.62],[78.79,31.29],[79.11,31.4],[79.34,31.11],[79.57,30.95],[79.79,30.97],[80.19,30.76],[80.19,30.57],[80.68,30.41],[80.99,30.24],[80.55,29.9],[80.25,29.42],[80.07,28.83],[80.42,28.61],[80.52,28.67],[81.17,28.34],[81.31,28.18],[81.85,27.87],[81.99,27.91],[82.45,27.67],[82.68,27.67],[82.73,27.52],[83.29,27.37],[83.45,27.47],[83.83,27.38],[84.09,27.49],[84.61,27.3],[84.69,27.04],[85.29,26.74],[85.57,26.84],[85.74,26.64],[86.37,26.57],[86.7,26.44],[87.02,26.56],[87.29,26.36],[88.05,26.43],[88.16,26.72],[87.98,27.13],[88.15,27.75],[88.11,27.93],[88.62,28.09],[88.85,27.87],[88.75,27.52],[88.89,27.32],[88.74,27.18],[88.86,26.96],[89.15,26.82],[89.33,26.85],[89.76,26.7],[90.12,26.75],[90.35,26.89],[90.74,26.77],[91.67,26.8],[92.07,26.91],[91.99,27.1],[92.08,27.29],[91.99,27.45],[91.74,27.44],[91.59,27.56],[91.63,27.76],[91.98,27.73],[92.48,27.85],[92.66,27.95],[92.7,28.15],[93.12,28.4],[93.21,28.59],[93.9,28.8],[94.29,29.14],[94.62,29.31],[94.77,29.18],[95.42,29.05],[95.52,29.21],[96.04,29.45],[96.34,29.21],[96.12,29.08],[96.16,28.91],[96.44,29.05],[96.58,28.76],[96.28,28.41],[96.6,28.46],[97.08,28.37],[97.32,28.22],[97.34,27.94],[96.9,27.64],[96.9,27.44],[97.1,27.16],[97.04,27.1],[96.67,27.34],[96.06,27.22],[95.91,27.05],[95.13,26.6],[95.06,26.47],[95.13,26.04],[94.99,25.77],[94.62,25.41],[94.55,25.24],[94.71,25.05],[94.29,24.32],[94.13,23.88],[93.68,24.01],[93.31,24.02],[93.41,23.68],[93.37,23.13],[93.16,23.03],[93.08,22.72],[93.16,22.36],[92.96,22.0],[92.69,22.13],[92.57,21.98],[92.49,22.69],[92.36,22.93],[92.25,23.68],[91.93,23.69],[91.94,23.5],[91.75,23.29],[91.77,23.11],[91.62,22.98],[91.44,23.2],[91.32,23.1],[91.16,23.66],[91.37,24.09],[91.88,24.2],[92.06,24.37],[92.25,24.9],[92.47,24.94],[92.05,25.17],[90.44,25.16],[89.81,25.31],[89.82,25.94],[89.62,26.22],[89.55,26.01],[89.29,26.04],[89.02,26.41],[88.97,26.25],[88.68,26.29],[88.52,26.52],[88.15,26.09],[88.08,25.89],[88.45,25.57],[88.77,25.49],[88.89,25.19],[88.46,25.19],[88.31,24.88],[88.15,24.91],[88.02,24.63],[88.15,24.49],[88.64,24.33],[88.73,24.23],[88.57,23.67],[88.74,23.44],[88.72,23.25],[88.93,23.19],[88.85,23.04],[89.05,22.27],[89.05,21.65],[88.86,21.74],[88.75,21.58],[88.74,22.01],[88.64,22.12],[88.58,21.66],[88.25,21.62],[88.06,21.69],[88.2,22.14],[87.95,21.83],[87.68,21.65],[87.1,21.5],[86.86,21.24],[86.98,20.7],[86.75,20.31],[86.5,20.17],[86.28,19.92],[85.58,19.69],[85.46,19.9],[85.16,19.62],[85.44,19.63],[85.23,19.51],[84.77,19.13],[84.46,18.69],[84.1,18.29],[83.65,18.07],[83.2,17.61],[82.59,17.27],[82.28,16.94],[82.36,16.78],[82.26,16.56],[81.76,16.33],[81.29,16.34],[80.98,15.76],[80.65,15.9],[80.29,15.71],[80.1,15.32],[80.05,15.07],[80.17,14.58],[80.11,14.21],[80.31,13.49],[80.16,13.71],[80.06,13.61],[80.34,13.36],[80.23,12.69],[79.86,11.99],[79.75,11.58],[79.85,11.2],[79.84,10.32],[79.39,10.31],[79.0,9.68],[78.98,9.27],[78.42,9.11],[78.19,8.89],[78.06,8.38],[77.52,8.08],[77.3,8.15],[76.97,8.41],[76.55,8.9],[76.32,9.45],[76.24,9.93],[76.35,9.92],[75.92,10.78],[75.72,11.36],[75.52,11.7],[75.2,12.06],[74.95,12.56],[74.77,13.08],[74.67,13.67],[74.5,14.05],[74.38,14.49],[73.95,15.07],[73.93,15.4],[73.48,16.05],[73.34,16.46],[73.16,17.62],[72.99,18.1],[72.87,18.68],[73.01,19.02],[72.83,18.98],[72.8,19.52],[72.67,19.83],[72.88,20.56],[72.81,21.12],[72.69,21.18],[72.61,21.46],[73.02,21.7],[72.54,21.7],[72.7,21.97],[72.52,21.98],[72.55,22.16],[72.81,22.23],[72.18,22.27],[72.31,22.19],[72.04,21.82],[72.26,21.66],[72.25,21.53],[72.02,21.16],[71.02,20.74],[70.72,20.74],[70.13,21.09],[69.75,21.51],[69.01,22.2],[68.98,22.39],[69.28,22.29],[69.55,22.41],[70.18,22.57],[70.44,22.97],[70.25,22.97],[69.66,22.76],[69.24,22.85],[68.64,23.19],[68.42,23.57],[68.78,23.85],[68.23,23.6],[68.17,23.86]]],[[[93.89,6.83],[93.83,6.75],[93.68,7.18],[93.86,7.21],[93.89,6.83]]],[[[93.73,7.36],[93.64,7.26],[93.6,7.32],[93.73,7.36]]],[[[93.14,8.25],[93.06,8.27],[93.1,8.35],[93.14,8.25]]],[[[93.44,7.88],[93.31,7.96],[93.38,8.02],[93.44,7.88]]],[[[93.54,8.06],[93.48,8.02],[93.49,8.22],[93.54,8.06]]],[[[92.79,9.14],[92.71,9.2],[92.79,9.24],[92.79,9.14]]],[[[92.5,10.55],[92.35,10.75],[92.51,10.9],[92.5,10.55]]],[[[92.69,11.38],[92.6,11.39],[92.64,11.51],[92.69,11.38]]],[[[92.72,11.54],[92.53,11.87],[92.69,12.21],[92.74,12.78],[92.86,13.36],[93.06,13.55],[93.07,13.25],[92.89,12.94],[92.99,12.54],[92.72,11.54]]],[[[93.02,12.04],[93.06,11.9],[92.96,12.0],[93.02,12.04]]],[[[92.72,12.86],[92.69,12.8],[92.68,12.94],[92.72,12.86]]],[[[72.78,11.2],[72.77,11.21],[72.8,11.26],[72.78,11.2]]],[[[73.07,8.27],[73.06,8.27],[73.08,8.32],[73.07,8.27]]]],"type":"MultiPolygon"},"id":"IND","properties":{"id":"IND","name":"India"},"type":"Feature"},{"geometry":{"coordinates":[[[-15.54,66.23],[-14.86,66.38],[-15.12,66.1],[-14.74,66.05],[-14.69,65.9],[-14.84,65.78],[-14.43,65.79],[-14.33,65.66],[-13.67,65.55],[-13.8,65.35],[-13.58,65.14],[-13.85,64.99],[-13.85,64.86],[-14.14,64.71],[-14.39,64.75],[-14.55,64.45],[-15.02,64.3],[-15.49,64.26],[-16.06,64.11],[-16.64,63.87],[-17.82,63.71],[-18.08,63.5],[-18.65,63.41],[-19.25,63.44],[-19.78,63.54],[-20.2,63.56],[-20.59,63.74],[-21.25,63.94],[-21.45,63.86],[-22.65,63.83],[-22.74,64.02],[-22.51,63.99],[-22.06,64.07],[-21.65,64.4],[-21.95,64.31],[-21.95,64.51],[-22.47,64.79],[-23.35,64.82],[-23.88,64.75],[-24.03,64.86],[-22.68,65.03],[-21.89,65.05],[-21.78,65.19],[-22.04,65.13],[-22.47,65.23],[-21.84,65.45],[-22.9,65.58],[-23.9,65.41],[-24.45,65.5],[-24.34,65.6],[-24.01,65.62],[-24.11,65.76],[-23.62,65.68],[-23.29,65.75],[-23.83,65.85],[-23.52,65.88],[-23.77,66.0],[-23.53,66.16],[-23.06,66.09],[-23.02,65.98],[-22.45,66.07],[-22.95,66.21],[-22.51,66.26],[-22.69,66.34],[-23.12,66.36],[-22.89,66.44],[-22.43,66.43],[-21.41,66.03],[-21.3,65.88],[-21.46,65.7],[-21.42,65.46],[-21.13,65.27],[-20.94,65.57],[-20.74,65.66],[-20.45,65.57],[-20.36,65.72],[-20.36,66.03],[-20.03,66.05],[-19.59,65.78],[-19.46,65.77],[-19.38,66.08],[-18.78,66.17],[-18.1,65.83],[-18.3,66.16],[-17.91,66.14],[-17.55,65.96],[-17.15,66.2],[-16.75,66.13],[-16.43,66.28],[-16.54,66.45],[-15.99,66.51],[-15.54,66.23]]],"type":"Polygon"},"id":"ISL","properties":{"id":"ISL","name":"Iceland"},"type":"Feature"},{"geometry":{"coordinates":[[[22.13,48.41],[22.35,48.26],[22.77,48.11],[22.88,47.95],[22.68,47.8],[22.29,47.73],[22.0,47.51],[22.0,47.4],[21.32,46.61],[21.26,46.41],[21.04,46.24],[20.84,46.26],[20.61,46.13],[19.53,46.16],[19.21,45.98],[18.67,45.91],[18.36,45.75],[17.81,45.79],[17.31,46.0],[16.75,46.42],[16.52,46.5],[16.28,46.86],[16.09,46.86],[16.45,47.01],[16.44,47.4],[16.62,47.45],[16.55,47.75],[17.07,47.71],[17.17,48.01],[17.76,47.77],[18.72,47.79],[18.79,48.0],[19.47,48.11],[19.63,48.22],[19.9,48.13],[20.33,48.3],[20.49,48.53],[21.07,48.51],[21.45,48.55],[21.77,48.34],[22.13,48.41]]],"type":"Polygon"},"id":"HUN","properties":{"id":"HUN","name":"Hungary"},"type":"Feature"},{"geometry":{"coordinates":[[[[-83.16,14.99],[-83.42,15.01],[-83.87,14.79],[-84.54,14.63],[-84.86,14.81],[-85.16,14.53],[-85.18,14.34],[-85.79,13.84],[-86.04,14.05],[-86.33,13.77],[-86.73,13.76],[-86.71,13.31],[-86.92,13.22],[-87.06,12.99],[-87.34,12.98],[-87.49,13.35],[-87.81,13.4],[-87.72,13.81],[-88.15,13.99],[-88.48,13.85],[-89.12,14.37],[-89.36,14.42],[-89.17,14.61],[-89.22,14.87],[-88.98,15.14],[-88.23,15.73],[-87.62,15.91],[-87.49,15.79],[-87.29,15.83],[-86.91,15.76],[-86.36,15.78],[-85.78,16.0],[-85.48,15.9],[-84.97,15.99],[-84.56,15.8],[-84.26,15.82],[-83.78,15.44],[-83.97,15.52],[-83.76,15.22],[-83.65,15.37],[-83.37,15.24],[-83.16,14.99]]],[[[-86.42,16.38],[-86.58,16.3],[-86.56,16.36],[-86.42,16.38]]],[[[-85.87,16.46],[-85.96,16.43],[-85.88,16.51],[-85.87,16.46]]]],"type":"MultiPolygon"},"id":"HND","properties":{"id":"HND","name":"Honduras"},"type":"Feature"},{"geometry":{"coordinates":[[[[-71.78,19.72],[-71.66,19.13],[-71.81,18.99],[-71.74,18.73],[-72.0,18.6],[-71.76,18.34],[-71.77,18.04],[-72.06,18.23],[-72.88,18.15],[-73.39,18.25],[-73.75,18.19],[-73.88,18.04],[-74.09,18.22],[-74.42,18.35],[-74.39,18.62],[-74.23,18.66],[-73.59,18.52],[-72.79,18.43],[-72.35,18.67],[-72.81,19.07],[-72.7,19.44],[-73.05,19.61],[-73.4,19.66],[-73.4,19.81],[-73.12,19.9],[-72.64,19.9],[-72.22,19.74],[-71.78,19.72]]],[[[-72.8,18.78],[-72.82,18.71],[-73.29,18.9],[-73.17,18.97],[-72.8,18.78]]],[[[-72.66,20.04],[-72.64,19.99],[-72.96,20.06],[-72.66,20.04]]]],"type":"MultiPolygon"},"id":"HTI","properties":{"id":"HTI","name":"Haiti"},"type":"Feature"},{"geometry":{"coordinates":[[[-60.74,5.2],[-61.38,5.91],[-61.13,6.21],[-61.2,6.59],[-61.15,6.69],[-60.72,6.77],[-60.4,6.95],[-60.33,7.13],[-60.63,7.21],[-60.72,7.5],[-60.51,7.81],[-60.03,8.05],[-59.83,8.31],[-59.67,8.36],[-59.2,8.07],[-58.63,7.55],[-58.48,7.33],[-58.48,7.04],[-58.58,6.84],[-58.61,6.5],[-58.41,6.85],[-57.98,6.79],[-57.19,6.1],[-57.21,5.56],[-57.32,5.34],[-57.21,5.21],[-57.33,5.02],[-57.71,4.99],[-57.92,4.82],[-57.85,4.67],[-58.05,4.17],[-57.83,3.68],[-57.55,3.35],[-57.3,3.38],[-57.21,2.88],[-56.7,2.04],[-56.48,1.94],[-56.84,1.88],[-57.12,2.01],[-57.41,1.91],[-57.59,1.7],[-57.98,1.65],[-58.03,1.52],[-58.34,1.59],[-58.51,1.28],[-58.86,1.2],[-59.23,1.38],[-59.76,1.9],[-59.76,2.27],[-59.89,2.36],[-59.99,2.69],[-59.97,2.99],[-59.83,3.35],[-59.85,3.59],[-59.55,3.93],[-59.74,4.23],[-59.7,4.38],[-60.15,4.53],[-60.03,4.74],[-59.99,5.08],[-60.14,5.24],[-60.74,5.2]]],"type":"Polygon"},"id":"GUY","properties":{"id":"GUY","name":"Guyana"},"type":"Feature"},{"geometry":{"coordinates":[[[[-16.71,12.35],[-16.14,12.46],[-15.57,12.49],[-15.2,12.68],[-13.73,12.67],[-13.71,12.31],[-13.95,12.18],[-13.74,12.01],[-13.73,11.74],[-14.27,11.66],[-14.68,11.51],[-15.04,10.94],[-15.05,11.14],[-15.39,11.22],[-15.43,11.5],[-15.07,11.6],[-15.41,11.62],[-15.43,11.94],[-15.82,11.76],[-15.96,11.96],[-16.27,11.98],[-16.32,12.14],[-16.71,12.35]]],[[[-16.11,11.06],[-16.24,11.11],[-16.07,11.2],[-16.11,11.06]]],[[[-15.9,11.08],[-15.96,11.06],[-15.94,11.19],[-15.9,11.08]]],[[[-15.73,11.22],[-15.72,11.3],[-15.66,11.29],[-15.73,11.22]]],[[[-15.55,11.54],[-15.62,11.53],[-15.48,11.63],[-15.55,11.54]]],[[[-15.9,11.47],[-16.02,11.48],[-15.96,11.6],[-15.9,11.47]]],[[[-15.99,11.88],[-16.04,11.76],[-16.15,11.88],[-15.99,11.88]]]],"type":"MultiPolygon"},"id":"GNB","properties":{"id":"GNB","name":"Guinea-Bissau"},"type":"Feature"},{"geometry":{"coordinates":[[[-10.28,8.49],[-10.56,8.32],[-10.71,8.34],[-10.5,8.69],[-10.62,9.06],[-10.75,9.12],[-10.69,9.31],[-11.21,9.98],[-11.91,9.99],[-12.14,9.88],[-12.5,9.86],[-12.76,9.37],[-13.03,9.1],[-13.29,9.05],[-13.27,9.17],[-13.66,9.64],[-13.69,9.93],[-13.95,9.97],[-14.05,10.14],[-14.43,10.25],[-14.78,10.93],[-15.04,10.94],[-14.68,11.51],[-14.27,11.66],[-13.73,11.74],[-13.74,12.01],[-13.95,12.18],[-13.71,12.31],[-13.73,12.67],[-13.08,12.63],[-13.01,12.48],[-12.29,12.33],[-12.04,12.4],[-11.39,12.4],[-11.5,12.2],[-11.31,12.02],[-10.93,12.21],[-10.68,11.9],[-10.47,12.14],[-10.27,12.21],[-9.82,12.04],[-9.36,12.26],[-9.4,12.46],[-9.04,12.4],[-8.82,11.92],[-8.82,11.67],[-8.41,11.39],[-8.66,11.04],[-8.34,10.99],[-8.23,10.44],[-8.01,10.32],[-8.14,10.02],[-8.14,9.5],[-7.9,9.42],[-7.92,9.19],[-7.78,9.08],[-7.94,8.98],[-7.95,8.79],[-7.78,8.72],[-7.68,8.41],[-8.05,8.5],[-8.24,8.46],[-8.26,8.25],[-8.02,8.14],[-8.23,7.56],[-8.71,7.66],[-8.89,7.26],[-9.12,7.22],[-9.46,7.42],[-9.37,7.64],[-9.52,8.35],[-9.77,8.53],[-10.06,8.43],[-10.28,8.49]]],"type":"Polygon"},"id":"GIN","properties":{"id":"GIN","name":"Guinea"},"type":"Feature"},{"geometry":{"coordinates":[[[-92.24,14.55],[-92.07,15.07],[-92.19,15.32],[-91.74,16.07],[-90.45,16.07],[-90.42,16.39],[-90.63,16.51],[-90.71,16.71],[-90.98,16.87],[-91.41,17.26],[-90.99,17.25],[-90.99,17.82],[-89.16,17.81],[-89.24,15.89],[-88.89,15.89],[-88.6,15.76],[-88.59,15.95],[-88.23,15.73],[-88.98,15.14],[-89.22,14.87],[-89.17,14.61],[-89.36,14.42],[-89.54,14.41],[-89.55,14.24],[-90.1,13.83],[-90.1,13.74],[-90.61,13.93],[-91.15,13.93],[-91.82,14.23],[-92.24,14.55]]],"type":"Polygon"},"id":"GTM","properties":{"id":"GTM","name":"Guatemala"},"type":"Feature"},{"geometry":{"coordinates":[[[-61.72,12.01],[-61.71,12.19],[-61.61,12.22],[-61.72,12.01]]],"type":"Polygon"},"id":"GRD","properties":{"id":"GRD","name":"Grenada"},"type":"Feature"},{"geometry":{"coordinates":[[[[27.86,36.55],[27.79,36.61],[27.86,36.64],[27.86,36.55]]],[[[20.61,38.38],[20.76,38.07],[20.52,38.11],[20.41,38.34],[20.61,38.38]]],[[[20.89,37.81],[20.82,37.66],[20.62,37.86],[20.89,37.81]]],[[[20.69,38.61],[20.55,38.58],[20.63,38.82],[20.69,38.61]]],[[[20.76,38.33],[20.71,38.32],[20.62,38.48],[20.76,38.33]]],[[[20.08,39.43],[19.88,39.46],[19.65,39.73],[19.84,39.82],[19.96,39.47],[20.08,39.43]]],[[[23.42,38.96],[23.47,38.85],[23.88,38.69],[24.1,38.67],[24.28,38.22],[24.56,38.15],[24.5,37.97],[24.21,38.12],[24.04,38.39],[23.76,38.4],[23.25,38.8],[22.87,38.87],[23.31,39.03],[23.42,38.96]]],[[[23.78,39.11],[23.67,39.1],[23.59,39.21],[23.78,39.11]]],[[[23.89,39.16],[23.89,39.23],[23.97,39.27],[23.89,39.16]]],[[[24.67,38.81],[24.46,38.89],[24.49,38.98],[24.67,38.81]]],[[[24.77,40.62],[24.52,40.65],[24.72,40.79],[24.77,40.62]]],[[[23.55,37.93],[23.44,37.91],[23.46,37.98],[23.55,37.93]]],[[[23.05,36.19],[22.94,36.18],[22.95,36.38],[23.05,36.19]]],[[[27.18,35.47],[27.07,35.6],[27.22,35.82],[27.18,35.47]]],[[[27.02,36.96],[26.92,36.95],[26.89,37.09],[27.02,36.96]]],[[[26.95,36.73],[27.06,36.84],[27.35,36.87],[26.95,36.73]]],[[[25.55,36.97],[25.36,37.07],[25.53,37.2],[25.55,36.97]]],[[[25.28,37.07],[25.11,37.03],[25.28,37.14],[25.28,37.07]]],[[[25.48,36.39],[25.37,36.36],[25.41,36.47],[25.48,36.39]]],[[[25.38,36.67],[25.26,36.76],[25.41,36.72],[25.38,36.67]]],[[[26.82,37.81],[27.06,37.71],[26.84,37.64],[26.58,37.72],[26.82,37.81]]],[[[26.03,37.53],[26.09,37.63],[26.35,37.67],[26.03,37.53]]],[[[25.86,36.79],[25.74,36.79],[26.0,36.94],[25.86,36.79]]],[[[26.46,36.59],[26.33,36.51],[26.27,36.6],[26.46,36.59]]],[[[24.36,37.58],[24.29,37.53],[24.32,37.68],[24.36,37.58]]],[[[24.44,37.34],[24.37,37.42],[24.43,37.48],[24.44,37.34]]],[[[24.54,36.76],[24.53,36.68],[24.33,36.66],[24.54,36.76]]],[[[24.94,37.49],[24.94,37.39],[24.9,37.41],[24.94,37.49]]],[[[24.99,37.76],[24.71,37.9],[24.79,37.99],[24.99,37.76]]],[[[25.26,37.6],[25.16,37.55],[25.0,37.68],[25.26,37.6]]],[[[24.72,36.92],[24.72,37.02],[24.76,36.95],[24.72,36.92]]],[[[26.09,38.22],[25.85,38.57],[26.16,38.54],[26.09,38.22]]],[[[26.41,39.33],[26.58,39.03],[26.16,39.03],[25.84,39.2],[26.17,39.37],[26.41,39.33]]],[[[25.69,40.43],[25.45,40.48],[25.57,40.52],[25.69,40.43]]],[[[25.44,39.98],[25.36,39.81],[25.06,39.85],[25.06,40.0],[25.44,39.98]]],[[[25.4,37.42],[25.31,37.41],[25.35,37.51],[25.4,37.42]]],[[[24.52,37.13],[24.42,37.13],[24.53,37.19],[24.52,37.13]]],[[[27.84,35.93],[27.72,36.17],[27.91,36.35],[28.23,36.43],[28.09,36.07],[27.84,35.93]]],[[[23.85,35.54],[24.26,35.47],[24.31,35.36],[24.72,35.42],[25.48,35.31],[25.73,35.35],[25.75,35.14],[26.17,35.22],[26.24,35.04],[24.8,34.93],[24.71,35.09],[23.88,35.25],[23.64,35.24],[23.55,35.42],[23.74,35.66],[23.85,35.54]]],[[[26.32,41.72],[26.58,41.6],[26.62,41.4],[26.33,41.24],[26.33,40.95],[26.11,40.75],[25.86,40.84],[25.1,40.99],[24.79,40.86],[24.48,40.95],[24.08,40.72],[23.76,40.75],[23.87,40.42],[23.72,40.29],[23.97,40.11],[23.95,39.97],[23.66,40.22],[23.43,40.26],[23.4,39.99],[23.31,40.22],[22.9,40.4],[22.92,40.59],[22.63,40.5],[22.59,40.04],[22.92,39.63],[23.29,39.29],[22.84,39.26],[22.97,39.03],[22.6,38.89],[23.25,38.66],[23.68,38.35],[23.97,38.28],[24.06,37.71],[23.97,37.68],[23.58,38.01],[23.04,37.88],[23.2,37.62],[23.49,37.44],[23.16,37.33],[23.1,37.44],[22.73,37.54],[23.0,37.02],[22.98,36.53],[22.78,36.79],[22.61,36.78],[22.37,36.51],[22.38,36.7],[22.08,37.03],[21.96,36.99],[21.89,36.74],[21.58,37.08],[21.69,37.31],[21.57,37.54],[21.14,37.85],[21.4,38.2],[21.66,38.18],[21.82,38.33],[22.56,38.11],[22.92,37.96],[23.15,38.18],[22.93,38.2],[22.42,38.44],[22.23,38.35],[21.97,38.41],[21.47,38.32],[21.11,38.38],[20.78,38.93],[21.07,38.89],[21.12,39.03],[20.78,39.01],[20.3,39.33],[20.21,39.65],[20.38,39.8],[20.31,39.98],[20.66,40.12],[20.81,40.45],[21.03,40.66],[20.96,40.85],[21.58,40.87],[21.93,41.11],[22.49,41.12],[22.72,41.18],[22.76,41.31],[23.64,41.39],[24.06,41.53],[24.52,41.55],[25.25,41.24],[26.16,41.43],[26.07,41.67],[26.32,41.72]]]],"type":"MultiPolygon"},"id":"GRC","properties":{"id":"GRC","name":"Greece"},"type":"Feature"},{"geometry":{"coordinates":[[[-0.07,11.12],[0.01,11.02],[-0.06,10.63],[0.38,10.29],[0.32,9.69],[0.23,9.46],[0.53,9.36],[0.49,8.85],[0.37,8.76],[0.69,8.3],[0.58,8.15],[0.61,7.73],[0.5,7.55],[0.63,7.35],[0.53,6.85],[0.74,6.45],[0.98,6.32],[1.19,6.09],[0.95,5.81],[0.26,5.76],[-0.35,5.5],[-0.8,5.23],[-1.64,4.98],[-2.0,4.76],[-2.4,4.93],[-3.11,5.09],[-2.82,5.15],[-2.79,5.6],[-2.96,5.64],[-3.2,6.35],[-3.24,6.81],[-2.99,7.2],[-2.96,7.45],[-2.79,7.93],[-2.51,8.21],[-2.6,8.8],[-2.75,9.11],[-2.67,9.28],[-2.79,10.43],[-2.91,10.59],[-2.83,11.0],[-0.7,10.99],[-0.65,10.93],[-0.3,11.17],[-0.07,11.12]]],"type":"Polygon"},"id":"GHA","properties":{"id":"GHA","name":"Ghana"},"type":"Feature"},{"geometry":{"coordinates":[[[[9.52,47.52],[9.18,47.67],[8.88,47.66],[8.62,47.77],[8.41,47.59],[7.7,47.57],[7.57,47.61],[7.58,48.06],[7.84,48.64],[8.13,48.97],[7.61,49.06],[7.45,49.15],[6.74,49.16],[6.46,49.44],[6.34,49.45],[6.49,49.8],[6.14,49.97],[6.18,50.23],[6.36,50.32],[6.24,50.6],[5.99,50.75],[5.89,50.98],[6.13,51.15],[6.19,51.49],[5.95,51.76],[6.17,51.88],[6.36,51.82],[6.74,51.91],[6.75,52.1],[6.98,52.21],[7.04,52.38],[6.75,52.46],[6.75,52.63],[7.01,52.63],[7.19,53.0],[7.2,53.28],[7.05,53.38],[7.29,53.68],[8.01,53.69],[8.25,53.45],[8.33,53.61],[8.49,53.51],[8.62,53.88],[9.31,53.86],[8.98,53.93],[8.91,54.26],[8.65,54.4],[8.95,54.47],[8.67,54.9],[9.34,54.81],[9.62,54.86],[9.89,54.78],[10.14,54.49],[10.73,54.32],[11.01,54.38],[10.92,54.0],[11.4,53.94],[11.8,54.15],[12.11,54.17],[12.58,54.47],[13.03,54.41],[13.45,54.14],[13.72,54.15],[13.87,53.85],[14.25,53.73],[14.41,53.28],[14.37,53.11],[14.13,52.88],[14.62,52.53],[14.55,52.36],[14.75,52.08],[14.6,51.83],[14.72,51.52],[14.91,51.46],[15.02,51.25],[14.77,50.82],[14.55,50.99],[14.32,51.04],[14.37,50.9],[13.53,50.69],[13.47,50.62],[12.45,50.35],[12.28,50.18],[12.09,50.27],[12.51,49.9],[12.39,49.74],[12.63,49.46],[12.92,49.33],[13.44,48.96],[13.81,48.77],[13.68,48.52],[13.49,48.58],[13.41,48.39],[12.81,48.16],[12.95,47.89],[13.01,47.48],[12.69,47.67],[12.21,47.72],[12.19,47.62],[11.72,47.58],[11.3,47.42],[10.98,47.4],[10.87,47.52],[10.43,47.54],[10.31,47.31],[9.75,47.58],[9.52,47.52]]],[[[13.71,54.38],[13.36,54.25],[13.19,54.33],[13.18,54.54],[13.42,54.7],[13.67,54.54],[13.71,54.38]]],[[[14.21,53.95],[13.93,53.88],[13.83,54.13],[14.21,53.95]]],[[[11.28,54.42],[11.01,54.47],[11.08,54.53],[11.28,54.42]]],[[[8.31,54.79],[8.3,54.91],[8.41,55.06],[8.31,54.79]]],[[[8.59,54.71],[8.45,54.69],[8.51,54.76],[8.59,54.71]]]],"type":"MultiPolygon"},"id":"DEU","properties":{"id":"DEU","name":"Germany"},"type":"Feature"},{"geometry":{"coordinates":[[[43.44,41.11],[42.79,41.56],[42.47,41.44],[41.51,41.52],[41.7,41.71],[41.76,41.97],[41.49,42.66],[41.13,42.83],[40.84,43.06],[40.52,43.12],[39.98,43.42],[40.15,43.57],[40.65,43.53],[41.58,43.22],[42.42,43.22],[42.99,43.09],[43.09,42.99],[43.78,42.75],[43.74,42.62],[43.96,42.57],[44.51,42.75],[44.77,42.62],[44.87,42.76],[45.34,42.53],[45.73,42.48],[45.64,42.21],[45.95,42.04],[46.43,41.89],[46.18,41.66],[46.67,41.29],[46.46,41.07],[46.17,41.2],[45.79,41.22],[45.72,41.34],[45.28,41.45],[44.84,41.21],[44.23,41.21],[43.44,41.11]]],"type":"Polygon"},"id":"GEO","properties":{"id":"GEO","name":"Georgia"},"type":"Feature"},{"geometry":{"coordinates":[[[-16.56,13.59],[-15.51,13.59],[-15.43,13.73],[-15.11,13.81],[-14.33,13.49],[-13.98,13.54],[-13.85,13.34],[-14.25,13.24],[-14.44,13.27],[-15.15,13.56],[-15.29,13.4],[-15.81,13.33],[-15.83,13.16],[-16.65,13.15],[-16.76,13.06],[-16.82,13.34],[-16.67,13.48],[-16.56,13.3],[-16.19,13.28],[-16.16,13.38],[-15.44,13.48],[-16.14,13.45],[-16.44,13.35],[-16.56,13.59]]],"type":"Polygon"},"id":"GMB","properties":{"id":"GMB","name":"Gambia"},"type":"Feature"},{"geometry":{"coordinates":[[[13.29,2.16],[13.16,1.65],[13.27,1.24],[13.85,1.42],[14.18,1.37],[14.43,0.81],[14.32,0.62],[14.09,0.54],[13.88,0.19],[13.86,-0.2],[14.07,-0.27],[14.48,-0.62],[14.41,-0.97],[14.46,-1.41],[14.38,-1.89],[14.16,-2.22],[14.09,-2.47],[13.89,-2.47],[13.73,-2.14],[13.46,-2.4],[12.99,-2.31],[12.79,-1.93],[12.59,-1.83],[12.43,-1.93],[12.45,-2.33],[12.06,-2.41],[11.61,-2.34],[11.54,-2.84],[11.76,-2.98],[11.69,-3.13],[11.93,-3.32],[11.85,-3.7],[11.5,-3.52],[11.29,-3.64],[11.13,-3.92],[10.95,-3.66],[10.64,-3.4],[10.35,-3.01],[9.76,-2.52],[9.3,-1.9],[9.04,-1.31],[9.32,-1.63],[9.52,-1.6],[9.06,-1.3],[8.7,-0.59],[8.82,-0.71],[9.14,-0.57],[9.3,-0.35],[9.3,0.29],[9.8,0.04],[10.0,0.19],[9.55,0.3],[9.32,0.55],[9.5,0.66],[9.62,0.58],[9.58,0.99],[9.76,1.07],[10.03,1.0],[11.34,1.0],[11.35,2.3],[12.36,2.3],[13.22,2.26],[13.29,2.16]]],"type":"Polygon"},"id":"GAB","properties":{"id":"GAB","name":"Gabon"},"type":"Feature"},{"geometry":{"coordinates":[[[[9.48,42.81],[9.55,42.13],[9.39,41.73],[9.19,41.38],[8.81,41.59],[8.89,41.7],[8.62,41.93],[8.7,42.1],[8.57,42.36],[8.71,42.55],[9.14,42.73],[9.29,42.69],[9.36,43.02],[9.48,42.81]]],[[[7.62,47.59],[7.42,47.46],[7.05,47.49],[7.0,47.32],[6.62,47.0],[6.46,46.95],[6.41,46.76],[6.16,46.61],[6.06,46.43],[6.09,46.15],[6.43,46.43],[6.76,46.42],[6.77,46.17],[7.02,45.93],[6.81,45.71],[7.15,45.4],[7.08,45.24],[6.63,45.12],[6.74,44.92],[7.03,44.72],[6.84,44.51],[6.97,44.28],[7.37,44.13],[7.68,44.08],[7.49,43.77],[7.18,43.66],[6.72,43.37],[6.49,43.17],[6.12,43.07],[5.81,43.1],[5.41,43.23],[5.06,43.44],[4.63,43.39],[4.16,43.5],[4.05,43.59],[3.26,43.19],[3.05,42.92],[3.09,42.59],[3.21,42.43],[2.97,42.47],[2.65,42.34],[2.2,42.42],[2.03,42.35],[1.71,42.5],[1.71,42.6],[0.7,42.85],[0.63,42.69],[-0.04,42.69],[-0.3,42.83],[-0.59,42.8],[-0.76,42.94],[-1.48,43.07],[-1.41,43.24],[-1.75,43.32],[-1.48,43.56],[-1.35,44.02],[-1.25,44.56],[-1.19,45.16],[-1.08,45.53],[-0.77,45.31],[-0.88,45.54],[-1.17,45.69],[-1.03,45.74],[-1.15,46.31],[-1.79,46.51],[-2.06,46.81],[-2.02,47.04],[-2.2,47.16],[-1.98,47.31],[-2.5,47.31],[-2.43,47.47],[-2.77,47.51],[-3.16,47.69],[-3.9,47.84],[-4.31,47.82],[-4.68,48.04],[-4.33,48.17],[-4.72,48.36],[-4.72,48.54],[-4.06,48.71],[-3.71,48.71],[-3.23,48.84],[-3.0,48.79],[-2.69,48.54],[-2.45,48.65],[-1.38,48.65],[-1.57,48.81],[-1.58,49.2],[-1.87,49.6],[-1.86,49.68],[-1.26,49.68],[-1.14,49.39],[-0.16,49.3],[0.42,49.45],[0.13,49.51],[0.19,49.7],[0.62,49.86],[1.25,50.0],[1.59,50.25],[1.58,50.74],[1.91,50.99],[2.52,51.1],[2.67,50.81],[2.84,50.71],[3.11,50.78],[3.27,50.53],[3.63,50.46],[3.67,50.32],[4.17,50.25],[4.18,49.96],[4.55,49.96],[4.86,50.14],[4.87,49.79],[5.28,49.68],[5.51,49.51],[6.46,49.44],[6.74,49.16],[7.45,49.15],[7.61,49.06],[8.13,48.97],[7.84,48.64],[7.53,47.67],[7.62,47.59]]],[[[-1.18,45.9],[-1.21,45.82],[-1.39,46.05],[-1.18,45.9]]],[[[45.18,-12.98],[45.09,-12.65],[45.22,-12.75],[45.18,-12.98]]],[[[55.8,-21.34],[55.36,-21.27],[55.23,-21.06],[55.31,-20.9],[55.66,-20.91],[55.84,-21.14],[55.8,-21.34]]],[[[-60.83,14.49],[-61.06,14.47],[-61.01,14.6],[-61.22,14.8],[-60.92,14.74],[-60.83,14.49]]],[[[-61.33,16.23],[-61.52,16.23],[-61.47,16.51],[-61.17,16.26],[-61.33,16.23]]],[[[-61.59,16.01],[-61.76,16.06],[-61.75,16.36],[-61.55,16.27],[-61.59,16.01]]],[[[-61.23,15.89],[-61.31,15.89],[-61.25,16.01],[-61.23,15.89]]],[[[-54.62,2.33],[-54.4,2.46],[-54.2,2.82],[-54.2,3.14],[-53.99,3.59],[-54.35,4.05],[-54.45,4.49],[-54.45,5.01],[-54.09,5.41],[-53.85,5.78],[-53.45,5.56],[-52.9,5.43],[-52.06,4.72],[-51.93,4.44],[-51.79,4.57],[-51.65,4.06],[-51.99,3.7],[-52.7,2.36],[-52.96,2.18],[-53.23,2.2],[-53.33,2.34],[-53.51,2.25],[-53.77,2.35],[-54.13,2.12],[-54.62,2.33]]]],"type":"MultiPolygon"},"id":"FRA","properties":{"id":"FRA","name":"France"},"type":"Feature"},{"geometry":{"coordinates":[[[[-56.15,46.76],[-56.24,46.77],[-56.15,46.81],[-56.15,46.76]]],[[[-56.27,46.84],[-56.39,47.07],[-56.29,47.07],[-56.27,46.84]]]],"type":"MultiPolygon"},"id":"SPM","properties":{"id":"SPM","name":"St. Pierre and Miquelon"},"type":"Feature"},{"geometry":{"coordinates":[[[[-176.16,-13.33],[-176.2,-13.3],[-176.15,-13.22],[-176.16,-13.33]]],[[[-178.05,-14.32],[-178.16,-14.31],[-178.14,-14.24],[-178.05,-14.32]]]],"type":"MultiPolygon"},"id":"WLF","properties":{"id":"WLF","name":"Wallis and Futuna Is."},"type":"Feature"},{"geometry":{"coordinates":[[[-63.01,18.07],[-63.12,18.07],[-63.06,18.12],[-63.01,18.07]]],"type":"Polygon"},"id":"MAF","properties":{"id":"MAF","name":"St-Martin"},"type":"Feature"},{"geometry":{"coordinates":[[[-62.83,17.88],[-62.87,17.92],[-62.8,17.91],[-62.83,17.88]]],"type":"Polygon"},"id":"BLM","properties":{"id":"BLM","name":"St-Barthélemy"},"type":"Feature"},{"geometry":{"coordinates":[[[[-151.47,-16.66],[-151.51,-16.57],[-151.44,-16.62],[-151.47,-16.66]]],[[[-149.81,-17.55],[-149.9,-17.47],[-149.78,-17.49],[-149.81,-17.55]]],[[[-151.41,-16.88],[-151.49,-16.86],[-151.47,-16.74],[-151.41,-16.88]]],[[[-149.32,-17.69],[-149.58,-17.73],[-149.61,-17.53],[-149.38,-17.52],[-149.32,-17.69]]],[[[-139.02,-9.7],[-138.87,-9.79],[-139.13,-9.83],[-139.02,-9.7]]],[[[-139.06,-9.93],[-139.13,-10.01],[-139.13,-9.93],[-139.06,-9.93]]],[[[-138.65,-10.52],[-138.69,-10.43],[-138.62,-10.46],[-138.65,-10.52]]],[[[-140.07,-8.91],[-140.22,-8.93],[-140.22,-8.78],[-140.07,-8.91]]],[[[-140.08,-9.43],[-140.14,-9.36],[-140.03,-9.34],[-140.08,-9.43]]],[[[-140.81,-17.86],[-140.85,-17.83],[-140.76,-17.72],[-140.81,-17.86]]],[[[-139.56,-8.94],[-139.62,-8.95],[-139.58,-8.86],[-139.56,-8.94]]],[[[-140.69,-18.38],[-140.67,-18.42],[-140.77,-18.36],[-140.69,-18.38]]],[[[-140.83,-18.19],[-140.86,-18.2],[-140.97,-18.06],[-140.83,-18.19]]],[[[-136.29,-18.54],[-136.48,-18.47],[-136.46,-18.46],[-136.29,-18.54]]],[[[-136.97,-18.34],[-137.07,-18.27],[-137.03,-18.27],[-136.97,-18.34]]],[[[-138.51,-20.86],[-138.52,-20.85],[-138.55,-20.77],[-138.51,-20.86]]],[[[-142.51,-16.1],[-142.51,-16.03],[-142.48,-16.02],[-142.51,-16.1]]],[[[-143.44,-16.62],[-143.39,-16.67],[-143.46,-16.64],[-143.44,-16.62]]],[[[-143.57,-16.63],[-143.61,-16.64],[-143.71,-16.58],[-143.57,-16.63]]],[[[-145.05,-15.86],[-145.08,-15.86],[-145.16,-15.76],[-145.05,-15.86]]],[[[-145.49,-16.33],[-145.61,-16.17],[-145.61,-16.08],[-145.49,-16.33]]]],"type":"MultiPolygon"},"id":"PYF","properties":{"id":"PYF","name":"Fr. Polynesia"},"type":"Feature"},{"geometry":{"coordinates":[[[[164.2,-20.25],[164.44,-20.28],[164.98,-20.68],[165.19,-20.77],[165.66,-21.27],[166.3,-21.64],[166.94,-22.09],[166.97,-22.32],[166.77,-22.38],[166.18,-22.09],[166.1,-21.96],[165.24,-21.53],[164.93,-21.29],[164.45,-20.83],[164.17,-20.48],[164.06,-20.14],[164.2,-20.25]]],[[[167.54,-22.62],[167.42,-22.62],[167.44,-22.54],[167.54,-22.62]]],[[[159.95,-19.31],[159.93,-19.17],[159.96,-19.11],[159.95,-19.31]]],[[[168.01,-21.43],[168.12,-21.62],[167.88,-21.58],[167.82,-21.39],[168.01,-21.43]]],[[[166.55,-20.7],[166.58,-20.41],[166.62,-20.6],[166.55,-20.7]]],[[[167.4,-21.16],[167.03,-20.92],[167.2,-20.67],[167.43,-21.06],[167.4,-21.16]]]],"type":"MultiPolygon"},"id":"NCL","properties":{"id":"NCL","name":"New Caledonia"},"type":"Feature"},{"geometry":{"coordinates":[[[[69.18,-49.11],[69.53,-48.97],[69.64,-49.12],[69.41,-49.18],[69.67,-49.26],[70.32,-49.06],[70.56,-49.2],[70.39,-49.43],[69.92,-49.35],[69.78,-49.49],[70.31,-49.58],[70.08,-49.71],[69.75,-49.6],[69.61,-49.65],[69.15,-49.53],[68.99,-49.7],[68.78,-49.65],[68.87,-49.44],[68.77,-49.07],[68.83,-48.85],[69.06,-48.66],[69.14,-48.86],[69.03,-49.02],[69.18,-49.11]]],[[[69.28,-49.06],[69.17,-48.88],[69.37,-48.89],[69.28,-49.06]]],[[[51.83,-46.44],[51.7,-46.43],[51.74,-46.33],[51.83,-46.44]]]],"type":"MultiPolygon"},"id":"ATF","properties":{"id":"ATF","name":"Fr. S. Antarctic Lands"},"type":"Feature"},{"geometry":{"coordinates":[[[[19.99,60.35],[20.26,60.26],[20.03,60.09],[19.75,60.1],[19.67,60.23],[19.99,60.35]]],[[[19.66,60.19],[19.54,60.14],[19.55,60.24],[19.66,60.19]]],[[[20.61,60.04],[20.52,60.01],[20.43,60.06],[20.61,60.04]]]],"type":"MultiPolygon"},"id":"ALD","properties":{"id":"ALD","name":"Åland"},"type":"Feature"},{"geometry":{"coordinates":[[[[24.16,65.81],[23.91,66.15],[23.75,66.19],[23.7,66.48],[23.99,66.81],[23.62,67.18],[23.73,67.42],[23.47,67.45],[23.5,67.88],[23.64,67.95],[22.78,68.39],[22.0,68.52],[20.92,68.91],[20.68,69.07],[21.07,69.04],[21.05,69.19],[21.27,69.27],[21.62,69.27],[22.3,68.86],[22.41,68.72],[23.32,68.65],[23.85,68.81],[24.94,68.59],[25.36,68.86],[25.75,68.99],[25.75,69.23],[26.01,69.65],[26.53,69.92],[27.11,69.9],[27.59,70.04],[27.89,70.06],[28.41,69.82],[29.14,69.67],[29.33,69.47],[28.85,69.18],[28.97,69.02],[28.41,68.9],[28.75,68.77],[28.47,68.49],[28.69,68.19],[29.34,68.06],[29.98,67.69],[29.94,67.55],[29.09,66.97],[29.09,66.85],[29.9,66.09],[30.1,65.68],[29.82,65.57],[29.63,65.22],[29.81,65.11],[29.6,64.97],[29.78,64.8],[30.07,64.77],[29.99,64.56],[30.11,64.37],[30.49,64.24],[30.5,64.02],[30.0,63.75],[30.42,63.5],[31.18,63.21],[31.53,62.89],[31.29,62.57],[30.57,62.13],[29.69,61.55],[29.25,61.29],[28.41,60.9],[27.8,60.54],[27.46,60.46],[27.24,60.54],[26.53,60.41],[26.2,60.41],[25.76,60.27],[25.66,60.33],[25.16,60.19],[24.34,60.04],[23.72,59.97],[23.46,59.99],[22.96,59.83],[23.2,60.02],[22.87,60.22],[22.79,60.08],[22.46,60.03],[22.58,60.38],[22.26,60.4],[21.44,60.6],[21.36,60.97],[21.51,61.28],[21.5,61.55],[21.61,61.59],[21.26,61.99],[21.35,62.22],[21.1,62.62],[21.2,62.79],[21.65,63.04],[21.55,63.2],[21.9,63.21],[22.32,63.31],[22.53,63.65],[22.76,63.68],[23.25,63.9],[23.92,64.27],[24.28,64.52],[24.56,64.8],[24.94,64.88],[25.29,64.86],[25.26,65.14],[25.35,65.48],[24.58,65.76],[24.16,65.81]]],[[[21.99,60.34],[21.82,60.38],[21.83,60.47],[21.99,60.34]]],[[[21.22,63.24],[21.42,63.25],[21.25,63.15],[21.22,63.24]]],[[[22.18,60.37],[22.35,60.36],[22.36,60.17],[22.08,60.29],[22.18,60.37]]],[[[21.45,60.53],[21.3,60.48],[21.21,60.6],[21.45,60.53]]],[[[21.83,60.14],[21.7,60.17],[21.86,60.2],[21.83,60.14]]],[[[21.63,60.11],[21.49,60.13],[21.63,60.17],[21.63,60.11]]],[[[24.85,64.99],[24.58,64.98],[24.79,65.09],[24.85,64.99]]]],"type":"MultiPolygon"},"id":"FIN","properties":{"id":"FIN","name":"Finland"},"type":"Feature"},{"geometry":{"coordinates":[[[[180.0,-16.17],[179.62,-16.53],[179.57,-16.75],[179.93,-16.52],[179.93,-16.74],[179.42,-16.81],[179.2,-16.71],[179.01,-16.9],[178.71,-16.98],[178.5,-16.79],[178.58,-16.62],[178.81,-16.63],[179.09,-16.44],[179.55,-16.25],[180.0,-16.17]]],[[[178.28,-17.37],[178.59,-17.65],[178.67,-18.08],[178.33,-18.14],[178.16,-18.25],[177.85,-18.25],[177.32,-18.08],[177.26,-17.86],[177.62,-17.46],[178.19,-17.31],[178.28,-17.37]]],[[[-179.97,-16.92],[-180.0,-16.79],[-179.82,-16.77],[-179.97,-16.92]]],[[[180.0,-16.96],[179.9,-16.96],[180.0,-16.79],[180.0,-16.96]]],[[[178.49,-18.97],[178.16,-19.12],[177.96,-19.12],[178.33,-18.93],[178.49,-18.97]]],[[[-178.99,-17.98],[-179.08,-17.94],[-179.05,-17.92],[-178.99,-17.98]]],[[[-178.76,-18.23],[-178.85,-18.2],[-178.76,-18.19],[-178.76,-18.23]]],[[[-178.25,-17.95],[-178.36,-17.92],[-178.28,-17.89],[-178.25,-17.95]]],[[[-178.96,-17.27],[-179.01,-17.15],[-178.91,-17.22],[-178.96,-17.27]]],[[[-178.54,-19.17],[-178.6,-19.15],[-178.59,-19.12],[-178.54,-19.17]]],[[[-179.8,-18.94],[-179.85,-19.0],[-179.83,-18.92],[-179.8,-18.94]]],[[[177.23,-17.15],[177.21,-17.08],[177.29,-17.05],[177.23,-17.15]]],[[[179.42,-17.37],[179.37,-17.26],[179.43,-17.27],[179.42,-17.37]]],[[[179.35,-18.1],[179.25,-18.03],[179.31,-17.94],[179.35,-18.1]]],[[[178.83,-17.73],[178.75,-17.69],[178.83,-17.62],[178.83,-17.73]]],[[[-179.93,-16.5],[-180.0,-16.49],[-179.9,-16.43],[-179.93,-16.5]]],[[[-179.96,-16.15],[-180.0,-16.17],[-179.97,-16.13],[-179.96,-16.15]]],[[[180.0,-16.54],[179.98,-16.52],[180.0,-16.49],[180.0,-16.54]]],[[[177.12,-12.51],[177.01,-12.49],[177.12,-12.48],[177.12,-12.51]]],[[[174.63,-21.7],[174.59,-21.7],[174.6,-21.67],[174.63,-21.7]]],[[[-178.71,-20.67],[-178.72,-20.67],[-178.72,-20.65],[-178.71,-20.67]]]],"type":"MultiPolygon"},"id":"FJI","properties":{"id":"FJI","name":"Fiji"},"type":"Feature"},{"geometry":{"coordinates":[[[35.27,5.49],[35.08,5.67],[34.71,6.66],[34.06,7.23],[33.9,7.51],[33.67,7.67],[33.23,7.76],[33.01,7.95],[33.23,8.4],[33.95,8.44],[34.09,8.58],[34.08,9.42],[34.12,9.73],[34.29,10.12],[34.28,10.53],[34.57,10.88],[34.77,10.75],[34.93,10.86],[34.96,11.28],[35.11,11.82],[35.25,11.96],[35.6,12.54],[35.82,12.68],[36.11,12.73],[36.21,13.27],[36.39,13.63],[36.52,14.26],[37.02,14.27],[37.26,14.45],[37.57,14.15],[37.88,14.85],[38.5,14.42],[38.81,14.48],[39.07,14.63],[39.2,14.48],[39.53,14.54],[40.22,14.43],[40.77,14.14],[41.36,13.5],[41.77,13.18],[41.95,12.88],[42.38,12.47],[41.77,11.59],[41.8,10.98],[41.96,10.94],[42.56,11.08],[42.92,11.0],[42.66,10.62],[42.84,10.2],[43.18,9.88],[43.48,9.38],[43.62,9.34],[44.02,8.99],[45.56,8.48],[46.98,8.0],[47.98,8.0],[46.42,6.5],[45.93,6.0],[44.94,4.91],[43.99,4.95],[43.58,4.85],[43.13,4.64],[42.79,4.29],[42.02,4.14],[41.88,3.98],[41.22,3.94],[40.77,4.27],[39.84,3.85],[39.49,3.46],[38.61,3.6],[38.09,3.65],[36.91,4.41],[36.08,4.45],[35.76,4.81],[35.75,5.34],[35.27,5.49]]],"type":"Polygon"},"id":"ETH","properties":{"id":"ETH","name":"Ethiopia"},"type":"Feature"},{"geometry":{"coordinates":[[[[27.35,57.53],[26.9,57.61],[26.53,57.53],[26.3,57.6],[25.99,57.84],[25.11,58.06],[24.33,57.91],[24.53,58.35],[24.11,58.27],[23.77,58.36],[23.56,58.58],[23.43,58.92],[23.49,59.2],[24.08,59.29],[24.38,59.47],[25.44,59.52],[25.51,59.64],[26.63,59.55],[26.97,59.45],[28.15,59.37],[27.9,59.28],[27.76,59.05],[27.46,58.84],[27.49,58.27],[27.75,57.84],[27.54,57.8],[27.35,57.53]]],[[[22.62,58.62],[22.96,58.61],[23.29,58.48],[22.73,58.23],[22.37,58.22],[22.15,57.97],[21.99,58.0],[22.19,58.15],[21.88,58.26],[21.86,58.5],[22.27,58.51],[22.62,58.62]]],[[[22.92,58.83],[22.54,58.69],[22.41,58.86],[22.06,58.94],[22.46,58.97],[22.59,59.08],[22.91,58.99],[22.92,58.83]]],[[[23.34,58.55],[23.06,58.61],[23.33,58.65],[23.34,58.55]]]],"type":"MultiPolygon"},"id":"EST","properties":{"id":"EST","name":"Estonia"},"type":"Feature"},{"geometry":{"coordinates":[[[[36.52,14.26],[36.43,15.13],[36.52,15.25],[36.91,16.3],[36.89,16.62],[37.01,17.06],[37.41,17.06],[37.51,17.29],[37.78,17.46],[38.25,17.58],[38.61,18.01],[38.91,17.43],[39.14,16.73],[39.3,15.92],[39.79,15.12],[39.86,15.47],[40.04,15.33],[40.2,15.01],[40.63,14.88],[40.8,14.74],[41.18,14.62],[41.66,13.98],[42.25,13.59],[42.4,13.21],[42.52,13.22],[42.8,12.86],[43.12,12.71],[42.87,12.62],[42.67,12.38],[42.38,12.47],[41.95,12.88],[41.77,13.18],[41.36,13.5],[40.77,14.14],[40.22,14.43],[39.53,14.54],[39.2,14.48],[39.07,14.63],[38.81,14.48],[38.5,14.42],[37.88,14.85],[37.57,14.15],[37.26,14.45],[37.02,14.27],[36.52,14.26]]],[[[40.08,16.08],[40.11,15.99],[40.0,16.04],[40.08,16.08]]],[[[40.14,15.7],[40.4,15.58],[39.98,15.61],[40.04,15.88],[40.14,15.7]]]],"type":"MultiPolygon"},"id":"ERI","properties":{"id":"ERI","name":"Eritrea"},"type":"Feature"},{"geometry":{"coordinates":[[[[8.74,3.76],[8.95,3.63],[8.7,3.22],[8.47,3.26],[8.74,3.76]]],[[[11.33,2.17],[11.34,1.0],[10.03,1.0],[9.39,1.14],[9.81,1.93],[9.8,2.3],[9.98,2.17],[11.33,2.17]]]],"type":"MultiPolygon"},"id":"GNQ","properties":{"id":"GNQ","name":"Eq. Guinea"},"type":"Feature"},{"geometry":{"coordinates":[[[-89.36,14.42],[-89.12,14.37],[-88.48,13.85],[-88.15,13.99],[-87.72,13.81],[-87.93,13.18],[-88.18,13.16],[-88.87,13.28],[-89.28,13.48],[-89.8,13.56],[-90.1,13.83],[-89.55,14.24],[-89.54,14.41],[-89.36,14.42]]],"type":"Polygon"},"id":"SLV","properties":{"id":"SLV","name":"El Salvador"},"type":"Feature"},{"geometry":{"coordinates":[[[36.87,22.0],[31.43,22.0],[31.36,22.19],[31.21,21.99],[24.98,22.0],[24.98,29.18],[24.73,30.25],[24.97,30.78],[24.85,31.33],[25.15,31.65],[25.38,31.51],[25.89,31.62],[27.25,31.38],[27.54,31.21],[27.97,31.1],[28.51,31.05],[29.07,30.83],[29.59,31.01],[29.93,31.23],[30.22,31.26],[30.4,31.46],[30.92,31.57],[30.56,31.42],[31.0,31.46],[31.05,31.59],[31.52,31.46],[31.89,31.54],[31.77,31.29],[32.1,31.09],[32.32,31.26],[32.6,31.07],[33.13,31.17],[33.19,31.08],[33.9,31.18],[34.2,31.32],[34.66,30.19],[34.9,29.48],[34.74,29.27],[34.62,28.76],[34.45,28.36],[34.4,28.02],[34.22,27.76],[33.76,28.05],[33.25,28.57],[33.08,29.07],[32.72,29.52],[32.57,29.97],[32.36,29.63],[32.57,29.39],[32.63,28.99],[32.9,28.57],[33.2,28.21],[33.55,27.9],[33.55,27.61],[33.89,27.05],[33.96,26.65],[34.57,25.69],[35.19,24.48],[35.48,24.15],[35.78,23.94],[35.54,23.92],[35.52,23.44],[35.7,22.95],[35.91,22.74],[36.23,22.63],[36.41,22.39],[36.83,22.1],[36.87,22.0]]],"type":"Polygon"},"id":"EGY","properties":{"id":"EGY","name":"Egypt"},"type":"Feature"},{"geometry":{"coordinates":[[[[-75.28,-0.11],[-75.63,-0.16],[-75.26,-0.56],[-75.25,-0.95],[-75.41,-0.92],[-75.57,-1.53],[-76.09,-2.13],[-76.68,-2.56],[-77.86,-2.98],[-78.18,-3.35],[-78.35,-3.4],[-78.42,-3.78],[-78.68,-4.33],[-78.69,-4.56],[-78.86,-4.67],[-79.08,-4.99],[-79.33,-4.93],[-79.64,-4.45],[-79.8,-4.48],[-80.14,-4.3],[-80.38,-4.46],[-80.49,-4.39],[-80.35,-4.21],[-80.51,-4.07],[-80.18,-3.88],[-80.27,-3.42],[-79.92,-3.09],[-79.73,-2.58],[-79.82,-2.36],[-80.03,-2.56],[-80.01,-2.35],[-80.28,-2.71],[-80.45,-2.63],[-80.96,-2.19],[-80.77,-2.08],[-80.84,-1.63],[-80.8,-1.38],[-80.9,-1.08],[-80.55,-0.85],[-80.48,-0.37],[-80.13,-0.01],[-80.03,0.41],[-80.09,0.78],[-79.74,0.98],[-78.9,1.21],[-78.86,1.46],[-78.31,1.05],[-77.47,0.64],[-77.42,0.42],[-76.92,0.27],[-76.49,0.24],[-76.31,0.45],[-75.88,0.15],[-75.28,-0.11]]],[[[-80.13,-2.97],[-80.27,-3.0],[-80.22,-2.75],[-79.91,-2.73],[-80.13,-2.97]]],[[[-78.91,1.25],[-78.99,1.29],[-78.9,1.36],[-78.91,1.25]]],[[[-90.33,-0.77],[-90.54,-0.68],[-90.47,-0.52],[-90.27,-0.48],[-90.19,-0.66],[-90.33,-0.77]]],[[[-89.42,-0.91],[-89.61,-0.89],[-89.26,-0.73],[-89.42,-0.91]]],[[[-91.43,-0.46],[-91.65,-0.39],[-91.46,-0.26],[-91.43,-0.46]]],[[[-90.42,-1.34],[-90.52,-1.3],[-90.48,-1.22],[-90.42,-1.34]]],[[[-91.27,0.03],[-91.18,-0.22],[-90.98,-0.42],[-90.8,-0.75],[-90.91,-0.94],[-91.37,-1.02],[-91.46,-0.8],[-91.12,-0.56],[-91.37,-0.29],[-91.43,-0.02],[-91.27,0.03]]],[[[-90.57,-0.33],[-90.81,-0.33],[-90.78,-0.16],[-90.57,-0.33]]]],"type":"MultiPolygon"},"id":"ECU","properties":{"id":"ECU","name":"Ecuador"},"type":"Feature"},{"geometry":{"coordinates":[[[-71.77,18.04],[-71.76,18.34],[-72.0,18.6],[-71.74,18.73],[-71.81,18.99],[-71.66,19.13],[-71.75,19.29],[-71.76,19.69],[-71.56,19.9],[-71.24,19.85],[-70.95,19.91],[-70.13,19.64],[-69.96,19.67],[-69.74,19.3],[-69.32,19.33],[-69.32,19.2],[-69.62,19.12],[-68.9,18.99],[-68.68,18.9],[-68.34,18.61],[-68.44,18.42],[-68.72,18.22],[-68.93,18.41],[-69.77,18.44],[-70.18,18.25],[-70.48,18.22],[-70.64,18.34],[-71.03,18.27],[-71.4,17.65],[-71.63,17.77],[-71.77,18.04]]],"type":"Polygon"},"id":"DOM","properties":{"id":"DOM","name":"Dominican Rep."},"type":"Feature"},{"geometry":{"coordinates":[[[-61.28,15.25],[-61.38,15.23],[-61.48,15.53],[-61.32,15.59],[-61.28,15.25]]],"type":"Polygon"},"id":"DMA","properties":{"id":"DMA","name":"Dominica"},"type":"Feature"},{"geometry":{"coordinates":[[[43.25,11.5],[42.92,11.0],[42.56,11.08],[41.96,10.94],[41.8,10.98],[41.77,11.59],[42.38,12.47],[42.67,12.38],[42.87,12.62],[43.12,12.71],[43.41,12.19],[43.27,11.97],[42.8,11.74],[42.54,11.5],[42.91,11.59],[43.25,11.5]]],"type":"Polygon"},"id":"DJI","properties":{"id":"DJI","name":"Djibouti"},"type":"Feature"},{"geometry":{"coordinates":[[[[-29.95,83.56],[-28.99,83.5],[-28.48,83.43],[-27.03,83.38],[-25.95,83.29],[-26.18,83.22],[-30.09,83.16],[-31.99,83.09],[-32.03,82.98],[-31.52,82.99],[-30.39,83.09],[-29.18,83.1],[-28.15,83.06],[-27.0,83.07],[-25.12,83.16],[-24.47,82.88],[-23.92,82.89],[-23.69,82.82],[-22.52,82.79],[-21.69,82.68],[-21.52,82.6],[-22.47,82.38],[-23.86,82.29],[-29.58,82.16],[-29.89,82.05],[-29.81,81.96],[-27.84,82.05],[-27.05,82.05],[-25.15,82.0],[-24.59,81.88],[-24.29,81.7],[-23.64,81.74],[-23.1,82.01],[-22.56,82.05],[-21.34,82.07],[-21.17,81.98],[-21.15,81.7],[-21.72,81.35],[-23.07,80.93],[-23.12,80.78],[-22.83,80.91],[-21.93,81.05],[-20.76,81.31],[-20.02,81.56],[-19.63,81.64],[-19.22,81.64],[-19.15,81.51],[-18.46,81.5],[-17.46,81.4],[-17.23,81.43],[-16.36,81.73],[-15.56,81.83],[-13.7,81.79],[-12.43,81.68],[-11.43,81.48],[-11.53,81.42],[-13.45,81.04],[-14.49,80.97],[-14.23,80.87],[-14.5,80.76],[-15.19,80.72],[-15.54,80.65],[-16.32,80.65],[-16.76,80.57],[-15.94,80.43],[-16.49,80.25],[-16.87,80.2],[-18.07,80.17],[-19.43,80.26],[-20.15,80.01],[-20.14,79.8],[-19.39,79.75],[-19.28,79.68],[-19.41,79.35],[-19.15,79.33],[-19.07,79.15],[-19.72,79.07],[-20.05,78.84],[-20.62,78.8],[-21.13,78.66],[-20.96,78.56],[-21.31,78.17],[-21.75,77.79],[-21.58,77.65],[-20.86,77.91],[-20.32,77.86],[-19.49,77.72],[-19.3,77.59],[-19.52,77.57],[-20.16,77.69],[-20.68,77.62],[-20.23,77.37],[-19.3,77.22],[-18.59,77.28],[-18.34,77.22],[-18.34,76.92],[-18.51,76.78],[-20.06,76.93],[-20.94,76.89],[-21.61,76.69],[-22.33,76.79],[-22.61,76.68],[-21.88,76.57],[-21.76,76.4],[-21.42,76.26],[-20.89,76.3],[-20.1,76.22],[-19.86,76.12],[-19.96,76.0],[-19.51,75.76],[-19.37,75.39],[-19.43,75.23],[-19.8,75.16],[-20.2,75.31],[-20.48,75.31],[-20.91,75.16],[-21.65,75.02],[-22.23,75.12],[-21.78,74.97],[-20.99,75.07],[-20.8,74.81],[-21.04,74.65],[-20.61,74.73],[-20.42,74.98],[-19.98,74.98],[-19.54,74.62],[-19.23,74.48],[-19.37,74.28],[-20.26,74.28],[-20.23,74.2],[-21.13,74.11],[-21.95,74.24],[-21.76,74.48],[-21.98,74.57],[-21.97,74.39],[-22.32,74.3],[-22.2,74.21],[-22.34,74.06],[-21.99,73.97],[-21.3,73.96],[-20.37,73.85],[-20.51,73.49],[-21.55,73.43],[-22.19,73.27],[-22.99,73.35],[-23.76,73.54],[-24.16,73.76],[-24.68,73.6],[-25.35,73.81],[-25.43,73.79],[-24.79,73.51],[-25.45,73.39],[-25.67,73.29],[-26.06,73.25],[-27.27,73.44],[-26.6,73.28],[-26.73,73.17],[-27.56,73.14],[-26.75,73.12],[-25.4,73.28],[-25.27,73.36],[-24.59,73.42],[-23.9,73.4],[-22.85,73.08],[-22.04,72.92],[-22.07,72.4],[-22.28,72.34],[-22.29,72.12],[-24.07,72.5],[-24.36,72.69],[-24.63,73.04],[-26.66,72.72],[-26.39,72.67],[-24.98,72.89],[-24.77,72.87],[-24.7,72.51],[-25.2,72.39],[-24.67,72.44],[-24.42,72.35],[-22.87,71.97],[-22.5,71.91],[-22.37,71.77],[-21.96,71.74],[-22.5,71.5],[-22.42,71.25],[-22.3,71.43],[-21.75,71.48],[-21.67,71.21],[-21.67,70.86],[-21.52,70.53],[-21.94,70.44],[-22.38,70.46],[-22.44,70.86],[-22.69,70.44],[-23.33,70.45],[-23.97,70.65],[-24.38,71.15],[-25.66,71.53],[-27.01,71.63],[-27.11,71.53],[-25.84,71.48],[-25.7,71.37],[-25.74,71.18],[-26.16,71.05],[-26.72,70.95],[-27.34,70.95],[-28.3,71.01],[-27.99,70.9],[-28.15,70.66],[-29.04,70.46],[-28.54,70.48],[-28.02,70.4],[-26.75,70.48],[-26.51,70.4],[-27.07,70.28],[-27.56,70.12],[-27.38,69.99],[-27.03,70.2],[-26.42,70.22],[-25.53,70.35],[-24.75,70.3],[-24.04,70.18],[-23.17,70.11],[-22.28,70.13],[-22.44,69.99],[-23.09,69.88],[-23.01,69.8],[-23.87,69.74],[-23.71,69.63],[-24.25,69.59],[-24.22,69.48],[-24.74,69.32],[-25.19,69.26],[-25.09,69.17],[-25.54,69.05],[-25.7,68.89],[-26.34,68.7],[-27.85,68.49],[-28.36,68.45],[-29.25,68.3],[-29.87,68.31],[-30.2,68.2],[-30.72,68.25],[-30.61,68.12],[-30.98,68.06],[-31.42,68.13],[-32.33,68.44],[-32.18,68.26],[-32.37,68.21],[-32.16,67.99],[-33.16,67.63],[-33.52,67.35],[-33.61,67.17],[-34.1,66.73],[-34.42,66.63],[-34.63,66.43],[-35.19,66.25],[-35.41,66.26],[-35.87,66.44],[-35.63,66.14],[-36.38,65.83],[-36.53,66.01],[-36.64,65.81],[-36.93,65.78],[-37.06,65.87],[-37.41,65.66],[-37.75,65.59],[-38.0,65.71],[-37.79,65.98],[-37.29,66.32],[-38.16,66.39],[-37.75,66.26],[-37.97,66.14],[-38.14,65.9],[-38.52,66.01],[-38.22,65.84],[-38.2,65.71],[-38.64,65.62],[-39.96,65.56],[-40.19,65.52],[-39.58,65.34],[-40.03,65.1],[-40.25,65.05],[-41.08,65.1],[-40.97,64.87],[-40.66,64.92],[-40.18,64.48],[-40.78,64.22],[-41.58,64.3],[-41.03,64.12],[-40.62,64.13],[-40.55,63.73],[-40.78,63.53],[-41.05,63.51],[-41.11,63.27],[-41.39,63.06],[-41.84,63.07],[-41.63,62.97],[-42.06,62.69],[-42.94,62.72],[-42.15,62.57],[-42.32,62.15],[-42.11,61.86],[-42.59,61.72],[-42.32,61.68],[-42.65,61.06],[-42.72,60.77],[-43.04,60.52],[-43.92,60.6],[-43.83,60.52],[-43.3,60.44],[-43.16,60.33],[-43.12,60.06],[-43.32,59.93],[-43.96,60.03],[-43.66,59.86],[-44.12,59.83],[-44.45,60.01],[-44.81,60.05],[-45.38,60.2],[-45.37,60.37],[-44.85,60.53],[-44.76,60.66],[-45.38,60.44],[-46.05,60.62],[-46.14,60.78],[-45.88,61.09],[-46.58,60.96],[-46.87,60.82],[-47.22,60.78],[-47.8,60.83],[-48.01,60.72],[-48.21,60.86],[-47.77,61.0],[-48.39,61.0],[-48.49,61.22],[-48.92,61.28],[-49.05,61.52],[-49.29,61.59],[-49.38,61.89],[-48.83,62.08],[-49.2,62.1],[-49.62,62.0],[-49.55,62.23],[-50.32,62.47],[-50.3,62.72],[-49.79,63.04],[-50.39,62.82],[-50.74,63.05],[-51.47,63.64],[-51.55,64.01],[-50.7,64.15],[-50.72,64.22],[-51.54,64.1],[-51.71,64.21],[-51.23,64.56],[-50.83,64.56],[-50.85,64.64],[-50.36,64.68],[-50.01,64.45],[-50.12,64.7],[-50.52,64.77],[-50.96,65.2],[-50.72,64.8],[-51.4,64.62],[-51.76,64.28],[-51.92,64.22],[-52.09,64.42],[-52.09,64.68],[-52.26,65.15],[-52.54,65.33],[-52.18,65.44],[-51.62,65.71],[-51.72,65.72],[-52.35,65.46],[-52.76,65.59],[-53.2,65.59],[-53.23,65.77],[-53.11,65.98],[-53.39,66.05],[-52.06,66.51],[-51.89,66.62],[-51.26,66.84],[-51.28,66.89],[-51.82,66.7],[-52.92,66.24],[-53.61,66.15],[-53.63,66.41],[-53.42,66.65],[-53.04,66.83],[-52.39,66.88],[-53.44,66.92],[-53.88,67.14],[-53.8,67.42],[-52.67,67.75],[-51.91,67.66],[-51.18,67.64],[-50.71,67.51],[-50.64,67.56],[-51.17,67.69],[-50.97,67.81],[-51.77,67.74],[-52.34,67.84],[-52.98,67.76],[-53.42,67.57],[-53.74,67.55],[-53.58,67.84],[-53.15,68.21],[-51.6,68.05],[-51.21,68.33],[-51.46,68.39],[-51.63,68.27],[-52.38,68.22],[-52.78,68.31],[-53.38,68.3],[-53.04,68.61],[-52.6,68.71],[-52.3,68.7],[-51.78,68.55],[-51.13,68.6],[-50.81,68.82],[-51.25,68.74],[-51.08,69.13],[-50.39,69.14],[-50.54,69.25],[-51.08,69.21],[-50.72,69.73],[-50.35,69.8],[-50.5,69.94],[-50.29,70.01],[-50.8,70.0],[-51.11,70.06],[-51.42,69.99],[-52.25,70.06],[-53.02,70.3],[-54.01,70.42],[-54.53,70.7],[-54.17,70.82],[-53.09,70.77],[-52.41,70.69],[-51.52,70.44],[-50.95,70.36],[-50.68,70.4],[-51.32,70.59],[-51.26,70.85],[-51.75,70.99],[-51.02,71.0],[-51.38,71.12],[-52.06,71.12],[-52.53,71.2],[-53.01,71.18],[-53.12,71.31],[-52.75,71.5],[-51.97,71.6],[-52.66,71.67],[-53.17,71.54],[-53.44,71.58],[-53.14,71.81],[-53.33,71.79],[-53.42,72.0],[-53.9,72.34],[-53.79,72.13],[-53.51,71.98],[-53.48,71.85],[-53.78,71.68],[-54.02,71.66],[-53.96,71.46],[-54.69,71.37],[-55.34,71.43],[-55.59,71.55],[-55.55,71.77],[-55.32,72.11],[-54.87,72.33],[-54.9,72.39],[-55.32,72.2],[-55.58,72.18],[-55.59,72.32],[-55.3,72.35],[-55.6,72.45],[-55.12,72.5],[-54.79,72.64],[-54.74,72.87],[-55.07,73.02],[-55.29,72.93],[-55.67,73.01],[-55.69,73.11],[-55.3,73.26],[-55.45,73.46],[-55.74,73.38],[-56.1,73.56],[-55.93,73.9],[-56.23,74.13],[-56.49,74.18],[-57.23,74.13],[-56.71,74.22],[-56.66,74.46],[-56.26,74.53],[-56.87,74.69],[-57.19,74.89],[-57.81,75.04],[-58.25,75.28],[-58.6,75.39],[-58.25,75.51],[-58.52,75.69],[-61.19,76.16],[-62.1,76.24],[-62.74,76.25],[-63.44,76.34],[-63.96,76.21],[-64.39,76.3],[-64.91,76.17],[-65.46,76.13],[-65.95,76.24],[-66.47,76.14],[-66.87,76.22],[-67.05,76.15],[-66.67,75.98],[-68.15,76.07],[-69.37,76.33],[-69.48,76.4],[-68.86,76.56],[-68.25,76.62],[-68.22,76.68],[-69.25,76.69],[-69.89,76.83],[-69.69,76.99],[-70.44,76.81],[-71.15,77.07],[-70.86,77.18],[-69.66,77.23],[-68.98,77.2],[-68.59,77.34],[-68.14,77.38],[-66.94,77.36],[-66.39,77.28],[-66.31,77.56],[-66.69,77.68],[-67.51,77.54],[-67.98,77.52],[-68.62,77.6],[-68.97,77.49],[-69.35,77.47],[-69.98,77.55],[-70.56,77.72],[-70.08,77.83],[-70.99,77.79],[-72.06,77.94],[-72.79,78.15],[-72.58,78.28],[-72.71,78.36],[-72.4,78.5],[-71.65,78.62],[-70.91,78.64],[-69.97,78.78],[-68.99,78.86],[-69.03,78.94],[-68.38,79.04],[-67.48,79.12],[-65.97,79.13],[-65.42,79.34],[-65.12,79.59],[-64.79,80.0],[-64.18,80.1],[-64.54,80.14],[-65.81,80.02],[-66.84,80.08],[-67.14,80.17],[-67.19,80.28],[-67.0,80.41],[-66.37,80.58],[-65.65,80.69],[-64.52,81.0],[-63.89,81.06],[-63.44,81.01],[-63.06,80.89],[-63.21,81.14],[-62.9,81.22],[-61.44,81.13],[-61.1,81.4],[-61.2,81.75],[-60.43,81.92],[-59.9,81.93],[-59.28,81.88],[-58.43,81.69],[-57.5,81.54],[-56.86,81.38],[-56.86,81.46],[-57.85,81.66],[-58.82,81.92],[-59.26,82.01],[-58.72,82.09],[-56.59,82.23],[-55.55,82.25],[-54.73,82.35],[-53.99,82.28],[-53.58,82.06],[-53.56,81.65],[-53.15,81.8],[-52.93,82.04],[-53.1,82.12],[-53.02,82.32],[-52.78,82.32],[-50.89,81.9],[-49.54,81.92],[-50.39,82.12],[-50.71,82.24],[-50.99,82.46],[-50.04,82.47],[-48.86,82.41],[-47.36,82.17],[-46.62,82.1],[-45.29,81.83],[-44.73,81.78],[-44.53,81.85],[-44.64,82.1],[-44.55,82.26],[-44.24,82.37],[-44.58,82.54],[-45.55,82.73],[-45.07,82.78],[-42.65,82.74],[-41.88,82.68],[-41.36,82.7],[-41.43,82.78],[-44.24,82.86],[-44.76,82.88],[-46.14,82.86],[-46.48,82.95],[-46.17,83.06],[-45.41,83.02],[-44.66,83.13],[-44.2,83.15],[-43.01,83.26],[-42.26,83.23],[-41.3,83.1],[-40.36,83.33],[-38.93,83.18],[-38.28,83.0],[-37.93,83.16],[-38.54,83.26],[-38.75,83.37],[-38.07,83.41],[-37.83,83.49],[-36.69,83.48],[-36.61,83.54],[-35.45,83.54],[-34.67,83.57],[-33.84,83.53],[-32.98,83.6],[-30.7,83.59],[-29.95,83.56]]],[[[-52.73,69.94],[-52.05,69.81],[-51.9,69.6],[-52.11,69.49],[-52.77,69.36],[-53.58,69.26],[-54.05,69.34],[-54.16,69.43],[-53.66,69.47],[-53.83,69.54],[-54.5,69.58],[-54.92,69.71],[-54.84,69.9],[-54.32,69.94],[-54.77,70.05],[-54.71,70.26],[-54.37,70.32],[-53.38,70.22],[-52.73,69.94]]],[[[-51.01,69.55],[-51.23,69.55],[-51.35,69.85],[-51.21,69.91],[-50.68,69.85],[-50.91,69.76],[-51.01,69.55]]],[[[-53.54,71.04],[-53.95,71.16],[-53.58,71.3],[-53.44,71.19],[-53.54,71.04]]],[[[-55.02,72.79],[-55.52,72.57],[-56.21,72.72],[-55.99,72.78],[-55.02,72.79]]],[[[-71.67,77.33],[-72.49,77.39],[-72.09,77.47],[-71.43,77.39],[-71.67,77.33]]],[[[-44.86,82.08],[-45.07,82.07],[-45.49,82.17],[-46.75,82.35],[-47.31,82.53],[-47.27,82.66],[-46.4,82.69],[-45.41,82.58],[-44.75,82.4],[-44.86,82.08]]],[[[-25.43,70.92],[-25.4,70.65],[-25.91,70.57],[-26.22,70.45],[-26.6,70.55],[-27.9,70.45],[-28.04,70.51],[-27.71,70.71],[-27.71,70.9],[-26.98,70.86],[-26.34,70.92],[-25.82,71.04],[-25.43,70.92]]],[[[-18.66,81.85],[-19.03,81.83],[-19.59,81.99],[-19.31,82.12],[-18.66,81.85]]],[[[-17.61,79.83],[-18.04,79.71],[-18.66,79.72],[-19.03,79.77],[-19.0,79.94],[-17.98,80.06],[-17.47,80.03],[-17.61,79.83]]],[[[-19.0,77.97],[-19.13,77.94],[-19.31,78.34],[-18.94,78.42],[-18.88,78.11],[-19.0,77.97]]],[[[-18.58,76.04],[-18.7,76.02],[-19.09,76.43],[-19.06,76.69],[-18.73,76.64],[-18.58,76.04]]],[[[-18.0,75.41],[-17.89,75.2],[-17.5,75.15],[-17.59,74.99],[-18.67,75.0],[-18.89,75.07],[-18.86,75.32],[-18.0,75.41]]],[[[-17.95,77.64],[-18.17,77.71],[-17.9,77.86],[-17.68,77.86],[-17.73,77.71],[-17.95,77.64]]],[[[-37.03,65.53],[-37.22,65.7],[-36.95,65.66],[-37.03,65.53]]],[[[-46.27,60.78],[-46.38,60.66],[-46.79,60.78],[-46.21,60.94],[-46.27,60.78]]],[[[-51.68,70.86],[-52.12,70.87],[-51.97,70.98],[-51.68,70.86]]]],"type":"MultiPolygon"},"id":"GRL","properties":{"id":"GRL","name":"Greenland"},"type":"Feature"},{"geometry":{"coordinates":[[[[-6.62,61.81],[-6.67,61.77],[-6.88,61.9],[-6.62,61.81]]],[[[-6.7,61.44],[-6.93,61.63],[-6.74,61.57],[-6.7,61.44]]],[[[-7.19,62.14],[-7.25,62.05],[-7.42,62.14],[-7.19,62.14]]],[[[-6.63,62.23],[-6.72,61.99],[-7.01,62.09],[-7.17,62.29],[-6.96,62.32],[-6.63,62.23]]],[[[-6.41,62.26],[-6.56,62.22],[-6.55,62.36],[-6.41,62.26]]]],"type":"MultiPolygon"},"id":"FRO","properties":{"id":"FRO","name":"Faeroe Is."},"type":"Feature"},{"geometry":{"coordinates":[[[[12.57,55.79],[12.57,55.68],[12.22,55.47],[12.41,55.29],[12.09,55.19],[12.05,54.82],[11.86,54.77],[11.65,55.19],[11.29,55.2],[11.19,55.47],[10.98,55.72],[11.32,55.75],[11.47,55.94],[11.7,55.91],[11.82,55.7],[11.87,55.97],[12.22,56.12],[12.58,56.06],[12.57,55.79]]],[[[9.74,54.83],[9.34,54.81],[8.67,54.9],[8.62,55.42],[8.13,55.6],[8.2,55.98],[8.12,56.14],[8.16,56.61],[8.67,56.5],[8.74,56.63],[9.07,56.79],[9.2,56.7],[9.25,57.01],[8.99,57.02],[8.77,56.73],[8.47,56.66],[8.28,56.85],[8.62,57.11],[9.3,57.15],[9.55,57.23],[9.96,57.58],[10.53,57.74],[10.44,57.56],[10.52,57.24],[10.3,57.0],[10.28,56.62],[10.49,56.52],[10.85,56.52],[10.86,56.3],[10.62,56.2],[10.32,56.21],[10.18,55.87],[9.59,55.49],[9.67,55.27],[9.45,55.04],[9.73,54.97],[9.74,54.83]]],[[[10.65,55.61],[10.82,55.32],[10.79,55.13],[10.44,55.05],[9.99,55.16],[9.86,55.52],[10.29,55.61],[10.65,55.61]]],[[[11.36,54.89],[11.74,54.81],[11.77,54.68],[11.46,54.63],[11.04,54.77],[11.06,54.94],[11.36,54.89]]],[[[10.73,54.75],[10.62,54.85],[10.92,55.06],[10.73,54.75]]],[[[12.55,54.97],[12.18,54.89],[12.31,55.04],[12.55,54.97]]],[[[12.67,55.6],[12.55,55.56],[12.6,55.68],[12.67,55.6]]],[[[10.48,54.85],[10.34,54.86],[10.22,54.94],[10.48,54.85]]],[[[10.06,54.89],[9.81,54.91],[9.77,55.06],[10.06,54.89]]],[[[10.61,55.78],[10.55,55.99],[10.66,55.88],[10.61,55.78]]],[[[11.05,57.25],[10.93,57.31],[11.17,57.32],[11.05,57.25]]],[[[15.09,55.02],[14.68,55.1],[14.77,55.3],[15.13,55.14],[15.09,55.02]]]],"type":"MultiPolygon"},"id":"DNK","properties":{"id":"DNK","name":"Denmark"},"type":"Feature"},{"geometry":{"coordinates":[[[18.83,49.51],[18.6,49.49],[18.16,49.26],[18.09,49.07],[17.76,48.89],[17.19,48.86],[16.95,48.6],[16.88,48.7],[16.48,48.8],[16.06,48.75],[15.31,48.97],[14.97,48.98],[14.92,48.77],[14.69,48.6],[14.05,48.6],[13.55,48.96],[13.44,48.96],[12.92,49.33],[12.63,49.46],[12.39,49.74],[12.51,49.9],[12.09,50.27],[12.28,50.18],[12.45,50.35],[13.47,50.62],[13.53,50.69],[14.37,50.9],[14.32,51.04],[14.55,50.99],[14.72,50.81],[14.98,50.89],[14.99,51.01],[15.26,50.96],[15.35,50.81],[16.01,50.61],[16.42,50.57],[16.21,50.42],[16.68,50.1],[16.99,50.24],[16.88,50.43],[17.42,50.25],[17.72,50.3],[17.59,50.16],[17.87,49.97],[18.03,50.04],[18.56,49.88],[18.83,49.51]]],"type":"Polygon"},"id":"CZE","properties":{"id":"CZE","name":"Czechia"},"type":"Feature"},{"geometry":{"coordinates":[[[34.0,35.07],[33.53,35.04],[33.38,35.16],[32.92,35.09],[32.94,35.39],[33.46,35.34],[34.46,35.59],[33.94,35.29],[34.0,35.07]]],"type":"Polygon"},"id":"CYN","properties":{"id":"CYN","name":"N. Cyprus"},"type":"Feature"},{"geometry":{"coordinates":[[[32.71,35.17],[32.92,35.09],[33.38,35.16],[33.53,35.04],[33.87,35.09],[34.05,34.99],[33.7,34.97],[33.51,34.81],[32.94,34.58],[32.45,34.73],[32.32,34.95],[32.71,35.17]]],"type":"Polygon"},"id":"CYP","properties":{"id":"CYP","name":"Cyprus"},"type":"Feature"},{"geometry":{"coordinates":[[[[-81.84,23.16],[-81.27,23.13],[-81.18,23.06],[-80.65,23.1],[-80.36,22.94],[-80.08,22.94],[-79.68,22.74],[-79.28,22.41],[-78.69,22.37],[-78.14,22.11],[-77.64,21.8],[-77.5,21.87],[-77.14,21.64],[-77.37,21.61],[-77.21,21.48],[-77.1,21.59],[-76.65,21.28],[-76.07,21.13],[-75.72,21.11],[-75.6,20.99],[-75.74,20.81],[-75.64,20.73],[-74.88,20.65],[-74.51,20.38],[-74.14,20.23],[-74.25,20.08],[-74.63,20.06],[-75.29,19.89],[-76.16,19.99],[-77.0,19.89],[-77.72,19.86],[-77.55,20.08],[-77.1,20.41],[-77.23,20.64],[-78.0,20.72],[-78.49,21.05],[-78.64,21.52],[-78.82,21.62],[-79.19,21.55],[-79.91,21.74],[-80.5,22.06],[-80.96,22.05],[-81.19,22.27],[-81.22,22.14],[-81.82,22.2],[-82.08,22.39],[-81.76,22.47],[-81.9,22.68],[-82.74,22.69],[-83.38,22.22],[-83.9,22.17],[-84.03,21.94],[-84.5,21.78],[-84.5,21.93],[-84.88,21.89],[-84.33,22.07],[-84.36,22.38],[-84.04,22.67],[-83.26,22.97],[-82.67,23.04],[-82.1,23.19],[-81.84,23.16]]],[[[-77.67,21.95],[-77.92,22.09],[-77.63,22.05],[-77.67,21.95]]],[[[-78.03,22.29],[-78.27,22.42],[-78.15,22.43],[-78.03,22.29]]],[[[-78.63,22.55],[-78.35,22.54],[-78.55,22.46],[-78.63,22.55]]],[[[-77.88,22.13],[-78.04,22.2],[-77.99,22.3],[-77.88,22.13]]],[[[-82.56,21.57],[-82.85,21.44],[-83.08,21.79],[-82.99,21.94],[-82.71,21.89],[-82.56,21.57]]],[[[-79.35,22.66],[-79.52,22.71],[-79.58,22.81],[-79.35,22.66]]]],"type":"MultiPolygon"},"id":"CUB","properties":{"id":"CUB","name":"Cuba"},"type":"Feature"},{"geometry":{"coordinates":[[[[13.58,45.52],[13.88,45.43],[13.99,45.51],[14.37,45.48],[14.53,45.65],[14.85,45.47],[15.34,45.47],[15.28,45.73],[15.62,45.83],[15.64,46.2],[16.25,46.39],[16.32,46.53],[16.87,46.34],[17.31,46.0],[17.81,45.79],[18.36,45.75],[18.67,45.91],[18.84,45.84],[19.0,45.4],[19.33,45.27],[19.14,45.2],[19.01,44.87],[18.84,44.88],[18.66,45.08],[18.0,45.14],[17.81,45.08],[17.13,45.17],[16.92,45.28],[16.53,45.22],[16.29,45.01],[16.03,45.19],[15.79,45.18],[15.74,44.77],[16.13,44.47],[16.21,44.22],[16.71,43.78],[17.27,43.45],[17.29,43.31],[17.62,43.04],[17.59,42.94],[16.9,43.39],[16.39,43.54],[15.99,43.52],[15.94,43.66],[15.5,43.91],[15.12,44.26],[15.47,44.27],[14.9,44.71],[14.85,45.08],[14.55,45.3],[14.31,45.34],[13.97,44.84],[13.63,45.11],[13.58,45.52]]],[[[16.65,43.0],[17.19,42.92],[16.74,42.91],[16.65,43.0]]],[[[17.19,43.13],[16.68,43.12],[16.38,43.21],[17.19,43.13]]],[[[16.79,43.27],[16.45,43.39],[16.83,43.35],[16.79,43.27]]],[[[15.23,44.06],[15.12,44.09],[15.07,44.16],[15.23,44.06]]],[[[14.81,44.98],[14.44,45.1],[14.57,45.22],[14.81,44.98]]],[[[14.83,44.76],[14.68,44.77],[14.75,44.84],[14.83,44.76]]],[[[15.19,44.34],[14.91,44.49],[14.74,44.7],[15.19,44.34]]],[[[15.19,43.92],[15.14,43.91],[14.89,44.13],[15.19,43.92]]],[[[15.37,43.97],[15.37,43.91],[15.27,44.01],[15.37,43.97]]],[[[14.49,44.66],[14.3,44.94],[14.36,45.17],[14.47,44.97],[14.49,44.66]]],[[[17.61,42.77],[17.74,42.7],[17.34,42.79],[17.61,42.77]]],[[[18.44,42.56],[18.52,42.43],[17.82,42.8],[17.58,42.84],[17.22,43.03],[17.84,42.85],[18.44,42.56]]]],"type":"MultiPolygon"},"id":"HRV","properties":{"id":"HRV","name":"Croatia"},"type":"Feature"},{"geometry":{"coordinates":[[[[-3.09,5.13],[-3.11,5.09],[-3.25,5.11],[-3.09,5.13]]],[[[-7.99,10.16],[-7.66,10.43],[-7.5,10.44],[-7.36,10.26],[-6.97,10.18],[-6.95,10.34],[-6.69,10.35],[-6.65,10.66],[-6.41,10.57],[-6.26,10.72],[-6.24,10.28],[-6.03,10.19],[-5.84,10.39],[-5.56,10.44],[-5.1,10.24],[-4.97,9.93],[-4.63,9.71],[-4.33,9.65],[-3.88,9.89],[-3.22,9.9],[-2.82,9.43],[-2.7,9.48],[-2.75,9.11],[-2.6,8.8],[-2.51,8.21],[-2.79,7.93],[-2.96,7.45],[-2.99,7.2],[-3.24,6.81],[-3.2,6.35],[-2.96,5.64],[-2.79,5.6],[-2.82,5.15],[-3.17,5.2],[-3.35,5.13],[-4.12,5.31],[-4.61,5.24],[-4.04,5.23],[-4.9,5.14],[-5.02,5.2],[-5.91,5.01],[-6.85,4.67],[-7.43,4.38],[-7.57,4.39],[-7.57,5.08],[-7.43,5.32],[-7.45,5.84],[-7.8,5.98],[-7.89,6.23],[-8.2,6.29],[-8.6,6.51],[-8.33,6.8],[-8.3,7.07],[-8.43,7.6],[-8.23,7.56],[-8.02,8.14],[-8.26,8.25],[-8.24,8.46],[-8.05,8.5],[-7.68,8.41],[-7.78,8.72],[-7.95,8.79],[-7.94,8.98],[-7.78,9.08],[-7.92,9.19],[-7.9,9.42],[-8.14,9.5],[-8.14,10.02],[-7.99,10.16]]]],"type":"MultiPolygon"},"id":"CIV","properties":{"id":"CIV","name":"Côte d'Ivoire"},"type":"Feature"},{"geometry":{"coordinates":[[[-82.56,9.58],[-82.8,9.59],[-82.94,9.45],[-82.94,9.06],[-82.74,8.95],[-82.92,8.74],[-82.86,8.45],[-83.12,8.35],[-83.16,8.59],[-83.47,8.71],[-83.29,8.41],[-83.54,8.45],[-83.73,8.61],[-83.61,8.8],[-83.64,9.04],[-83.9,9.28],[-84.66,9.65],[-84.71,9.9],[-85.26,10.26],[-85.16,10.02],[-84.89,9.82],[-85.11,9.58],[-85.31,9.81],[-85.62,9.9],[-85.8,10.13],[-85.83,10.4],[-85.67,10.75],[-85.91,10.9],[-85.62,11.18],[-84.91,10.95],[-84.7,11.05],[-84.35,10.98],[-84.17,10.78],[-83.81,10.74],[-83.64,10.92],[-83.45,10.47],[-82.78,9.67],[-82.56,9.58]]],"type":"Polygon"},"id":"CRI","properties":{"id":"CRI","name":"Costa Rica"},"type":"Feature"},{"geometry":{"coordinates":[[[30.75,-8.19],[28.97,-8.46],[28.92,-8.7],[28.62,-9.07],[28.4,-9.22],[28.63,-9.83],[28.64,-10.67],[28.54,-10.8],[28.36,-11.48],[28.48,-11.81],[29.06,-12.35],[29.43,-12.43],[29.56,-12.2],[29.8,-12.16],[29.8,-13.37],[29.55,-13.25],[29.2,-13.4],[29.01,-13.37],[28.67,-12.86],[28.55,-12.84],[28.36,-12.48],[27.53,-12.2],[27.2,-11.61],[27.05,-11.62],[26.95,-11.9],[26.6,-11.97],[26.03,-11.89],[25.35,-11.62],[25.32,-11.24],[24.34,-11.37],[24.32,-11.07],[23.97,-10.87],[23.83,-11.01],[23.4,-10.98],[23.16,-11.07],[22.56,-11.06],[22.28,-11.19],[22.18,-10.89],[22.31,-10.69],[22.27,-10.26],[22.09,-9.86],[21.81,-9.47],[21.91,-8.69],[21.9,-8.34],[21.78,-7.87],[21.84,-7.42],[21.75,-7.31],[20.61,-7.28],[20.6,-6.94],[20.48,-6.92],[19.66,-7.04],[19.53,-7.14],[19.37,-7.66],[19.34,-7.97],[18.9,-8.0],[18.65,-7.94],[17.91,-8.07],[17.54,-8.08],[16.98,-7.26],[16.92,-6.93],[16.74,-6.62],[16.72,-6.24],[16.54,-5.97],[16.32,-5.87],[14.4,-5.89],[13.0,-5.84],[12.41,-5.99],[12.21,-5.76],[12.5,-5.7],[12.52,-5.15],[12.45,-5.07],[12.83,-4.74],[13.14,-4.6],[13.41,-4.84],[13.69,-4.69],[13.72,-4.45],[13.94,-4.48],[14.36,-4.3],[14.41,-4.83],[14.71,-4.88],[15.11,-4.46],[15.6,-4.03],[15.87,-3.93],[16.15,-3.46],[16.22,-3.03],[16.22,-2.18],[16.54,-1.84],[16.88,-1.23],[17.28,-1.0],[17.75,-0.55],[17.72,-0.28],[17.89,0.23],[17.9,1.12],[18.06,1.53],[18.07,2.01],[18.21,2.41],[18.49,2.92],[18.62,3.3],[18.63,3.95],[18.57,4.26],[18.83,4.52],[19.07,4.89],[19.5,5.13],[19.81,5.09],[20.23,4.83],[20.56,4.46],[20.96,4.41],[21.54,4.24],[21.69,4.28],[22.42,4.13],[22.76,4.65],[23.12,4.74],[23.42,4.66],[24.32,4.99],[24.77,4.93],[25.25,5.02],[25.53,5.31],[26.82,5.06],[27.11,5.2],[27.4,5.11],[27.79,4.64],[28.19,4.35],[28.43,4.32],[28.73,4.5],[29.15,4.39],[29.47,4.61],[29.68,4.59],[30.19,3.98],[30.51,3.84],[30.59,3.62],[30.76,3.62],[30.91,3.41],[30.75,3.04],[30.85,2.85],[30.73,2.46],[31.18,2.27],[31.25,2.04],[30.94,1.68],[30.18,0.97],[29.94,0.82],[29.93,0.5],[29.72,0.1],[29.56,-0.98],[29.58,-1.39],[29.35,-1.52],[29.13,-1.86],[29.11,-2.23],[28.88,-2.4],[28.92,-2.68],[29.22,-3.05],[29.22,-3.91],[29.33,-4.1],[29.4,-4.5],[29.34,-4.98],[29.59,-5.65],[29.48,-6.03],[29.54,-6.31],[29.71,-6.62],[30.11,-6.92],[30.31,-7.2],[30.75,-8.19]]],"type":"Polygon"},"id":"COD","properties":{"id":"COD","name":"Dem. Rep. Congo"},"type":"Feature"},{"geometry":{"coordinates":[[[11.13,-3.92],[11.29,-3.64],[11.5,-3.52],[11.85,-3.7],[11.93,-3.32],[11.69,-3.13],[11.76,-2.98],[11.54,-2.84],[11.61,-2.34],[12.06,-2.41],[12.45,-2.33],[12.43,-1.93],[12.59,-1.83],[12.79,-1.93],[12.99,-2.31],[13.46,-2.4],[13.73,-2.14],[13.89,-2.47],[14.09,-2.47],[14.16,-2.22],[14.38,-1.89],[14.46,-1.41],[14.41,-0.97],[14.48,-0.62],[14.07,-0.27],[13.86,-0.2],[13.88,0.19],[14.09,0.54],[14.32,0.62],[14.43,0.81],[14.18,1.37],[13.85,1.42],[13.27,1.24],[13.16,1.65],[13.29,2.16],[14.48,2.15],[14.58,2.2],[14.9,2.01],[15.74,1.91],[16.06,1.68],[16.14,1.72],[16.08,2.11],[16.47,2.83],[16.5,3.21],[16.67,3.54],[17.0,3.56],[17.44,3.68],[18.16,3.5],[18.47,3.62],[18.62,3.3],[18.49,2.92],[18.21,2.41],[18.07,2.01],[18.06,1.53],[17.9,1.12],[17.89,0.23],[17.72,-0.28],[17.75,-0.55],[17.28,-1.0],[16.88,-1.23],[16.54,-1.84],[16.22,-2.18],[16.22,-3.03],[16.15,-3.46],[15.87,-3.93],[15.6,-4.03],[15.11,-4.46],[14.71,-4.88],[14.41,-4.83],[14.36,-4.3],[13.94,-4.48],[13.72,-4.45],[13.69,-4.69],[13.41,-4.84],[12.88,-4.45],[12.38,-4.62],[12.02,-5.0],[11.78,-4.57],[11.13,-3.92]]],"type":"Polygon"},"id":"COG","properties":{"id":"COG","name":"Congo"},"type":"Feature"},{"geometry":{"coordinates":[[[[44.48,-12.08],[44.53,-12.32],[44.22,-12.17],[44.48,-12.08]]],[[[43.79,-12.31],[43.66,-12.34],[43.63,-12.25],[43.79,-12.31]]],[[[43.47,-11.9],[43.23,-11.75],[43.26,-11.43],[43.39,-11.41],[43.47,-11.9]]]],"type":"MultiPolygon"},"id":"COM","properties":{"id":"COM","name":"Comoros"},"type":"Feature"},{"geometry":{"coordinates":[[[[-71.32,11.86],[-71.96,11.67],[-72.25,11.2],[-72.45,11.11],[-72.69,10.84],[-72.87,10.49],[-73.01,9.79],[-73.36,9.23],[-73.06,9.26],[-72.8,9.11],[-72.67,8.63],[-72.42,8.38],[-72.36,8.09],[-72.45,7.97],[-72.44,7.45],[-72.21,7.37],[-72.08,7.1],[-71.89,6.99],[-71.62,7.03],[-71.01,6.99],[-70.66,7.08],[-70.1,6.94],[-69.44,6.13],[-69.09,6.18],[-68.47,6.16],[-67.94,6.24],[-67.57,6.24],[-67.44,6.03],[-67.82,5.27],[-67.86,4.51],[-67.66,3.86],[-67.31,3.42],[-67.83,2.89],[-67.62,2.79],[-67.21,2.39],[-66.88,1.36],[-66.88,1.22],[-67.09,1.21],[-67.09,1.62],[-67.35,2.09],[-67.5,2.11],[-67.82,1.79],[-67.99,1.75],[-68.19,1.99],[-68.18,1.72],[-69.32,1.72],[-69.58,1.77],[-69.85,1.71],[-69.85,1.06],[-69.36,1.06],[-69.16,0.86],[-69.17,0.64],[-69.47,0.73],[-70.05,0.58],[-70.07,-0.14],[-69.67,-0.48],[-69.4,-1.19],[-69.95,-4.2],[-70.34,-3.81],[-70.74,-3.78],[-70.07,-2.75],[-70.1,-2.66],[-70.91,-2.22],[-71.4,-2.33],[-71.75,-2.15],[-71.98,-2.33],[-72.4,-2.43],[-72.63,-2.35],[-72.89,-2.41],[-73.15,-2.28],[-73.2,-1.83],[-73.5,-1.69],[-73.66,-1.25],[-74.25,-0.97],[-74.42,-0.58],[-74.8,-0.2],[-75.14,-0.05],[-75.28,-0.11],[-75.88,0.15],[-76.31,0.45],[-76.49,0.24],[-76.92,0.27],[-77.42,0.42],[-77.47,0.64],[-78.31,1.05],[-78.68,1.28],[-79.03,1.62],[-78.79,1.85],[-78.58,1.77],[-78.62,2.31],[-78.53,2.42],[-78.12,2.49],[-77.67,2.88],[-77.36,3.35],[-77.08,3.91],[-77.26,3.89],[-77.43,4.06],[-77.29,4.72],[-77.4,5.42],[-77.53,5.54],[-77.25,5.78],[-77.47,6.18],[-77.36,6.5],[-77.9,7.23],[-77.73,7.71],[-77.59,7.54],[-77.35,7.71],[-77.2,7.97],[-77.48,8.5],[-77.37,8.66],[-76.74,8.0],[-76.82,8.46],[-76.92,8.57],[-76.28,8.99],[-76.14,9.27],[-75.91,9.43],[-75.64,9.45],[-75.68,9.73],[-75.45,10.61],[-74.84,11.11],[-74.45,10.99],[-74.4,10.77],[-74.06,11.34],[-73.8,11.28],[-73.31,11.3],[-72.72,11.71],[-72.28,11.89],[-72.14,12.19],[-71.71,12.42],[-71.26,12.34],[-71.14,12.05],[-71.32,11.86]]],[[[-78.11,2.54],[-78.21,2.61],[-78.14,2.63],[-78.11,2.54]]]],"type":"MultiPolygon"},"id":"COL","properties":{"id":"COL","name":"Colombia"},"type":"Feature"},{"geometry":{"coordinates":[[[[118.18,24.5],[118.09,24.45],[118.1,24.55],[118.18,24.5]]],[[[121.86,31.49],[121.34,31.64],[121.21,31.81],[121.46,31.76],[121.86,31.49]]],[[[122.3,29.96],[122.02,30.01],[121.97,30.14],[122.28,30.07],[122.3,29.96]]],[[[122.17,29.68],[122.08,29.73],[122.12,29.78],[122.17,29.68]]],[[[122.4,29.89],[122.37,29.85],[122.33,29.93],[122.4,29.89]]],[[[119.82,25.46],[119.7,25.59],[119.83,25.61],[119.82,25.46]]],[[[110.39,21.09],[110.5,20.97],[110.28,21.0],[110.39,21.09]]],[[[121.25,28.09],[121.13,28.06],[121.21,28.2],[121.25,28.09]]],[[[113.56,22.8],[113.43,22.86],[113.46,22.9],[113.56,22.8]]],[[[112.79,21.6],[112.71,21.7],[112.86,21.75],[112.79,21.6]]],[[[112.64,21.64],[112.53,21.62],[112.65,21.71],[112.64,21.64]]],[[[107.97,21.51],[107.8,21.65],[107.35,21.61],[107.01,21.89],[106.66,21.98],[106.65,22.24],[106.54,22.4],[106.78,22.78],[106.54,22.91],[105.84,22.92],[105.55,23.07],[105.28,23.35],[104.86,23.14],[104.8,22.91],[104.37,22.7],[104.05,22.75],[103.92,22.54],[103.62,22.78],[103.47,22.6],[103.3,22.76],[103.01,22.45],[102.52,22.74],[102.43,22.73],[102.13,22.38],[101.67,22.46],[101.52,22.25],[101.74,21.83],[101.7,21.15],[101.54,21.23],[101.28,21.18],[101.08,21.76],[100.53,21.46],[100.21,21.46],[99.98,21.7],[99.92,22.03],[99.19,22.13],[99.34,22.5],[99.39,22.83],[99.51,22.96],[99.34,23.1],[98.86,23.19],[98.83,23.62],[98.68,23.84],[98.83,24.09],[98.5,24.12],[98.02,24.07],[97.56,23.91],[97.69,24.13],[97.67,24.38],[97.53,24.49],[97.58,24.77],[97.72,24.84],[97.82,25.25],[97.92,25.24],[98.17,25.59],[98.33,25.59],[98.63,25.83],[98.73,26.58],[98.65,27.57],[98.5,27.65],[98.3,27.55],[98.1,28.14],[97.86,28.36],[97.54,28.51],[97.32,28.22],[97.08,28.37],[96.6,28.46],[96.28,28.41],[96.58,28.76],[96.44,29.05],[96.16,28.91],[96.12,29.08],[96.34,29.21],[96.04,29.45],[95.52,29.21],[95.42,29.05],[94.77,29.18],[94.62,29.31],[94.29,29.14],[93.9,28.8],[93.21,28.59],[93.12,28.4],[92.7,28.15],[92.66,27.95],[92.48,27.85],[91.98,27.73],[91.63,27.76],[91.61,27.95],[91.23,28.07],[91.08,27.97],[90.72,28.07],[90.35,28.08],[90.35,28.24],[89.98,28.31],[89.54,28.11],[88.95,27.46],[88.89,27.32],[88.75,27.52],[88.85,27.87],[88.62,28.09],[87.68,27.82],[87.14,27.84],[86.55,28.09],[86.41,27.93],[86.08,28.08],[85.95,27.93],[85.68,28.28],[85.12,28.32],[85.16,28.59],[84.71,28.6],[84.23,28.91],[84.1,29.22],[83.94,29.28],[83.58,29.18],[83.16,29.61],[82.85,29.68],[82.16,30.12],[82.04,30.33],[81.64,30.39],[81.42,30.34],[81.11,30.04],[80.99,30.24],[80.68,30.41],[80.19,30.57],[80.19,30.76],[79.79,30.97],[79.57,30.95],[79.34,31.11],[79.11,31.4],[78.79,31.29],[78.8,31.62],[78.69,31.74],[78.74,31.96],[78.5,32.22],[78.39,32.52],[78.7,32.6],[78.92,32.36],[79.22,32.5],[79.2,32.95],[79.11,33.23],[78.8,33.5],[78.75,34.09],[78.97,34.23],[78.67,34.52],[78.28,34.65],[78.01,35.25],[78.05,35.45],[77.45,35.48],[76.88,35.61],[76.56,35.77],[76.55,35.89],[76.15,35.83],[75.9,36.09],[75.97,36.38],[75.84,36.65],[75.42,36.74],[75.35,36.91],[74.54,37.02],[74.37,37.16],[74.73,37.29],[74.89,37.23],[75.12,37.39],[74.89,37.6],[74.94,37.77],[74.79,38.1],[74.84,38.4],[74.75,38.51],[74.28,38.66],[74.03,38.54],[73.8,38.61],[73.7,38.85],[73.8,39.0],[73.61,39.23],[73.63,39.45],[73.91,39.61],[73.84,39.8],[73.99,40.04],[74.41,40.14],[74.84,40.34],[74.87,40.49],[75.24,40.48],[75.58,40.61],[75.68,40.31],[75.87,40.3],[76.48,40.45],[76.82,40.98],[76.99,41.04],[77.58,40.99],[78.12,41.08],[78.36,41.37],[79.29,41.78],[79.77,41.9],[79.84,42.0],[80.22,42.03],[80.26,42.24],[80.17,42.67],[80.25,42.8],[80.54,42.87],[80.39,43.04],[80.79,43.16],[80.5,43.89],[80.36,44.1],[80.34,44.44],[80.46,44.75],[80.0,44.8],[79.87,44.88],[80.06,45.01],[80.85,45.13],[81.69,45.35],[81.99,45.16],[82.27,45.22],[82.48,45.12],[82.58,45.44],[82.33,45.52],[82.56,46.16],[83.0,47.03],[83.19,47.19],[84.02,46.97],[84.67,46.97],[84.79,46.83],[85.23,47.04],[85.48,47.06],[85.66,47.25],[85.53,47.92],[85.75,48.39],[86.55,48.53],[86.72,48.7],[86.75,49.01],[86.89,49.09],[87.42,49.08],[87.81,49.16],[87.74,48.88],[88.03,48.74],[87.98,48.56],[88.52,48.38],[88.58,48.22],[89.05,48.0],[89.56,48.0],[89.78,47.83],[90.03,47.88],[90.31,47.68],[90.5,47.29],[90.72,47.0],[90.87,46.95],[91.03,46.53],[90.91,46.27],[91.0,46.04],[90.71,45.73],[90.66,45.53],[90.88,45.2],[91.05,45.22],[91.58,45.08],[92.42,45.01],[92.79,45.04],[93.66,44.9],[93.96,44.67],[94.2,44.65],[94.71,44.35],[95.05,44.26],[95.35,44.28],[95.36,44.01],[95.53,43.95],[95.91,43.21],[96.3,42.93],[96.39,42.72],[97.21,42.79],[99.47,42.57],[99.98,42.68],[101.71,42.47],[101.97,42.22],[103.07,42.01],[103.71,41.75],[104.5,41.88],[104.5,41.66],[104.98,41.6],[105.2,41.74],[105.87,41.99],[106.77,42.29],[108.17,42.45],[108.69,42.42],[109.44,42.46],[110.4,42.77],[111.01,43.34],[111.55,43.5],[111.93,43.71],[111.84,43.93],[111.4,44.37],[111.62,44.83],[111.9,45.06],[112.41,45.06],[112.6,44.92],[113.59,44.75],[114.03,44.94],[114.42,45.2],[114.52,45.36],[115.68,45.46],[116.24,45.8],[116.21,45.89],[116.56,46.29],[116.86,46.39],[117.33,46.36],[117.41,46.57],[117.67,46.52],[118.31,46.72],[118.72,46.69],[118.84,46.76],[119.16,46.64],[119.71,46.61],[119.9,46.86],[119.71,47.15],[119.12,47.56],[118.76,47.76],[118.5,47.98],[118.15,48.03],[117.77,47.99],[117.35,47.65],[117.07,47.81],[116.76,47.87],[116.23,47.86],[115.9,47.69],[115.56,47.95],[115.53,48.13],[115.79,48.25],[115.82,48.58],[115.95,48.69],[116.68,49.82],[117.25,49.62],[117.87,49.51],[118.45,49.84],[119.26,50.07],[119.35,50.28],[119.16,50.41],[119.45,50.7],[119.57,50.95],[120.07,51.6],[120.68,51.97],[120.74,52.21],[120.66,52.57],[120.07,52.63],[120.09,52.79],[120.7,53.17],[120.99,53.28],[121.41,53.32],[122.34,53.49],[122.52,53.46],[123.31,53.56],[123.61,53.55],[124.22,53.37],[124.47,53.23],[124.88,53.13],[124.97,53.2],[125.65,53.04],[125.73,52.89],[126.05,52.74],[126.02,52.61],[126.31,52.4],[126.51,51.93],[126.81,51.51],[126.92,51.1],[127.31,50.71],[127.31,50.45],[127.59,50.21],[127.5,49.87],[127.71,49.67],[128.0,49.57],[128.7,49.6],[129.12,49.36],[129.5,49.39],[130.2,48.89],[130.55,48.86],[130.55,48.6],[130.8,48.34],[130.73,48.02],[131.0,47.69],[131.32,47.73],[131.79,47.68],[132.56,47.77],[132.71,47.95],[133.14,48.11],[133.47,48.1],[133.84,48.27],[134.29,48.37],[134.56,48.32],[134.67,48.15],[134.57,48.02],[134.75,47.72],[134.48,47.45],[134.17,47.3],[134.2,47.13],[133.87,46.5],[133.86,46.25],[133.51,45.88],[133.44,45.6],[133.19,45.49],[133.11,45.13],[132.94,45.03],[131.98,45.24],[131.85,45.33],[131.45,44.98],[131.08,44.91],[131.06,44.66],[131.26,44.07],[131.17,43.7],[131.26,43.43],[131.07,42.9],[130.58,42.81],[130.36,42.63],[130.24,42.89],[129.9,43.0],[129.72,42.48],[129.31,42.41],[129.2,42.22],[128.92,42.04],[128.05,41.99],[128.29,41.56],[128.11,41.39],[127.18,41.53],[126.9,41.78],[126.6,41.64],[126.49,41.36],[125.99,40.9],[125.73,40.87],[125.42,40.66],[124.89,40.46],[124.39,40.1],[124.11,39.84],[123.76,39.82],[123.03,39.67],[122.33,39.37],[121.65,38.87],[121.16,38.73],[121.11,38.92],[121.68,39.11],[121.63,39.22],[121.82,39.39],[121.28,39.38],[121.27,39.54],[121.52,39.64],[121.52,39.84],[121.8,39.95],[122.19,40.36],[122.28,40.54],[121.86,40.84],[121.17,40.9],[120.77,40.59],[120.48,40.23],[119.59,39.9],[119.39,39.75],[119.22,39.41],[118.91,39.17],[118.63,39.18],[118.3,39.07],[118.04,39.23],[117.78,39.13],[117.56,38.63],[117.77,38.31],[118.01,38.18],[118.94,38.04],[119.09,37.7],[118.95,37.33],[119.11,37.2],[119.45,37.12],[119.76,37.16],[119.88,37.35],[120.31,37.62],[120.26,37.68],[120.75,37.83],[121.22,37.6],[121.64,37.46],[122.06,37.53],[122.34,37.41],[122.67,37.4],[122.45,37.07],[122.52,36.95],[122.34,36.83],[122.16,36.96],[121.93,36.96],[120.99,36.6],[120.8,36.61],[120.9,36.44],[120.68,36.34],[120.68,36.17],[120.39,36.05],[120.33,36.23],[120.09,36.12],[120.28,35.98],[120.05,35.86],[119.43,35.3],[119.22,35.01],[119.2,34.75],[120.2,34.33],[120.32,34.17],[120.5,33.64],[120.87,33.02],[120.85,32.66],[121.4,32.37],[121.4,32.21],[121.83,31.9],[121.87,31.7],[121.35,31.86],[120.97,31.87],[120.79,32.03],[120.52,32.11],[120.18,31.97],[120.72,31.98],[120.79,31.82],[121.06,31.72],[121.66,31.32],[121.88,30.92],[121.53,30.84],[121.0,30.56],[120.82,30.35],[120.45,30.39],[120.63,30.13],[120.9,30.16],[121.16,30.3],[121.43,30.23],[121.68,29.98],[122.08,29.87],[121.51,29.48],[121.94,29.61],[121.92,29.14],[121.72,29.26],[121.45,29.13],[121.66,29.01],[121.63,28.77],[121.48,28.64],[121.6,28.37],[121.27,28.22],[121.1,28.29],[120.96,28.04],[120.59,27.58],[120.54,27.32],[120.28,27.1],[120.09,26.67],[119.88,26.61],[119.82,26.85],[119.64,26.62],[119.88,26.33],[119.46,26.05],[119.14,26.12],[119.26,25.97],[119.62,26.0],[119.54,25.59],[119.59,25.37],[119.42,25.46],[119.15,25.41],[119.29,25.23],[119.02,25.22],[118.91,24.93],[118.64,24.84],[118.56,24.58],[118.09,24.63],[118.06,24.25],[117.63,23.84],[117.47,23.84],[117.08,23.58],[116.91,23.65],[116.86,23.45],[116.63,23.35],[116.47,22.95],[116.25,22.98],[115.85,22.8],[115.64,22.85],[115.5,22.72],[115.2,22.82],[114.85,22.62],[114.65,22.76],[114.55,22.53],[114.34,22.59],[113.93,22.53],[113.62,22.86],[113.62,23.13],[113.33,22.91],[113.55,22.59],[113.55,22.23],[113.15,22.08],[113.09,22.21],[112.98,21.94],[112.81,21.94],[112.59,21.78],[112.42,21.88],[112.3,21.74],[111.94,21.85],[111.6,21.56],[111.32,21.49],[111.02,21.51],[110.57,21.21],[110.41,21.34],[110.19,21.04],[110.18,20.86],[110.37,20.84],[110.31,20.67],[110.51,20.52],[110.45,20.36],[110.12,20.26],[109.79,20.62],[109.66,20.92],[109.68,21.13],[109.93,21.48],[109.54,21.54],[109.08,21.44],[109.03,21.63],[108.77,21.63],[108.48,21.9],[108.53,21.67],[108.32,21.69],[108.25,21.56],[107.97,21.51]]],[[[110.89,19.99],[111.01,19.66],[110.82,19.56],[110.57,19.17],[110.45,18.75],[109.52,18.22],[109.03,18.37],[108.7,18.54],[108.64,18.91],[108.69,19.34],[109.28,19.76],[109.31,19.9],[110.39,20.06],[110.59,19.98],[110.68,20.14],[110.89,19.99]]]],"type":"MultiPolygon"},"id":"CHN","properties":{"id":"CHN","name":"China"},"type":"Feature"},{"geometry":{"coordinates":[[[113.48,22.2],[113.49,22.24],[113.55,22.22],[113.48,22.2]]],"type":"Polygon"},"id":"MAC","properties":{"id":"MAC","name":"Macao"},"type":"Feature"},{"geometry":{"coordinates":[[[[114.02,22.51],[114.27,22.54],[114.27,22.3],[113.9,22.43],[114.02,22.51]]],[[[114.23,22.21],[114.14,22.27],[114.25,22.26],[114.23,22.21]]],[[[114.0,22.21],[113.88,22.28],[114.04,22.33],[114.0,22.21]]]],"type":"MultiPolygon"},"id":"HKG","properties":{"id":"HKG","name":"Hong Kong"},"type":"Feature"},{"geometry":{"coordinates":[[[[-109.28,-27.14],[-109.43,-27.17],[-109.39,-27.07],[-109.28,-27.14]]],[[[-78.8,-33.65],[-78.98,-33.67],[-78.89,-33.58],[-78.8,-33.65]]],[[[-70.42,-18.35],[-69.93,-18.21],[-69.8,-17.9],[-69.85,-17.7],[-69.51,-17.51],[-69.31,-17.94],[-69.09,-18.05],[-68.97,-18.97],[-68.46,-19.43],[-68.7,-19.72],[-68.58,-19.86],[-68.73,-20.07],[-68.75,-20.46],[-68.5,-20.61],[-68.53,-20.92],[-68.2,-21.3],[-68.19,-21.62],[-67.99,-22.06],[-67.88,-22.49],[-67.88,-22.82],[-67.58,-22.89],[-67.19,-22.82],[-67.01,-23.0],[-67.36,-24.03],[-68.25,-24.39],[-68.51,-24.63],[-68.56,-24.84],[-68.38,-25.09],[-68.54,-25.24],[-68.6,-25.49],[-68.41,-26.15],[-68.58,-26.52],[-68.32,-26.88],[-68.35,-27.03],[-68.85,-27.15],[-69.17,-27.92],[-69.66,-28.41],[-69.83,-29.1],[-70.03,-29.32],[-69.93,-29.77],[-69.96,-30.36],[-70.16,-30.44],[-70.35,-30.9],[-70.31,-31.02],[-70.52,-31.15],[-70.59,-31.57],[-70.45,-31.84],[-70.25,-31.96],[-70.36,-32.08],[-70.17,-32.47],[-70.02,-33.27],[-69.82,-33.28],[-69.89,-33.73],[-69.85,-34.22],[-70.05,-34.3],[-70.29,-34.73],[-70.47,-35.33],[-70.38,-35.77],[-70.4,-36.06],[-70.75,-36.39],[-71.06,-36.52],[-71.19,-36.84],[-71.12,-37.11],[-71.17,-37.76],[-71.03,-38.04],[-70.97,-38.45],[-70.85,-38.54],[-70.95,-38.74],[-71.29,-38.85],[-71.43,-38.99],[-71.42,-39.29],[-71.54,-39.6],[-71.72,-39.64],[-71.64,-39.89],[-71.82,-40.18],[-71.7,-40.34],[-71.93,-40.69],[-71.87,-40.89],[-71.91,-41.65],[-71.76,-42.1],[-72.03,-42.15],[-72.12,-42.3],[-72.15,-42.99],[-71.78,-43.17],[-71.9,-43.44],[-71.75,-43.59],[-71.68,-43.93],[-71.81,-44.11],[-71.82,-44.38],[-71.21,-44.44],[-71.26,-44.76],[-71.96,-44.79],[-72.04,-44.9],[-71.6,-44.98],[-71.35,-45.23],[-71.51,-45.51],[-71.75,-45.58],[-71.75,-45.84],[-71.63,-45.95],[-71.88,-46.16],[-71.7,-46.58],[-71.94,-46.83],[-71.9,-47.2],[-72.35,-47.49],[-72.52,-47.88],[-72.33,-48.11],[-72.35,-48.37],[-72.61,-48.52],[-72.61,-48.79],[-72.98,-48.98],[-73.14,-49.3],[-73.46,-49.31],[-73.58,-49.58],[-73.47,-49.79],[-73.5,-50.13],[-73.39,-50.23],[-73.15,-50.74],[-72.51,-50.61],[-72.34,-50.68],[-72.28,-50.91],[-72.38,-51.1],[-72.3,-51.3],[-72.41,-51.54],[-71.95,-51.88],[-71.92,-51.99],[-69.96,-52.01],[-69.49,-52.14],[-69.21,-52.14],[-68.46,-52.29],[-68.44,-52.36],[-69.24,-52.21],[-69.56,-52.42],[-70.8,-52.77],[-70.95,-53.23],[-71.0,-53.78],[-71.3,-53.88],[-71.69,-53.8],[-72.17,-53.63],[-72.38,-53.47],[-72.31,-53.25],[-71.94,-53.23],[-71.79,-53.48],[-71.74,-53.23],[-71.4,-53.11],[-71.16,-52.85],[-71.39,-52.76],[-72.13,-53.06],[-72.46,-53.25],[-72.55,-53.46],[-73.05,-53.24],[-72.91,-52.94],[-72.68,-52.75],[-72.45,-52.81],[-72.12,-52.65],[-71.8,-52.68],[-71.51,-52.61],[-72.23,-52.52],[-72.44,-52.63],[-72.64,-52.53],[-73.02,-52.89],[-73.12,-53.07],[-73.34,-53.05],[-73.65,-52.84],[-73.24,-52.71],[-73.38,-52.6],[-73.59,-52.69],[-74.01,-52.64],[-74.3,-52.12],[-73.83,-52.23],[-73.68,-52.08],[-73.53,-52.15],[-73.14,-52.13],[-72.84,-51.96],[-72.7,-51.99],[-72.57,-52.33],[-72.62,-51.95],[-72.49,-51.76],[-72.76,-51.57],[-72.6,-51.8],[-72.93,-51.86],[-73.38,-52.07],[-73.65,-51.86],[-74.2,-51.68],[-73.93,-51.62],[-73.9,-51.33],[-74.12,-51.2],[-74.81,-51.06],[-75.09,-50.68],[-74.69,-50.66],[-74.78,-50.47],[-74.64,-50.36],[-74.37,-50.49],[-74.19,-50.78],[-73.85,-50.94],[-73.75,-50.54],[-73.98,-50.83],[-74.2,-50.61],[-74.19,-50.49],[-74.63,-50.19],[-74.33,-49.97],[-74.02,-50.02],[-74.32,-49.78],[-74.29,-49.6],[-73.89,-49.62],[-74.09,-49.43],[-74.03,-49.03],[-74.22,-49.5],[-74.37,-49.4],[-74.38,-48.79],[-74.17,-48.43],[-74.47,-48.46],[-74.58,-48.0],[-73.85,-48.04],[-73.53,-48.2],[-73.38,-48.18],[-73.61,-47.99],[-73.72,-47.66],[-73.94,-47.93],[-74.35,-47.94],[-74.65,-47.7],[-74.53,-47.57],[-74.24,-47.68],[-74.13,-47.59],[-74.48,-47.43],[-74.16,-47.18],[-74.15,-46.97],[-74.31,-46.79],[-74.48,-46.89],[-75.01,-46.74],[-75.15,-46.6],[-75.48,-46.66],[-75.39,-46.86],[-75.5,-46.94],[-75.71,-46.78],[-75.66,-46.61],[-74.92,-46.16],[-75.07,-45.87],[-74.46,-45.84],[-74.16,-45.77],[-74.04,-45.42],[-73.83,-45.45],[-74.08,-46.13],[-73.97,-46.15],[-73.88,-45.85],[-73.69,-45.86],[-73.81,-46.38],[-73.66,-46.3],[-73.59,-45.78],[-73.76,-45.7],[-73.73,-45.48],[-73.2,-45.35],[-73.44,-45.24],[-73.36,-44.98],[-73.08,-44.92],[-72.74,-44.73],[-72.66,-44.44],[-73.27,-44.17],[-73.22,-43.9],[-73.07,-43.86],[-73.0,-43.63],[-73.1,-43.46],[-72.88,-43.05],[-72.77,-42.51],[-72.63,-42.51],[-72.79,-42.3],[-72.63,-42.2],[-72.43,-42.43],[-72.5,-41.98],[-72.82,-41.91],[-72.67,-41.66],[-73.01,-41.54],[-73.24,-41.78],[-73.74,-41.74],[-73.62,-41.58],[-73.81,-41.52],[-73.97,-41.12],[-73.67,-40.08],[-73.67,-39.96],[-73.41,-39.79],[-73.23,-39.22],[-73.48,-38.62],[-73.53,-38.37],[-73.46,-38.04],[-73.66,-37.7],[-73.6,-37.19],[-73.22,-37.17],[-73.12,-36.69],[-72.87,-36.39],[-72.78,-35.98],[-72.59,-35.76],[-72.62,-35.59],[-72.22,-35.1],[-72.06,-34.62],[-72.0,-34.17],[-71.83,-33.82],[-71.66,-33.65],[-71.74,-33.1],[-71.59,-32.97],[-71.42,-32.39],[-71.51,-32.21],[-71.53,-31.81],[-71.66,-31.17],[-71.71,-30.63],[-71.67,-30.33],[-71.4,-30.14],[-71.32,-29.65],[-71.35,-29.35],[-71.49,-29.2],[-71.52,-28.93],[-71.31,-28.67],[-71.19,-28.38],[-71.05,-27.73],[-70.93,-27.59],[-70.9,-27.19],[-70.65,-26.33],[-70.71,-25.78],[-70.45,-25.17],[-70.57,-24.64],[-70.49,-23.78],[-70.39,-23.57],[-70.59,-23.37],[-70.56,-23.06],[-70.33,-22.85],[-70.09,-21.49],[-70.2,-20.73],[-70.15,-19.81],[-70.28,-19.27],[-70.36,-18.4],[-70.42,-18.35]]],[[[-68.63,-52.65],[-68.65,-54.85],[-69.08,-54.91],[-69.49,-54.86],[-69.72,-54.71],[-70.03,-54.82],[-70.5,-54.81],[-71.44,-54.62],[-71.83,-54.63],[-71.91,-54.49],[-71.61,-54.5],[-71.36,-54.4],[-71.16,-54.45],[-70.7,-54.35],[-70.7,-54.49],[-70.3,-54.49],[-70.86,-54.11],[-70.87,-53.88],[-70.64,-53.82],[-70.53,-53.63],[-70.38,-53.99],[-70.63,-54.01],[-70.17,-54.38],[-69.74,-54.31],[-69.42,-54.41],[-69.25,-54.56],[-69.04,-54.41],[-69.99,-54.11],[-70.15,-53.76],[-69.35,-53.48],[-69.64,-53.33],[-70.09,-53.42],[-70.33,-53.38],[-70.46,-53.21],[-70.39,-53.03],[-70.13,-52.94],[-70.38,-52.75],[-69.99,-52.82],[-69.76,-52.73],[-69.5,-52.49],[-69.17,-52.67],[-68.79,-52.58],[-68.63,-52.65]]],[[[-67.08,-55.15],[-67.26,-55.28],[-67.54,-55.18],[-67.77,-55.26],[-68.07,-55.22],[-68.3,-54.98],[-68.11,-54.93],[-67.25,-54.98],[-67.08,-55.15]]],[[[-73.77,-43.35],[-74.11,-43.36],[-74.39,-43.23],[-74.21,-42.88],[-74.16,-42.22],[-74.04,-41.8],[-73.53,-41.9],[-73.47,-42.47],[-73.79,-42.59],[-73.44,-42.94],[-73.75,-43.16],[-73.77,-43.35]]],[[[-74.48,-49.15],[-74.52,-49.62],[-74.46,-49.69],[-74.59,-50.01],[-74.76,-50.01],[-74.88,-49.73],[-74.74,-49.42],[-74.96,-49.53],[-75.07,-49.85],[-75.55,-49.79],[-75.52,-49.62],[-75.31,-49.49],[-75.47,-49.36],[-75.09,-49.27],[-75.18,-49.08],[-74.95,-48.96],[-74.98,-48.82],[-74.79,-48.71],[-74.57,-48.75],[-74.48,-49.15]]],[[[-75.51,-48.76],[-75.65,-48.59],[-75.52,-48.33],[-75.56,-48.07],[-75.39,-48.02],[-75.16,-48.43],[-75.16,-48.62],[-75.51,-48.76]]],[[[-74.39,-52.92],[-74.07,-52.97],[-73.45,-53.14],[-73.14,-53.34],[-73.58,-53.3],[-73.79,-53.12],[-74.27,-53.08],[-74.56,-52.92],[-74.67,-52.73],[-74.39,-52.92]]],[[[-74.57,-48.59],[-74.92,-48.63],[-75.21,-48.14],[-75.2,-47.97],[-74.83,-47.85],[-74.57,-48.59]]],[[[-72.92,-53.48],[-72.88,-53.58],[-72.48,-53.59],[-72.21,-53.81],[-72.56,-54.07],[-72.96,-54.07],[-72.76,-53.86],[-73.04,-53.83],[-73.12,-54.01],[-73.3,-53.94],[-73.31,-53.73],[-73.85,-53.55],[-73.45,-53.41],[-72.92,-53.48]]],[[[-74.82,-51.63],[-74.78,-51.82],[-74.53,-51.99],[-74.69,-52.28],[-74.85,-52.27],[-75.11,-51.79],[-74.82,-51.63]]],[[[-69.7,-54.92],[-68.9,-55.02],[-68.46,-54.96],[-68.6,-55.13],[-68.28,-55.26],[-68.05,-55.64],[-68.59,-55.45],[-68.87,-55.45],[-68.89,-55.26],[-69.3,-55.17],[-69.36,-55.3],[-69.18,-55.47],[-69.41,-55.44],[-69.68,-55.22],[-69.98,-55.15],[-69.88,-54.88],[-69.7,-54.92]]],[[[-71.39,-54.03],[-71.02,-54.11],[-71.14,-54.37],[-71.47,-54.23],[-71.95,-54.3],[-72.21,-54.05],[-72.0,-53.88],[-71.39,-54.03]]],[[[-73.74,-44.39],[-73.98,-44.49],[-73.73,-45.12],[-73.85,-45.34],[-74.1,-45.33],[-74.35,-44.91],[-74.62,-44.65],[-74.5,-44.47],[-74.1,-44.39],[-74.08,-44.19],[-73.9,-44.13],[-73.74,-44.39]]],[[[-72.99,-44.78],[-73.35,-44.83],[-73.45,-44.64],[-73.21,-44.33],[-72.76,-44.55],[-72.99,-44.78]]],[[[-75.04,-44.89],[-75.14,-44.82],[-75.08,-44.8],[-75.04,-44.89]]],[[[-75.3,-50.68],[-75.41,-50.76],[-75.43,-50.48],[-75.12,-50.51],[-75.3,-50.68]]],[[[-75.11,-48.84],[-75.26,-49.07],[-75.51,-49.23],[-75.62,-48.89],[-75.12,-48.77],[-75.11,-48.84]]],[[[-75.11,-47.84],[-75.09,-47.69],[-74.92,-47.76],[-75.11,-47.84]]],[[[-74.67,-43.61],[-74.81,-43.63],[-74.82,-43.55],[-74.67,-43.61]]],[[[-73.63,-44.82],[-73.8,-44.68],[-73.64,-44.61],[-73.63,-44.82]]],[[[-74.56,-51.28],[-74.62,-51.4],[-75.05,-51.4],[-75.29,-51.63],[-75.15,-51.28],[-74.74,-51.21],[-74.56,-51.28]]],[[[-75.05,-50.3],[-75.45,-50.34],[-75.33,-50.01],[-74.88,-50.11],[-75.05,-50.3]]],[[[-73.81,-43.83],[-73.96,-43.92],[-74.14,-43.82],[-73.81,-43.83]]],[[[-74.14,-51.93],[-74.34,-51.9],[-74.48,-51.73],[-74.14,-51.93]]],[[[-74.31,-45.69],[-74.47,-45.76],[-74.69,-45.66],[-74.31,-45.17],[-74.31,-45.69]]],[[[-67.58,-55.89],[-67.83,-55.86],[-67.54,-55.83],[-67.58,-55.89]]],[[[-66.47,-55.23],[-66.64,-55.23],[-66.52,-55.17],[-66.47,-55.23]]],[[[-70.99,-54.87],[-70.8,-54.97],[-70.42,-54.91],[-70.28,-55.07],[-70.4,-55.17],[-70.94,-55.06],[-71.2,-54.89],[-70.99,-54.87]]],[[[-67.29,-55.78],[-67.56,-55.72],[-67.4,-55.59],[-67.29,-55.78]]]],"type":"MultiPolygon"},"id":"CHL","properties":{"id":"CHL","name":"Chile"},"type":"Feature"},{"geometry":{"coordinates":[[[23.98,19.5],[23.98,15.78],[23.11,15.7],[22.93,15.53],[22.93,15.16],[22.76,15.0],[22.67,14.72],[22.38,14.55],[22.51,14.13],[22.17,13.91],[22.11,13.73],[22.23,13.33],[21.99,13.11],[21.83,12.79],[22.0,12.67],[22.35,12.66],[22.49,12.04],[22.58,11.99],[22.56,11.67],[22.92,11.34],[22.86,10.92],[22.49,11.0],[22.04,10.82],[21.71,10.57],[21.73,10.37],[21.4,10.0],[21.26,9.97],[20.77,9.41],[20.34,9.13],[20.07,9.13],[19.67,9.02],[19.15,9.02],[18.89,8.89],[19.11,8.66],[18.59,8.06],[17.65,7.98],[16.78,7.55],[16.55,7.87],[16.38,7.68],[15.85,7.48],[15.48,7.52],[15.55,7.79],[15.44,7.85],[15.12,8.56],[14.33,9.2],[13.98,9.69],[14.24,9.98],[14.84,9.94],[15.65,10.01],[15.28,10.36],[15.07,10.85],[15.03,11.11],[15.12,11.54],[15.08,11.85],[14.76,12.66],[14.54,12.82],[14.52,12.98],[14.06,13.08],[13.61,13.7],[13.45,14.38],[13.81,14.97],[14.37,15.75],[15.47,16.91],[15.74,19.9],[15.95,20.3],[15.59,20.73],[15.61,20.95],[15.18,21.52],[15.17,21.92],[14.98,23.0],[15.98,23.45],[23.98,19.5]]],"type":"Polygon"},"id":"TCD","properties":{"id":"TCD","name":"Chad"},"type":"Feature"},{"geometry":{"coordinates":[[[24.15,8.67],[24.29,8.29],[24.85,8.14],[25.25,7.72],[25.19,7.52],[25.38,7.33],[25.89,7.06],[26.36,6.64],[26.31,6.46],[26.51,6.07],[27.08,5.78],[27.21,5.62],[27.26,5.29],[27.4,5.11],[27.11,5.2],[26.82,5.06],[25.53,5.31],[25.25,5.02],[24.77,4.93],[24.32,4.99],[23.42,4.66],[23.12,4.74],[22.76,4.65],[22.42,4.13],[21.69,4.28],[21.54,4.24],[20.96,4.41],[20.56,4.46],[20.23,4.83],[19.81,5.09],[19.5,5.13],[19.07,4.89],[18.83,4.52],[18.57,4.26],[18.63,3.95],[18.61,3.48],[18.47,3.62],[18.16,3.5],[17.44,3.68],[17.0,3.56],[16.67,3.54],[16.5,3.21],[16.47,2.83],[16.18,2.27],[16.06,2.91],[15.78,3.13],[15.13,3.83],[15.14,4.07],[15.02,4.36],[14.71,4.67],[14.64,5.18],[14.56,5.28],[14.62,5.87],[14.43,6.04],[14.74,6.28],[15.03,6.78],[15.25,7.26],[15.48,7.52],[15.85,7.48],[16.38,7.68],[16.55,7.87],[16.78,7.55],[17.65,7.98],[18.59,8.06],[19.11,8.66],[18.89,8.89],[19.15,9.02],[19.67,9.02],[20.07,9.13],[20.34,9.13],[20.77,9.41],[21.26,9.97],[21.4,10.0],[21.73,10.37],[21.71,10.57],[22.04,10.82],[22.49,11.0],[22.86,10.92],[23.31,10.39],[23.65,9.82],[23.62,9.34],[23.47,9.11],[23.54,8.82],[23.68,8.73],[24.15,8.67]]],"type":"Polygon"},"id":"CAF","properties":{"id":"CAF","name":"Central African Rep."},"type":"Feature"},{"geometry":{"coordinates":[[[[-25.17,16.95],[-25.34,17.09],[-25.11,17.19],[-24.98,17.09],[-25.17,16.95]]],[[[-23.44,15.01],[-23.5,14.92],[-23.79,15.08],[-23.75,15.33],[-23.44,15.01]]],[[[-24.89,16.82],[-25.07,16.87],[-24.94,16.92],[-24.89,16.82]]],[[[-22.92,16.24],[-22.69,16.17],[-22.82,15.99],[-22.96,16.05],[-22.92,16.24]]],[[[-24.31,14.86],[-24.49,14.87],[-24.33,15.02],[-24.31,14.86]]],[[[-24.09,16.62],[-24.32,16.49],[-24.38,16.68],[-24.09,16.62]]],[[[-22.89,16.66],[-22.99,16.81],[-22.9,16.84],[-22.89,16.66]]],[[[-23.18,15.14],[-23.25,15.18],[-23.14,15.32],[-23.18,15.14]]]],"type":"MultiPolygon"},"id":"CPV","properties":{"id":"CPV","name":"Cabo Verde"},"type":"Feature"},{"geometry":{"coordinates":[[[[-132.66,54.13],[-132.34,54.11],[-132.17,53.96],[-132.21,53.81],[-132.56,53.69],[-132.19,53.68],[-132.13,54.03],[-131.67,54.14],[-131.92,53.59],[-132.01,53.27],[-132.52,53.19],[-132.75,53.31],[-132.43,53.35],[-132.85,53.51],[-133.05,53.78],[-133.05,54.16],[-132.66,54.13]]],[[[-131.75,53.2],[-131.63,52.92],[-131.9,52.87],[-131.46,52.7],[-131.59,52.58],[-131.22,52.15],[-132.17,52.78],[-132.14,53.0],[-132.55,53.14],[-131.75,53.2]]],[[[-127.2,50.64],[-126.7,50.52],[-125.48,50.32],[-124.93,49.73],[-124.83,49.53],[-124.0,49.22],[-123.82,49.08],[-123.5,48.58],[-123.42,48.7],[-123.28,48.46],[-123.59,48.33],[-124.69,48.6],[-125.12,48.76],[-124.85,49.03],[-125.46,48.94],[-125.83,49.09],[-125.64,49.19],[-126.24,49.44],[-126.55,49.42],[-126.54,49.59],[-126.35,49.66],[-126.9,49.94],[-127.11,49.88],[-127.25,50.14],[-127.86,50.13],[-127.91,50.45],[-127.49,50.4],[-127.47,50.58],[-128.06,50.5],[-128.35,50.74],[-127.92,50.86],[-127.2,50.64]]],[[[-130.03,55.89],[-130.1,56.11],[-130.41,56.12],[-130.48,56.23],[-131.08,56.4],[-131.58,56.6],[-131.82,56.59],[-131.87,56.79],[-132.1,56.86],[-132.03,57.03],[-132.34,57.08],[-132.23,57.2],[-133.28,58.22],[-133.4,58.41],[-133.82,58.71],[-134.22,58.85],[-134.44,59.09],[-134.94,59.29],[-135.05,59.58],[-135.48,59.79],[-136.32,59.6],[-136.58,59.15],[-136.81,59.15],[-137.44,58.9],[-137.59,59.23],[-138.63,59.78],[-138.71,59.9],[-139.19,60.08],[-139.08,60.34],[-139.68,60.33],[-139.97,60.18],[-140.45,60.3],[-140.53,60.22],[-141.0,60.3],[-141.0,69.65],[-140.41,69.6],[-139.98,69.62],[-139.18,69.52],[-138.69,69.32],[-138.13,69.15],[-137.26,68.96],[-136.72,68.89],[-136.12,68.88],[-135.36,68.7],[-135.41,68.83],[-135.88,68.92],[-135.59,69.01],[-135.91,69.11],[-135.69,69.31],[-135.29,69.31],[-135.14,69.47],[-134.49,69.47],[-134.41,69.68],[-133.9,69.53],[-134.17,69.25],[-133.69,69.37],[-133.16,69.43],[-132.84,69.65],[-132.4,69.66],[-131.44,69.92],[-131.14,69.91],[-130.93,70.05],[-130.5,70.14],[-129.94,70.09],[-129.73,70.19],[-129.54,70.11],[-129.65,70.0],[-130.96,69.63],[-131.86,69.55],[-132.33,69.31],[-132.69,69.26],[-133.38,68.89],[-132.71,68.81],[-132.72,69.08],[-131.92,69.29],[-131.79,69.43],[-131.01,69.43],[-130.97,69.21],[-130.66,69.48],[-130.35,69.66],[-129.57,69.83],[-129.11,69.88],[-128.97,69.71],[-128.39,69.96],[-128.28,70.11],[-127.68,70.26],[-127.97,70.29],[-128.17,70.42],[-127.99,70.57],[-127.75,70.52],[-127.14,70.24],[-126.68,69.78],[-126.06,69.47],[-125.39,69.35],[-125.17,69.43],[-125.36,69.63],[-125.2,69.83],[-124.77,69.99],[-124.99,70.03],[-124.56,70.15],[-124.44,70.11],[-124.41,69.77],[-124.12,69.69],[-124.48,69.43],[-124.43,69.38],[-123.61,69.38],[-123.21,69.54],[-123.03,69.81],[-122.07,69.82],[-121.34,69.74],[-120.81,69.62],[-120.29,69.42],[-119.85,69.34],[-118.87,69.26],[-118.1,69.04],[-117.31,68.93],[-116.06,68.84],[-116.25,68.96],[-115.63,68.97],[-114.99,68.85],[-114.41,68.66],[-113.96,68.4],[-114.1,68.27],[-114.77,68.27],[-115.13,68.13],[-115.43,67.9],[-115.13,67.82],[-113.89,67.71],[-112.44,67.68],[-110.8,67.83],[-110.1,67.99],[-109.63,67.73],[-109.08,67.71],[-108.82,67.44],[-108.72,67.58],[-107.99,67.26],[-107.91,67.16],[-108.22,67.05],[-108.5,67.09],[-107.28,66.42],[-107.71,66.74],[-107.63,67.0],[-107.16,66.88],[-107.64,67.38],[-107.65,67.51],[-107.97,67.73],[-107.76,67.91],[-107.8,68.04],[-106.84,68.13],[-106.42,68.2],[-106.4,68.32],[-105.78,68.53],[-105.93,68.64],[-106.46,68.52],[-106.61,68.36],[-107.15,68.3],[-107.62,68.33],[-107.73,68.17],[-108.26,68.15],[-108.69,68.28],[-108.31,68.61],[-107.44,68.69],[-106.16,68.92],[-105.8,68.86],[-105.54,68.72],[-105.43,68.46],[-105.19,68.33],[-104.65,68.23],[-104.49,68.06],[-104.19,68.03],[-103.47,68.12],[-102.84,67.85],[-102.32,67.74],[-101.55,67.69],[-100.46,67.84],[-99.77,67.81],[-99.15,67.72],[-98.41,67.81],[-98.7,67.97],[-98.63,68.07],[-97.93,67.71],[-97.45,67.62],[-97.16,67.73],[-97.21,67.86],[-97.74,67.98],[-98.11,67.9],[-98.65,68.36],[-98.22,68.32],[-97.79,68.39],[-97.94,68.51],[-97.41,68.5],[-96.98,68.26],[-96.43,68.31],[-96.73,68.06],[-95.97,68.25],[-96.2,67.72],[-96.37,67.55],[-96.14,67.27],[-95.72,67.32],[-95.78,67.18],[-95.42,67.16],[-95.42,67.01],[-95.77,66.97],[-96.36,66.99],[-95.89,66.74],[-95.97,66.95],[-95.63,66.92],[-95.35,66.98],[-95.26,67.26],[-95.46,67.61],[-95.65,67.74],[-95.46,68.02],[-95.13,68.08],[-94.86,68.04],[-94.38,68.23],[-93.93,68.47],[-93.45,68.62],[-93.64,68.63],[-93.68,68.89],[-93.9,68.98],[-94.06,68.78],[-94.48,68.74],[-94.56,68.91],[-94.08,69.14],[-94.25,69.31],[-93.62,69.42],[-93.75,69.23],[-93.43,69.38],[-93.65,69.52],[-94.27,69.46],[-94.63,69.65],[-94.82,69.58],[-95.71,69.78],[-95.96,69.8],[-96.49,70.12],[-96.55,70.33],[-96.23,70.54],[-95.88,70.55],[-95.91,70.7],[-96.19,70.64],[-96.55,70.81],[-96.41,71.27],[-96.14,71.4],[-95.56,71.34],[-95.41,71.49],[-95.87,71.57],[-95.2,71.9],[-94.56,71.98],[-94.31,71.76],[-93.81,71.77],[-93.76,71.64],[-93.26,71.46],[-92.95,71.26],[-92.88,71.07],[-92.98,70.85],[-92.39,70.65],[-91.98,70.29],[-91.82,70.34],[-91.56,70.18],[-91.99,70.14],[-92.29,70.24],[-92.51,70.1],[-91.98,70.04],[-92.89,69.67],[-92.49,69.68],[-91.91,69.53],[-91.38,69.65],[-91.29,69.54],[-90.55,69.5],[-90.89,69.27],[-91.24,69.29],[-90.74,69.11],[-90.47,68.86],[-90.57,68.47],[-90.2,68.26],[-89.88,68.52],[-89.67,69.01],[-89.35,69.23],[-89.06,69.27],[-88.04,68.81],[-87.83,68.45],[-87.85,68.27],[-88.35,68.29],[-88.31,67.95],[-88.2,67.77],[-87.27,67.18],[-86.54,67.52],[-86.37,67.82],[-85.95,68.07],[-85.73,68.45],[-85.73,68.63],[-85.52,68.77],[-84.87,68.77],[-85.11,68.84],[-84.86,69.07],[-85.39,69.23],[-85.5,69.65],[-85.42,69.85],[-85.02,69.8],[-84.24,69.84],[-83.67,69.7],[-82.62,69.69],[-82.37,69.64],[-82.75,69.49],[-82.31,69.41],[-82.23,69.25],[-81.95,69.28],[-81.41,69.2],[-81.33,69.12],[-81.96,68.88],[-81.38,68.85],[-81.28,68.66],[-81.91,68.46],[-82.21,68.51],[-82.55,68.45],[-82.22,68.15],[-82.01,68.17],[-82.1,67.99],[-81.98,67.86],[-81.41,67.6],[-81.27,67.46],[-81.47,67.07],[-81.87,66.99],[-82.2,66.76],[-82.64,66.59],[-82.95,66.55],[-83.52,66.37],[-83.92,66.68],[-84.21,66.74],[-84.54,66.97],[-84.85,67.03],[-85.02,66.87],[-84.74,66.93],[-84.22,66.68],[-83.83,66.29],[-83.91,66.21],[-84.29,66.29],[-84.48,66.18],[-85.1,66.33],[-85.44,66.54],[-86.63,66.53],[-86.75,66.42],[-86.58,66.32],[-86.0,66.19],[-86.04,66.02],[-87.29,65.35],[-87.97,65.35],[-88.67,65.61],[-89.75,65.94],[-89.85,65.87],[-91.01,65.97],[-91.43,65.95],[-91.04,65.83],[-90.98,65.92],[-90.05,65.81],[-89.79,65.74],[-88.97,65.35],[-88.2,65.28],[-87.39,65.26],[-87.03,65.2],[-87.03,65.06],[-87.28,64.83],[-87.89,64.4],[-88.11,64.18],[-88.82,63.99],[-89.21,64.11],[-89.11,63.98],[-89.62,64.03],[-89.81,64.18],[-90.08,64.13],[-89.86,63.98],[-90.17,63.98],[-90.01,63.8],[-90.25,63.64],[-90.6,63.66],[-90.95,63.59],[-91.54,63.73],[-92.34,63.79],[-93.43,64.03],[-93.7,64.15],[-93.56,63.87],[-93.38,63.95],[-92.16,63.69],[-92.29,63.56],[-91.84,63.7],[-91.33,63.51],[-90.75,63.35],[-90.78,62.97],[-91.45,62.8],[-92.03,62.86],[-92.36,62.82],[-92.24,62.68],[-91.96,62.64],[-92.55,62.55],[-92.77,62.38],[-92.53,62.17],[-93.15,62.37],[-92.91,62.22],[-93.02,62.09],[-93.58,61.94],[-93.31,61.77],[-93.71,61.6],[-94.06,61.32],[-94.07,61.14],[-94.65,60.42],[-94.79,59.95],[-94.79,59.27],[-94.87,59.09],[-94.67,58.87],[-94.29,58.72],[-94.33,58.3],[-94.21,58.63],[-94.06,58.76],[-93.28,58.76],[-92.7,57.78],[-92.44,57.28],[-92.73,56.93],[-92.37,56.98],[-91.11,57.24],[-90.59,57.22],[-89.79,56.98],[-88.95,56.85],[-88.08,56.47],[-87.56,56.06],[-85.68,55.6],[-85.22,55.35],[-85.37,55.08],[-85.06,55.29],[-84.71,55.26],[-83.91,55.31],[-82.87,55.16],[-82.58,55.15],[-82.31,55.0],[-82.22,54.81],[-82.42,54.36],[-82.39,54.18],[-82.14,53.82],[-82.16,53.26],[-82.26,52.96],[-82.02,52.81],[-81.57,52.37],[-81.81,52.22],[-81.55,52.24],[-80.97,51.97],[-80.71,51.8],[-80.45,51.43],[-80.79,51.13],[-80.48,51.31],[-80.1,51.28],[-79.71,51.12],[-79.69,51.35],[-79.34,51.63],[-79.04,51.46],[-78.9,51.2],[-78.73,51.5],[-78.98,51.73],[-78.83,51.96],[-78.49,52.25],[-78.56,52.49],[-78.72,52.63],[-78.72,52.86],[-78.9,53.04],[-79.11,53.72],[-78.94,53.84],[-79.14,54.16],[-79.43,54.34],[-79.67,54.7],[-78.91,54.88],[-77.89,55.24],[-77.32,55.56],[-76.65,56.11],[-76.55,56.36],[-76.52,56.71],[-76.57,57.18],[-76.89,57.76],[-77.16,58.02],[-77.68,58.29],[-78.01,58.4],[-78.52,58.68],[-78.43,58.9],[-77.76,59.38],[-77.86,59.48],[-77.73,59.68],[-77.33,59.8],[-77.31,60.04],[-77.68,60.43],[-77.52,60.56],[-77.79,60.64],[-77.6,60.83],[-78.18,60.82],[-77.83,61.08],[-77.74,61.44],[-77.51,61.56],[-77.95,61.76],[-78.08,61.92],[-78.07,62.36],[-77.37,62.57],[-76.88,62.53],[-75.82,62.32],[-75.68,62.25],[-75.34,62.31],[-74.63,62.12],[-74.65,62.21],[-73.76,62.47],[-73.63,62.45],[-72.63,62.03],[-72.77,61.84],[-72.51,61.92],[-72.23,61.83],[-72.02,61.61],[-71.64,61.62],[-71.85,61.44],[-71.42,61.16],[-70.72,61.06],[-70.28,61.07],[-70.1,60.88],[-69.71,60.91],[-69.47,61.01],[-69.43,60.81],[-69.64,60.69],[-69.76,60.44],[-69.63,60.22],[-69.8,60.03],[-70.62,59.98],[-69.81,59.94],[-69.58,59.68],[-69.68,59.34],[-69.4,59.34],[-69.53,58.87],[-69.75,58.94],[-70.15,58.76],[-69.79,58.69],[-69.17,58.9],[-68.7,58.9],[-68.41,58.78],[-68.23,58.4],[-68.5,58.01],[-68.35,58.09],[-68.11,58.47],[-67.86,58.27],[-67.74,58.39],[-67.68,57.99],[-67.57,58.21],[-66.61,58.55],[-66.3,58.79],[-65.93,58.61],[-66.04,58.82],[-65.61,59.11],[-65.48,59.47],[-65.17,59.46],[-65.48,59.62],[-65.43,59.78],[-65.17,59.91],[-64.93,60.25],[-64.71,60.34],[-64.42,60.17],[-64.77,60.01],[-64.28,60.06],[-64.23,59.74],[-64.06,59.82],[-63.75,59.51],[-63.97,59.41],[-63.75,59.28],[-63.54,59.33],[-63.51,59.12],[-63.05,58.88],[-62.87,58.67],[-63.39,58.45],[-63.08,58.41],[-62.61,58.5],[-62.98,58.09],[-62.49,58.15],[-62.31,57.97],[-61.9,57.86],[-61.97,57.61],[-62.45,57.46],[-61.85,57.38],[-61.98,57.25],[-61.63,57.18],[-61.33,57.01],[-61.37,56.68],[-62.06,56.7],[-62.5,56.8],[-61.74,56.53],[-62.01,56.45],[-61.43,56.36],[-61.71,56.23],[-61.36,56.22],[-61.45,56.0],[-61.0,55.86],[-60.83,55.96],[-60.34,55.78],[-60.41,55.65],[-60.19,55.48],[-60.62,55.06],[-60.21,55.24],[-59.76,55.31],[-59.44,55.18],[-59.75,54.89],[-59.26,55.2],[-59.0,55.15],[-58.78,54.84],[-58.4,54.77],[-57.96,54.88],[-57.93,54.77],[-57.4,54.57],[-57.7,54.39],[-58.15,54.35],[-58.63,54.05],[-58.84,54.04],[-59.5,53.83],[-59.82,53.83],[-60.14,53.6],[-60.1,53.49],[-60.33,53.27],[-59.83,53.5],[-59.32,53.64],[-58.92,53.88],[-58.33,54.05],[-58.19,54.23],[-57.42,54.16],[-57.13,53.79],[-57.53,53.6],[-57.33,53.47],[-56.84,53.74],[-56.46,53.77],[-56.35,53.62],[-56.11,53.59],[-55.8,53.21],[-55.89,53.0],[-55.85,52.62],[-56.32,52.54],[-55.84,52.51],[-55.7,52.14],[-56.02,51.93],[-56.98,51.46],[-57.77,51.43],[-58.02,51.32],[-58.51,51.3],[-59.17,50.78],[-60.08,50.25],[-61.29,50.2],[-61.72,50.1],[-61.92,50.23],[-62.72,50.3],[-63.24,50.24],[-63.73,50.3],[-64.87,50.28],[-65.27,50.32],[-66.13,50.2],[-66.5,50.21],[-66.94,49.99],[-67.37,49.35],[-68.06,49.26],[-68.93,48.83],[-69.37,48.39],[-69.67,48.2],[-70.5,48.35],[-69.87,48.17],[-69.78,48.1],[-69.91,47.83],[-70.45,47.42],[-70.71,47.14],[-71.27,46.8],[-71.88,46.69],[-72.68,46.29],[-72.98,46.21],[-73.48,45.74],[-73.71,45.71],[-74.04,45.5],[-73.97,45.35],[-74.36,45.21],[-74.71,45.0],[-75.18,44.9],[-75.88,44.42],[-76.15,44.3],[-76.46,44.06],[-76.82,43.63],[-78.72,43.62],[-79.17,43.47],[-79.07,43.11],[-78.92,42.91],[-79.04,42.8],[-80.25,42.37],[-81.28,42.21],[-82.44,41.67],[-82.69,41.68],[-83.03,41.83],[-83.14,41.98],[-83.07,42.3],[-82.55,42.62],[-82.41,43.07],[-82.14,43.57],[-82.55,45.35],[-83.59,45.82],[-83.47,45.99],[-83.62,46.12],[-83.98,46.08],[-84.19,46.55],[-84.56,46.46],[-84.78,46.64],[-84.88,46.9],[-86.43,47.54],[-88.38,48.3],[-89.46,48.0],[-89.99,48.02],[-90.09,48.12],[-90.74,48.1],[-90.84,48.2],[-91.52,48.06],[-92.17,48.34],[-92.41,48.28],[-92.5,48.44],[-93.0,48.61],[-93.38,48.62],[-93.71,48.53],[-94.06,48.66],[-94.62,48.74],[-94.84,49.12],[-94.85,49.3],[-95.16,49.37],[-95.16,48.99],[-95.4,48.99],[-122.79,48.99],[-123.06,48.98],[-123.28,49.34],[-123.19,49.68],[-123.34,49.46],[-123.53,49.4],[-124.03,49.6],[-123.82,49.59],[-123.9,49.98],[-124.14,49.79],[-124.48,49.81],[-124.78,50.02],[-125.06,50.42],[-124.86,50.64],[-124.88,50.83],[-125.06,50.51],[-125.97,50.49],[-126.45,50.55],[-125.9,50.68],[-126.37,50.67],[-126.52,50.72],[-126.52,51.06],[-126.63,50.92],[-127.06,50.87],[-127.44,50.99],[-127.71,51.15],[-127.63,51.43],[-127.28,51.65],[-126.69,51.7],[-127.34,51.71],[-127.64,51.48],[-127.87,51.78],[-127.73,51.99],[-127.8,52.19],[-127.44,52.36],[-127.13,52.37],[-127.21,52.5],[-126.95,52.72],[-127.52,52.36],[-127.79,52.29],[-128.1,51.79],[-128.36,52.16],[-128.04,52.32],[-128.04,52.53],[-128.27,52.36],[-128.11,52.91],[-128.37,52.83],[-128.65,53.24],[-129.08,53.37],[-129.11,53.64],[-128.85,53.7],[-128.91,53.56],[-128.54,53.42],[-128.77,53.71],[-128.53,53.86],[-128.96,53.84],[-129.21,53.64],[-129.28,53.39],[-129.56,53.25],[-129.91,53.55],[-130.34,53.72],[-130.04,54.13],[-130.43,54.42],[-129.89,55.16],[-129.56,55.46],[-129.8,55.56],[-129.84,55.32],[-130.05,55.06],[-129.99,55.36],[-130.08,55.56],[-130.03,55.89]]],[[[-109.82,78.65],[-109.36,78.49],[-109.39,78.34],[-110.76,78.31],[-111.17,78.39],[-111.44,78.29],[-112.13,78.37],[-113.17,78.28],[-113.15,78.41],[-112.64,78.5],[-111.71,78.57],[-111.07,78.71],[-110.41,78.76],[-109.82,78.65]]],[[[-110.46,78.1],[-109.66,78.08],[-109.77,77.96],[-110.87,77.83],[-110.15,77.76],[-110.2,77.52],[-110.89,77.43],[-111.23,77.43],[-111.95,77.34],[-112.37,77.36],[-113.16,77.53],[-113.22,77.9],[-112.3,78.01],[-111.21,78.09],[-110.46,78.1]]],[[[-115.55,77.36],[-115.62,77.27],[-116.21,77.18],[-116.29,77.1],[-115.86,76.97],[-116.23,76.87],[-115.94,76.74],[-116.22,76.61],[-117.0,76.53],[-117.15,76.3],[-117.49,76.27],[-118.02,76.45],[-117.78,76.78],[-118.3,76.74],[-118.47,76.55],[-118.79,76.51],[-118.64,76.33],[-119.17,76.13],[-119.52,76.34],[-119.73,76.1],[-119.55,76.05],[-119.91,75.86],[-120.41,75.83],[-120.77,76.17],[-121.02,76.02],[-121.43,75.98],[-121.91,76.03],[-122.4,75.94],[-122.65,76.03],[-122.62,76.17],[-122.9,76.13],[-122.37,76.4],[-121.61,76.44],[-121.0,76.69],[-120.49,76.79],[-120.36,76.89],[-119.09,77.31],[-118.01,77.38],[-117.28,77.31],[-116.7,77.38],[-117.03,77.43],[-116.84,77.53],[-116.36,77.54],[-115.55,77.36]]],[[[-108.29,76.06],[-107.85,76.06],[-107.76,75.94],[-108.02,75.8],[-107.42,75.91],[-107.08,75.86],[-106.91,75.68],[-106.69,75.81],[-106.86,75.93],[-106.4,76.06],[-105.6,75.93],[-105.48,75.75],[-105.86,75.19],[-106.09,75.09],[-107.15,74.93],[-107.82,75.0],[-108.35,74.94],[-108.83,75.06],[-109.5,74.88],[-110.18,74.84],[-110.94,74.64],[-111.73,74.5],[-112.52,74.42],[-113.02,74.4],[-113.67,74.45],[-114.38,74.67],[-114.13,74.77],[-112.84,74.98],[-111.67,75.02],[-111.03,75.23],[-112.26,75.13],[-112.6,75.21],[-112.95,75.11],[-113.71,75.07],[-113.89,75.21],[-113.5,75.4],[-114.02,75.43],[-114.17,75.24],[-114.48,75.29],[-114.45,75.09],[-115.02,74.98],[-115.41,75.11],[-115.73,74.97],[-116.14,75.04],[-116.48,75.17],[-117.0,75.16],[-117.5,75.2],[-117.6,75.27],[-117.15,75.47],[-116.08,75.49],[-115.34,75.62],[-115.12,75.71],[-116.03,75.61],[-117.03,75.6],[-116.97,75.75],[-116.39,75.81],[-115.48,75.84],[-114.99,75.9],[-116.34,75.88],[-116.65,75.93],[-116.61,76.07],[-116.21,76.19],[-114.94,76.17],[-115.02,76.21],[-115.8,76.25],[-115.58,76.44],[-115.0,76.5],[-114.19,76.45],[-113.82,76.21],[-113.17,76.26],[-112.7,76.2],[-111.87,75.94],[-112.06,75.83],[-111.55,75.82],[-111.28,75.61],[-111.05,75.55],[-110.46,75.56],[-109.09,75.51],[-108.94,75.7],[-109.8,75.86],[-109.87,75.93],[-109.45,76.02],[-109.49,76.14],[-110.2,76.29],[-110.27,76.42],[-109.86,76.52],[-109.34,76.76],[-108.83,76.82],[-108.47,76.74],[-108.61,76.63],[-108.51,76.44],[-108.12,76.23],[-108.29,76.06]]],[[[-114.52,72.59],[-113.5,72.69],[-113.45,72.86],[-113.21,72.98],[-112.75,72.99],[-112.05,72.89],[-111.27,72.71],[-111.36,72.57],[-111.9,72.36],[-111.68,72.3],[-111.25,72.45],[-111.14,72.37],[-110.78,72.53],[-110.21,72.66],[-110.2,72.76],[-110.55,72.86],[-110.66,73.01],[-110.01,72.98],[-109.12,72.73],[-108.7,72.5],[-108.21,71.75],[-107.93,71.64],[-107.35,71.82],[-107.31,71.89],[-107.7,72.15],[-108.24,73.11],[-107.94,73.22],[-108.03,73.35],[-107.72,73.33],[-107.11,73.19],[-106.95,73.28],[-106.48,73.2],[-105.81,73.01],[-105.42,72.79],[-105.23,72.42],[-104.77,71.87],[-104.39,71.58],[-104.35,71.43],[-104.57,71.1],[-103.95,70.76],[-103.1,70.51],[-103.05,70.66],[-102.75,70.52],[-101.94,70.27],[-101.63,70.25],[-101.56,70.14],[-101.04,70.11],[-100.94,69.72],[-101.22,69.68],[-101.51,69.83],[-101.65,69.7],[-102.23,69.84],[-102.6,69.72],[-102.62,69.55],[-102.92,69.56],[-103.36,69.69],[-103.46,69.64],[-103.06,69.48],[-103.09,69.21],[-102.45,69.48],[-101.98,69.41],[-102.06,69.28],[-101.82,69.22],[-101.86,69.02],[-102.9,68.82],[-103.47,68.81],[-104.35,68.93],[-104.57,68.87],[-105.11,68.92],[-105.02,69.08],[-106.14,69.16],[-106.34,69.22],[-106.36,69.38],[-106.66,69.44],[-107.03,69.18],[-107.44,69.0],[-108.36,68.93],[-108.95,68.76],[-109.96,68.63],[-111.31,68.54],[-113.13,68.49],[-113.62,68.84],[-113.69,69.2],[-114.32,69.27],[-115.16,69.26],[-116.1,69.34],[-116.51,69.42],[-117.12,69.83],[-117.14,70.1],[-116.55,70.18],[-114.59,70.31],[-112.64,70.23],[-111.63,70.31],[-112.11,70.45],[-113.76,70.69],[-114.84,70.62],[-115.99,70.59],[-116.33,70.62],[-116.99,70.6],[-117.59,70.63],[-118.26,70.89],[-118.27,71.03],[-117.81,71.16],[-116.42,71.34],[-115.89,71.38],[-115.98,71.47],[-115.34,71.47],[-115.59,71.55],[-116.78,71.44],[-117.72,71.39],[-118.19,71.44],[-118.15,71.53],[-117.74,71.66],[-118.37,71.64],[-118.87,71.69],[-118.99,71.76],[-118.94,71.99],[-118.59,72.17],[-118.21,72.26],[-118.48,72.43],[-118.37,72.53],[-117.55,72.83],[-116.57,73.05],[-114.64,73.37],[-114.16,73.27],[-114.05,73.07],[-114.11,72.86],[-114.52,72.59]]],[[[-119.74,74.11],[-119.21,74.2],[-119.13,74.03],[-118.54,74.24],[-117.97,74.27],[-117.2,74.17],[-115.96,73.75],[-115.51,73.62],[-115.45,73.44],[-116.48,73.25],[-118.96,72.68],[-119.41,72.36],[-119.77,72.24],[-120.18,72.21],[-120.44,71.63],[-120.62,71.51],[-121.47,71.39],[-121.75,71.44],[-122.16,71.27],[-122.94,71.09],[-123.21,71.12],[-124.01,71.68],[-125.3,71.97],[-125.77,71.96],[-125.76,72.14],[-125.38,72.42],[-124.99,72.59],[-125.0,72.81],[-124.58,72.93],[-124.84,73.08],[-124.42,73.42],[-124.11,73.53],[-123.8,73.77],[-124.26,73.95],[-124.7,74.35],[-123.47,74.44],[-122.62,74.46],[-121.75,74.54],[-121.32,74.53],[-120.55,74.35],[-119.56,74.23],[-119.74,74.11]]],[[[-69.49,83.02],[-68.41,83.01],[-68.11,82.96],[-66.59,82.94],[-66.42,82.91],[-66.84,82.82],[-68.36,82.68],[-67.4,82.67],[-65.73,82.84],[-65.3,82.8],[-64.9,82.9],[-64.5,82.78],[-63.64,82.81],[-63.59,82.69],[-63.09,82.57],[-63.25,82.45],[-62.48,82.52],[-61.48,82.47],[-61.27,82.28],[-62.18,82.04],[-63.59,81.85],[-64.57,81.73],[-65.23,81.74],[-65.5,81.67],[-66.63,81.62],[-66.91,81.49],[-68.69,81.29],[-68.32,81.26],[-65.74,81.49],[-64.78,81.49],[-65.48,81.28],[-66.31,81.15],[-66.73,81.04],[-67.77,80.86],[-68.63,80.68],[-69.4,80.42],[-69.73,80.37],[-70.67,80.51],[-70.21,80.28],[-70.26,80.23],[-72.06,80.11],[-71.62,80.07],[-70.88,80.12],[-70.57,80.09],[-70.76,80.0],[-71.36,79.91],[-71.11,79.85],[-71.39,79.76],[-72.44,79.69],[-73.45,79.83],[-74.14,79.88],[-74.66,79.84],[-73.47,79.76],[-73.23,79.64],[-73.29,79.52],[-74.41,79.45],[-75.5,79.41],[-76.9,79.51],[-76.3,79.41],[-76.12,79.33],[-75.09,79.2],[-74.48,79.23],[-74.53,79.05],[-75.23,79.04],[-75.91,79.12],[-77.4,79.06],[-78.58,79.08],[-77.88,78.94],[-76.82,79.02],[-76.26,79.01],[-75.8,78.89],[-75.1,78.86],[-74.43,78.72],[-74.88,78.54],[-76.37,78.52],[-75.49,78.4],[-75.19,78.33],[-75.55,78.22],[-75.87,78.01],[-76.97,77.93],[-78.01,77.95],[-78.08,77.52],[-78.28,77.41],[-78.87,77.33],[-79.91,77.3],[-80.57,77.31],[-81.38,77.48],[-81.65,77.5],[-81.3,77.34],[-82.06,77.3],[-81.84,77.21],[-81.12,77.27],[-80.67,77.24],[-80.22,77.15],[-79.92,77.19],[-79.34,77.16],[-79.32,76.98],[-78.79,76.88],[-78.29,76.98],[-77.98,76.75],[-78.28,76.57],[-79.51,76.31],[-80.69,76.18],[-81.0,76.21],[-80.83,76.37],[-81.17,76.51],[-81.59,76.48],[-82.03,76.63],[-82.53,76.72],[-82.23,76.47],[-83.39,76.44],[-83.89,76.45],[-84.22,76.68],[-84.28,76.36],[-85.14,76.3],[-86.12,76.43],[-86.45,76.58],[-86.68,76.38],[-87.35,76.45],[-87.5,76.39],[-88.4,76.41],[-88.5,76.77],[-88.61,76.65],[-88.55,76.42],[-89.57,76.49],[-89.5,76.83],[-88.4,77.1],[-86.85,77.17],[-87.1,77.31],[-87.43,77.35],[-87.78,77.49],[-88.09,77.72],[-87.76,77.84],[-87.02,77.89],[-86.17,77.75],[-85.59,77.46],[-84.74,77.36],[-83.61,77.44],[-82.9,77.73],[-82.7,77.96],[-83.43,77.62],[-83.78,77.53],[-84.49,77.56],[-84.86,77.5],[-85.29,77.56],[-85.29,77.76],[-85.55,77.93],[-84.62,78.2],[-84.91,78.24],[-84.78,78.53],[-85.02,78.31],[-85.59,78.11],[-86.22,78.08],[-85.92,78.34],[-86.43,78.2],[-86.91,78.13],[-87.55,78.18],[-87.49,78.42],[-86.81,78.77],[-85.69,78.84],[-85.0,78.91],[-83.91,78.84],[-83.27,78.77],[-82.99,78.84],[-82.15,78.86],[-81.78,78.95],[-82.44,78.9],[-84.15,78.96],[-84.57,79.07],[-84.26,79.12],[-83.58,79.05],[-84.2,79.23],[-85.09,79.61],[-85.46,79.69],[-86.03,79.72],[-86.42,79.85],[-86.61,80.12],[-86.31,80.32],[-85.16,80.27],[-84.06,80.26],[-83.72,80.23],[-82.38,79.91],[-81.69,79.69],[-81.04,79.61],[-80.48,79.61],[-80.12,79.67],[-81.01,79.69],[-81.86,79.96],[-82.33,80.07],[-82.96,80.28],[-82.54,80.38],[-80.98,80.45],[-80.05,80.53],[-79.63,80.65],[-78.39,80.78],[-76.85,80.88],[-78.55,80.92],[-78.63,81.04],[-78.29,81.17],[-76.89,81.43],[-77.97,81.33],[-78.73,81.15],[-79.31,81.09],[-79.61,80.88],[-80.13,80.76],[-81.01,80.65],[-82.37,80.56],[-82.88,80.58],[-82.22,80.77],[-83.4,80.71],[-84.08,80.56],[-85.31,80.53],[-85.73,80.58],[-86.25,80.57],[-86.6,80.66],[-86.25,80.79],[-85.25,80.99],[-84.68,81.04],[-83.35,81.1],[-83.29,81.15],[-85.78,81.04],[-86.23,80.95],[-87.33,80.67],[-87.71,80.66],[-88.92,80.81],[-89.26,80.91],[-88.41,81.0],[-87.39,80.99],[-86.48,81.04],[-85.81,81.12],[-84.94,81.29],[-85.88,81.24],[-86.62,81.12],[-87.28,81.08],[-89.62,81.03],[-89.95,81.17],[-89.21,81.25],[-89.64,81.3],[-89.43,81.39],[-88.62,81.5],[-87.6,81.53],[-88.48,81.56],[-88.98,81.54],[-90.3,81.4],[-90.55,81.46],[-89.85,81.61],[-90.63,81.66],[-91.29,81.57],[-91.68,81.64],[-91.22,81.79],[-90.49,81.88],[-89.38,81.92],[-88.57,82.06],[-88.06,82.1],[-87.4,82.05],[-87.02,81.96],[-86.63,82.05],[-85.54,81.95],[-85.04,81.98],[-85.31,82.04],[-86.58,82.19],[-85.79,82.29],[-84.9,82.45],[-84.37,82.37],[-83.59,82.33],[-83.01,82.14],[-82.33,82.09],[-82.75,82.2],[-82.64,82.25],[-80.55,82.0],[-80.15,81.98],[-79.42,81.85],[-80.13,82.03],[-82.0,82.28],[-82.45,82.43],[-81.68,82.52],[-82.12,82.63],[-81.58,82.64],[-80.81,82.59],[-81.18,82.74],[-80.66,82.77],[-80.08,82.71],[-78.75,82.68],[-79.83,82.82],[-80.15,82.91],[-79.18,82.93],[-78.52,82.89],[-77.48,82.88],[-76.42,82.67],[-76.01,82.54],[-75.57,82.61],[-76.91,82.92],[-77.12,83.01],[-75.74,83.05],[-74.41,83.01],[-73.27,82.77],[-72.66,82.72],[-73.44,82.9],[-73.33,83.0],[-72.81,83.08],[-71.98,83.1],[-71.13,82.92],[-71.42,83.02],[-70.87,83.1],[-69.97,83.12],[-69.49,83.02]]],[[[-95.48,77.79],[-93.58,77.77],[-93.13,77.66],[-93.52,77.47],[-95.99,77.48],[-96.26,77.59],[-96.14,77.71],[-95.48,77.79]]],[[[-93.54,75.03],[-93.55,74.69],[-93.98,74.64],[-94.7,74.64],[-95.29,74.79],[-95.87,74.83],[-96.09,74.93],[-96.56,74.99],[-96.57,75.1],[-96.18,75.24],[-96.12,75.36],[-95.67,75.53],[-95.05,75.62],[-94.43,75.59],[-93.75,75.35],[-93.5,75.14],[-93.54,75.03]]],[[[-100.0,73.95],[-99.16,73.73],[-97.58,73.89],[-97.22,73.84],[-97.0,73.67],[-97.6,73.54],[-97.27,73.39],[-97.8,73.29],[-98.44,73.0],[-98.37,72.93],[-97.94,73.04],[-97.48,72.99],[-97.08,72.76],[-97.16,72.64],[-96.54,72.7],[-96.44,72.49],[-96.8,72.31],[-96.59,72.2],[-96.77,72.05],[-96.61,71.83],[-97.22,71.67],[-97.58,71.63],[-98.18,71.66],[-98.32,71.85],[-98.46,71.77],[-98.2,71.44],[-98.66,71.3],[-99.17,71.37],[-99.73,71.76],[-100.59,72.15],[-101.21,72.32],[-101.72,72.31],[-101.97,72.49],[-102.4,72.59],[-102.71,72.78],[-102.5,73.01],[-101.92,73.06],[-101.35,72.75],[-101.09,72.71],[-100.48,72.77],[-100.4,72.98],[-100.1,72.96],[-100.28,73.12],[-100.53,73.14],[-100.44,73.25],[-100.01,73.24],[-100.37,73.36],[-100.89,73.28],[-101.45,73.43],[-101.32,73.57],[-100.98,73.6],[-100.52,73.45],[-100.61,73.58],[-100.9,73.66],[-100.92,73.81],[-100.48,73.84],[-99.99,73.8],[-100.23,73.89],[-100.0,73.95]]],[[[-84.92,65.26],[-84.61,65.45],[-84.27,65.37],[-84.08,65.22],[-83.41,65.1],[-83.22,64.97],[-82.67,64.78],[-82.05,64.64],[-81.79,64.43],[-81.68,64.21],[-81.9,64.03],[-80.83,64.09],[-80.3,63.76],[-81.05,63.46],[-81.96,63.66],[-82.38,63.71],[-82.47,63.93],[-83.03,64.02],[-83.07,64.16],[-83.49,64.1],[-83.73,63.81],[-84.31,63.59],[-84.63,63.31],[-84.96,63.2],[-85.5,63.14],[-85.71,63.66],[-85.8,63.71],[-86.58,63.66],[-86.85,63.58],[-87.19,63.67],[-86.89,63.92],[-86.25,64.14],[-86.37,64.57],[-86.19,65.01],[-86.11,65.42],[-85.96,65.7],[-85.55,65.92],[-85.24,65.8],[-85.11,65.62],[-85.24,65.51],[-84.92,65.26]]],[[[-97.7,76.47],[-97.71,76.3],[-97.53,76.18],[-97.6,75.85],[-97.86,75.74],[-97.41,75.67],[-97.34,75.42],[-97.65,75.51],[-97.88,75.42],[-97.67,75.13],[-98.09,75.18],[-97.95,75.06],[-98.7,75.01],[-99.42,75.04],[-99.63,74.98],[-100.23,75.01],[-100.46,75.22],[-100.15,75.24],[-100.73,75.35],[-99.59,75.66],[-99.92,75.68],[-101.21,75.59],[-101.46,75.61],[-102.54,75.51],[-102.8,75.6],[-101.94,75.88],[-101.26,75.76],[-101.51,75.92],[-101.43,75.99],[-101.87,76.08],[-101.56,76.24],[-102.14,76.28],[-101.86,76.44],[-101.34,76.41],[-101.06,76.25],[-100.02,75.94],[-99.69,75.96],[-100.11,76.12],[-99.54,76.15],[-100.41,76.24],[-99.98,76.31],[-100.65,76.4],[-100.89,76.48],[-100.39,76.61],[-99.67,76.62],[-99.17,76.45],[-98.89,76.47],[-99.02,76.61],[-98.71,76.69],[-97.7,76.47]]],[[[-103.43,79.32],[-102.91,79.23],[-102.65,79.1],[-102.58,78.88],[-102.39,79.01],[-101.7,79.08],[-101.03,78.91],[-101.13,78.8],[-100.44,78.82],[-99.61,78.58],[-99.85,78.44],[-99.75,78.3],[-99.13,78.12],[-99.0,78.0],[-99.17,77.86],[-99.96,77.79],[-100.59,77.89],[-101.07,78.19],[-102.06,78.28],[-102.61,78.25],[-102.73,78.37],[-104.32,78.27],[-104.76,78.35],[-105.0,78.52],[-104.73,78.58],[-103.76,78.52],[-103.59,78.62],[-104.02,78.63],[-103.37,78.74],[-104.01,78.76],[-103.88,78.9],[-104.15,78.99],[-104.74,78.83],[-104.97,78.86],[-104.74,78.99],[-104.9,79.05],[-105.54,79.03],[-105.57,79.16],[-105.39,79.32],[-104.85,79.31],[-103.71,79.35],[-103.43,79.32]]],[[[-91.89,81.13],[-91.27,80.85],[-90.68,80.69],[-90.64,80.59],[-89.86,80.5],[-89.33,80.53],[-89.17,80.48],[-89.2,80.26],[-89.02,80.2],[-88.2,80.11],[-88.61,80.26],[-88.64,80.39],[-88.13,80.43],[-87.68,80.37],[-87.63,80.19],[-87.92,80.1],[-87.2,80.04],[-86.98,79.89],[-87.3,79.58],[-86.65,79.65],[-86.18,79.61],[-86.01,79.48],[-85.65,79.61],[-85.06,79.33],[-85.29,79.21],[-86.09,79.1],[-87.02,78.9],[-87.62,78.68],[-87.86,78.71],[-87.96,78.89],[-87.82,79.04],[-88.1,78.97],[-88.23,78.65],[-88.04,78.49],[-88.74,78.58],[-88.61,78.39],[-88.79,78.19],[-89.1,78.21],[-90.04,78.61],[-90.08,78.55],[-89.51,78.2],[-89.58,78.17],[-90.3,78.33],[-90.65,78.31],[-90.33,78.18],[-90.61,78.15],[-91.9,78.24],[-92.68,78.39],[-92.73,78.49],[-91.87,78.54],[-92.72,78.61],[-93.27,78.61],[-93.63,78.75],[-93.16,78.78],[-93.9,78.87],[-94.16,78.99],[-93.29,79.14],[-92.68,79.19],[-92.55,79.28],[-91.3,79.37],[-92.25,79.37],[-92.82,79.45],[-93.93,79.29],[-93.96,79.4],[-94.28,79.4],[-95.1,79.29],[-95.73,79.42],[-95.66,79.53],[-94.52,79.67],[-94.4,79.74],[-95.3,79.65],[-96.0,79.7],[-96.59,79.92],[-96.77,80.14],[-95.78,80.07],[-94.65,80.05],[-94.59,80.2],[-95.41,80.14],[-95.65,80.23],[-96.37,80.29],[-96.01,80.38],[-95.55,80.37],[-96.15,80.55],[-96.13,80.69],[-95.71,80.73],[-95.23,80.69],[-94.89,80.57],[-93.93,80.56],[-94.6,80.64],[-94.79,80.75],[-95.51,80.84],[-95.27,81.0],[-94.52,81.03],[-93.83,81.11],[-93.35,81.09],[-93.41,81.21],[-94.19,81.24],[-94.06,81.35],[-93.33,81.36],[-92.41,81.28],[-91.89,81.13]]],[[[-94.29,76.91],[-93.81,76.91],[-93.21,76.75],[-93.2,76.67],[-93.53,76.45],[-93.0,76.62],[-92.3,76.62],[-91.31,76.68],[-90.74,76.58],[-90.62,76.46],[-91.44,76.5],[-89.28,76.3],[-89.41,76.19],[-90.31,76.16],[-91.26,76.23],[-91.28,76.16],[-90.25,76.05],[-89.7,75.85],[-89.2,75.76],[-89.65,75.57],[-89.28,75.56],[-88.92,75.45],[-88.85,75.62],[-88.57,75.65],[-88.2,75.51],[-87.73,75.58],[-87.54,75.48],[-87.26,75.62],[-86.81,75.49],[-85.95,75.4],[-86.07,75.5],[-84.99,75.64],[-84.6,75.65],[-83.93,75.82],[-83.24,75.75],[-82.15,75.83],[-81.15,75.74],[-81.0,75.64],[-80.32,75.63],[-80.29,75.49],[-79.66,75.45],[-79.51,75.3],[-79.63,75.2],[-80.36,75.05],[-79.73,75.02],[-79.4,74.92],[-79.94,74.83],[-80.35,74.9],[-80.15,74.8],[-80.28,74.58],[-81.23,74.57],[-81.81,74.48],[-82.93,74.57],[-83.1,74.82],[-83.54,74.89],[-83.34,74.76],[-83.53,74.59],[-84.43,74.51],[-85.06,74.61],[-85.21,74.52],[-85.96,74.5],[-86.73,74.56],[-86.67,74.49],[-87.59,74.47],[-88.42,74.49],[-88.54,74.61],[-88.34,74.78],[-88.53,74.83],[-88.85,74.69],[-88.94,74.79],[-89.2,74.64],[-89.84,74.55],[-90.55,74.61],[-91.13,74.74],[-91.13,74.65],[-91.51,74.65],[-91.96,74.79],[-92.17,75.05],[-92.08,75.12],[-92.43,75.35],[-92.07,75.66],[-92.19,75.85],[-93.09,76.35],[-93.67,76.27],[-94.74,76.29],[-95.27,76.26],[-95.45,76.36],[-96.04,76.49],[-95.97,76.57],[-96.85,76.73],[-96.43,76.81],[-96.76,76.97],[-95.64,77.06],[-94.29,76.91]]],[[[-96.2,78.53],[-95.56,78.52],[-95.03,78.43],[-94.89,78.35],[-95.33,78.23],[-94.94,78.11],[-95.09,77.99],[-96.99,77.81],[-97.09,77.93],[-97.66,78.09],[-96.94,78.15],[-97.82,78.23],[-98.25,78.43],[-98.06,78.56],[-98.29,78.69],[-98.21,78.8],[-97.38,78.78],[-96.59,78.69],[-96.2,78.53]]],[[[-93.17,74.16],[-92.49,74.06],[-92.22,73.97],[-91.63,74.03],[-91.09,74.01],[-90.35,73.87],[-90.57,73.69],[-90.93,73.53],[-91.62,73.03],[-92.12,72.75],[-92.39,72.72],[-93.34,72.8],[-94.21,72.76],[-93.77,72.67],[-93.56,72.42],[-93.87,72.25],[-94.04,72.03],[-95.19,72.03],[-95.25,72.5],[-95.55,72.78],[-95.63,73.7],[-95.39,73.76],[-94.82,73.66],[-95.15,73.93],[-94.97,74.04],[-94.48,74.11],[-93.17,74.16]]],[[[-97.44,69.64],[-97.24,69.67],[-96.88,69.51],[-96.3,69.34],[-95.95,69.02],[-95.59,68.84],[-95.27,68.83],[-95.69,68.74],[-96.4,68.47],[-97.47,68.54],[-98.24,68.74],[-98.32,68.84],[-98.83,68.84],[-99.44,68.92],[-99.46,69.13],[-98.91,69.17],[-98.46,69.33],[-98.55,69.57],[-98.16,69.51],[-98.27,69.75],[-97.79,69.86],[-97.41,69.74],[-97.44,69.64]]],[[[-61.11,45.94],[-60.87,45.95],[-61.06,45.7],[-60.7,45.77],[-60.46,45.97],[-60.7,45.93],[-60.5,46.2],[-60.3,46.31],[-60.23,46.2],[-59.87,46.16],[-59.83,45.97],[-60.39,45.65],[-60.67,45.59],[-61.28,45.57],[-61.45,45.72],[-61.5,45.94],[-60.87,46.8],[-60.57,47.0],[-60.41,47.0],[-60.33,46.77],[-60.58,46.17],[-61.11,45.94]]],[[[-67.12,45.17],[-67.47,45.28],[-67.43,45.6],[-67.78,45.7],[-67.81,47.08],[-68.31,47.35],[-68.83,47.2],[-69.05,47.27],[-69.05,47.43],[-69.24,47.46],[-70.01,46.71],[-70.07,46.44],[-70.25,46.25],[-70.3,45.91],[-70.7,45.55],[-70.9,45.26],[-71.33,45.29],[-71.52,45.01],[-74.71,45.0],[-73.56,45.43],[-73.16,46.01],[-72.73,46.18],[-72.5,46.35],[-71.9,46.63],[-71.26,46.76],[-70.52,47.03],[-69.58,47.82],[-69.47,47.97],[-68.99,48.28],[-68.24,48.63],[-67.56,48.86],[-66.6,49.13],[-66.18,49.21],[-65.4,49.26],[-64.84,49.19],[-64.26,48.92],[-64.21,48.81],[-64.51,48.84],[-64.25,48.69],[-64.35,48.42],[-64.63,48.36],[-64.76,48.23],[-65.26,48.02],[-65.48,48.03],[-65.93,48.19],[-66.43,48.07],[-65.85,47.91],[-65.67,47.7],[-65.48,47.69],[-65.0,47.85],[-64.7,47.72],[-64.91,47.37],[-65.32,47.1],[-64.83,47.06],[-64.91,46.89],[-64.73,46.67],[-64.54,46.24],[-63.92,46.17],[-64.06,46.02],[-63.7,45.86],[-63.29,45.75],[-62.7,45.74],[-62.48,45.62],[-61.96,45.87],[-61.88,45.71],[-61.49,45.69],[-61.28,45.44],[-61.46,45.37],[-61.03,45.29],[-61.57,45.15],[-62.51,44.84],[-63.31,44.64],[-63.6,44.68],[-63.54,44.54],[-63.76,44.49],[-64.0,44.64],[-64.17,44.59],[-64.38,44.3],[-64.86,43.87],[-65.33,43.67],[-65.34,43.55],[-65.74,43.56],[-65.89,43.8],[-66.13,43.81],[-66.19,44.14],[-66.1,44.37],[-65.87,44.57],[-65.52,44.73],[-65.66,44.76],[-64.9,45.12],[-64.33,45.31],[-64.35,45.14],[-63.61,45.39],[-64.6,45.41],[-64.91,45.37],[-64.31,45.84],[-64.59,45.81],[-64.9,45.63],[-65.88,45.22],[-66.11,45.26],[-66.44,45.1],[-66.87,45.07],[-67.12,45.17]]],[[[-55.46,51.54],[-55.58,51.39],[-56.03,51.33],[-55.82,51.19],[-55.87,50.91],[-56.69,50.06],[-56.85,49.77],[-56.82,49.61],[-56.25,50.09],[-56.16,49.94],[-55.93,50.02],[-55.53,50.0],[-55.58,49.89],[-56.04,49.7],[-55.87,49.67],[-56.09,49.45],[-55.82,49.52],[-55.68,49.43],[-55.21,49.48],[-55.24,49.2],[-54.47,49.53],[-54.46,49.34],[-53.96,49.44],[-53.62,49.32],[-53.57,49.14],[-53.9,48.89],[-54.16,48.79],[-53.7,48.68],[-53.79,48.53],[-54.07,48.42],[-53.55,48.48],[-53.06,48.66],[-53.14,48.4],[-53.61,48.21],[-53.57,48.09],[-53.86,47.8],[-53.6,47.66],[-53.28,48.0],[-52.87,48.11],[-53.18,47.65],[-53.12,47.46],[-52.78,47.77],[-52.65,47.55],[-52.91,47.1],[-52.89,46.97],[-53.07,46.68],[-53.62,46.68],[-53.58,47.13],[-54.08,46.82],[-54.17,46.88],[-53.87,47.39],[-53.99,47.76],[-54.19,47.86],[-54.56,47.38],[-54.86,47.39],[-55.32,46.91],[-55.79,46.87],[-55.95,46.93],[-55.84,47.07],[-55.49,47.16],[-55.19,47.45],[-54.87,47.57],[-55.37,47.66],[-55.43,47.5],[-55.86,47.53],[-55.86,47.82],[-56.22,47.67],[-56.77,47.56],[-57.93,47.67],[-58.33,47.68],[-59.12,47.57],[-59.36,47.87],[-59.27,48.0],[-58.6,48.41],[-58.33,48.52],[-59.17,48.52],[-58.91,48.65],[-58.72,48.6],[-58.4,49.08],[-58.1,49.08],[-57.98,49.23],[-58.21,49.39],[-58.02,49.54],[-57.79,49.49],[-57.93,49.7],[-57.3,50.7],[-56.75,51.27],[-56.03,51.57],[-55.69,51.47],[-55.46,51.54]]],[[[-86.59,71.01],[-86.13,71.05],[-85.64,71.15],[-85.09,71.15],[-84.87,71.0],[-84.66,71.59],[-85.25,71.68],[-85.91,71.99],[-85.41,72.21],[-85.02,72.22],[-84.35,72.05],[-84.84,72.31],[-84.62,72.38],[-85.34,72.42],[-85.64,72.63],[-85.64,72.77],[-85.26,72.95],[-84.26,72.8],[-84.27,72.84],[-85.38,73.05],[-85.45,73.11],[-85.02,73.34],[-84.42,73.46],[-83.78,73.42],[-83.73,73.58],[-82.66,73.73],[-81.95,73.73],[-81.41,73.63],[-81.15,73.31],[-80.6,73.12],[-80.59,72.93],[-80.27,72.75],[-81.0,72.43],[-80.6,72.43],[-80.94,72.21],[-80.69,72.1],[-80.94,72.05],[-80.86,71.91],[-80.39,72.15],[-80.12,72.21],[-80.04,72.39],[-79.78,72.44],[-79.65,72.33],[-79.32,72.39],[-79.0,72.27],[-79.01,72.04],[-78.59,71.88],[-78.86,72.1],[-78.7,72.35],[-78.12,72.28],[-77.73,72.18],[-77.54,72.22],[-78.29,72.36],[-78.48,72.51],[-78.0,72.69],[-77.57,72.74],[-76.89,72.72],[-76.19,72.57],[-75.7,72.57],[-75.19,72.43],[-75.05,72.23],[-75.6,71.92],[-74.9,72.1],[-74.29,72.05],[-74.32,71.84],[-74.89,71.73],[-74.7,71.68],[-75.04,71.23],[-74.76,71.34],[-74.6,71.58],[-74.4,71.67],[-73.81,71.77],[-73.71,71.72],[-74.2,71.4],[-73.71,71.59],[-73.18,71.28],[-73.28,71.54],[-72.9,71.68],[-72.58,71.61],[-71.88,71.56],[-71.46,71.46],[-71.22,71.24],[-71.5,71.11],[-71.86,71.1],[-72.63,70.83],[-72.31,70.83],[-72.01,71.01],[-71.74,71.05],[-71.19,70.98],[-70.79,71.1],[-70.66,70.87],[-71.02,70.67],[-71.59,70.57],[-71.89,70.43],[-71.68,70.42],[-71.48,70.54],[-71.28,70.5],[-71.43,70.13],[-70.98,70.58],[-70.56,70.74],[-69.95,70.85],[-69.17,70.76],[-68.5,70.61],[-68.36,70.48],[-68.79,70.32],[-69.3,70.28],[-70.06,70.07],[-69.91,70.03],[-69.48,70.16],[-68.92,70.21],[-68.72,70.15],[-69.01,69.98],[-68.74,69.94],[-68.12,70.31],[-67.86,70.28],[-67.36,70.03],[-67.22,69.73],[-67.81,69.78],[-68.37,69.64],[-68.67,69.64],[-69.25,69.51],[-68.51,69.58],[-68.06,69.48],[-67.36,69.47],[-66.77,69.34],[-66.8,69.15],[-67.48,69.17],[-67.94,69.25],[-68.62,69.21],[-68.99,69.08],[-68.42,69.17],[-67.75,69.04],[-67.88,68.78],[-68.32,68.84],[-68.73,68.81],[-69.32,68.86],[-68.87,68.76],[-68.33,68.73],[-68.04,68.55],[-66.71,68.45],[-67.03,68.33],[-66.83,68.22],[-66.9,68.06],[-66.63,68.21],[-66.21,68.28],[-66.41,67.9],[-65.94,68.07],[-65.97,67.96],[-65.51,67.97],[-65.54,67.77],[-65.3,67.94],[-64.98,68.04],[-64.84,67.99],[-65.02,67.79],[-64.64,67.84],[-64.16,67.62],[-63.85,67.57],[-64.08,67.5],[-64.01,67.35],[-64.7,67.35],[-64.36,67.26],[-63.84,67.26],[-63.59,67.38],[-63.04,67.24],[-63.26,67.02],[-63.7,66.82],[-62.96,66.95],[-62.38,66.91],[-62.12,67.05],[-61.97,67.02],[-61.3,66.65],[-61.53,66.56],[-61.9,66.68],[-62.12,66.64],[-61.65,66.5],[-61.57,66.37],[-61.86,66.31],[-62.55,66.41],[-62.53,66.23],[-61.99,66.04],[-62.59,66.03],[-62.38,65.83],[-62.66,65.64],[-63.17,65.66],[-63.46,65.85],[-63.34,65.62],[-63.4,65.12],[-63.61,64.93],[-63.9,65.11],[-64.15,65.07],[-64.35,65.17],[-64.27,65.4],[-64.56,65.12],[-65.11,65.46],[-65.4,65.76],[-65.18,65.94],[-64.85,66.02],[-64.45,66.32],[-64.66,66.29],[-65.0,66.08],[-65.31,66.01],[-65.83,66.0],[-65.94,66.13],[-66.48,66.28],[-66.79,66.56],[-67.32,66.52],[-67.31,66.3],[-67.87,66.49],[-67.7,66.27],[-67.18,66.03],[-67.55,65.92],[-67.83,65.97],[-68.46,66.25],[-68.75,66.2],[-68.22,66.08],[-68.26,65.94],[-67.87,65.77],[-67.91,65.56],[-67.57,65.64],[-67.12,65.44],[-67.33,65.36],[-66.67,64.97],[-66.22,64.85],[-66.15,64.73],[-65.94,64.89],[-65.27,64.63],[-65.51,64.53],[-65.07,64.44],[-65.35,64.23],[-65.01,64.01],[-64.68,64.03],[-64.41,63.71],[-64.56,63.68],[-64.51,63.26],[-64.7,63.27],[-64.89,63.55],[-65.19,63.76],[-65.0,63.33],[-65.07,63.26],[-64.67,62.92],[-65.16,62.93],[-65.11,62.63],[-65.57,62.87],[-65.86,62.92],[-66.22,63.11],[-66.41,63.03],[-66.65,63.26],[-66.64,63.08],[-67.18,63.31],[-67.89,63.73],[-67.72,63.42],[-68.49,63.73],[-68.91,63.7],[-68.14,63.17],[-67.68,63.09],[-66.98,62.7],[-66.64,62.6],[-66.28,62.3],[-65.98,62.21],[-66.13,62.1],[-66.06,61.91],[-66.26,61.87],[-67.44,62.15],[-68.54,62.26],[-69.08,62.41],[-69.55,62.74],[-70.24,62.76],[-71.25,63.04],[-71.62,63.19],[-71.97,63.43],[-71.46,63.51],[-71.73,63.71],[-72.22,63.71],[-72.16,63.89],[-72.45,63.82],[-72.64,63.99],[-73.44,64.42],[-73.27,64.58],[-73.91,64.58],[-74.1,64.44],[-74.13,64.61],[-74.51,64.67],[-74.63,64.82],[-74.92,64.79],[-74.64,64.56],[-75.07,64.46],[-75.72,64.52],[-75.77,64.39],[-76.12,64.38],[-76.72,64.24],[-77.28,64.28],[-77.79,64.37],[-78.17,64.62],[-78.1,64.94],[-77.88,65.07],[-77.36,65.2],[-77.46,65.33],[-77.33,65.45],[-76.48,65.37],[-75.83,65.23],[-75.5,65.01],[-75.36,65.01],[-75.77,65.26],[-75.71,65.32],[-75.17,65.28],[-75.05,65.36],[-74.39,65.4],[-74.24,65.48],[-73.55,65.49],[-73.75,65.77],[-74.03,65.88],[-74.43,66.14],[-74.37,66.21],[-73.03,66.73],[-72.79,67.03],[-72.36,67.13],[-72.22,67.25],[-72.58,67.66],[-73.06,68.11],[-73.33,68.27],[-73.31,68.37],[-73.64,68.29],[-73.88,68.43],[-73.85,68.7],[-74.12,68.7],[-73.99,68.55],[-74.27,68.54],[-74.65,68.71],[-74.85,69.07],[-75.21,68.91],[-75.62,68.89],[-76.4,68.69],[-76.62,68.72],[-76.56,69.01],[-75.95,69.03],[-75.67,69.16],[-75.79,69.32],[-76.41,69.44],[-76.51,69.68],[-76.74,69.57],[-77.13,69.65],[-76.87,69.75],[-76.96,69.82],[-77.59,69.85],[-77.72,70.17],[-77.84,70.25],[-78.28,70.23],[-78.62,70.35],[-79.07,70.6],[-79.4,70.44],[-79.02,70.33],[-78.81,70.18],[-78.89,69.98],[-79.62,69.89],[-80.16,70.0],[-81.1,70.09],[-81.65,70.09],[-81.2,69.98],[-80.92,69.85],[-80.92,69.73],[-81.56,69.94],[-82.14,69.84],[-82.49,69.87],[-83.15,70.01],[-83.86,69.96],[-84.52,70.01],[-85.43,70.11],[-85.78,70.04],[-86.32,70.15],[-86.62,70.4],[-87.17,70.4],[-87.06,70.33],[-87.5,70.33],[-87.9,70.25],[-88.4,70.44],[-88.85,70.52],[-89.21,70.76],[-89.46,71.06],[-88.52,71.03],[-88.04,70.95],[-87.14,71.01],[-87.87,71.21],[-89.08,71.29],[-89.85,71.49],[-90.03,71.95],[-89.66,72.16],[-89.82,72.21],[-89.86,72.41],[-89.36,72.8],[-89.26,73.07],[-88.71,73.4],[-87.72,73.72],[-86.77,73.83],[-85.95,73.85],[-85.11,73.81],[-84.97,73.69],[-85.68,73.46],[-86.09,73.26],[-86.63,72.87],[-86.59,72.66],[-86.32,72.46],[-86.34,72.12],[-86.04,71.77],[-85.02,71.35],[-85.41,71.23],[-85.95,71.16],[-86.59,71.01]]],[[[-61.8,49.09],[-62.22,49.08],[-63.04,49.22],[-63.57,49.4],[-63.88,49.66],[-64.44,49.83],[-64.13,49.94],[-63.29,49.82],[-62.86,49.71],[-61.82,49.28],[-61.8,49.09]]],[[[-63.81,46.47],[-63.68,46.56],[-63.13,46.42],[-62.16,46.49],[-62.02,46.42],[-62.53,46.2],[-62.53,45.98],[-62.88,46.0],[-63.05,46.27],[-63.28,46.15],[-63.64,46.23],[-63.76,46.4],[-64.11,46.43],[-64.11,46.56],[-64.39,46.64],[-64.35,46.77],[-63.99,47.06],[-64.09,46.78],[-63.81,46.47]]],[[[-82.0,62.95],[-82.11,62.65],[-83.02,62.21],[-83.38,62.24],[-83.7,62.16],[-83.9,62.48],[-83.38,62.9],[-82.97,62.87],[-82.71,62.94],[-82.0,62.95]]],[[[-79.55,62.41],[-79.29,62.25],[-79.32,62.03],[-79.67,61.64],[-79.9,61.63],[-80.27,61.82],[-80.26,62.11],[-80.02,62.34],[-79.55,62.41]]],[[[-75.68,68.32],[-75.15,68.23],[-75.13,67.54],[-75.4,67.37],[-75.78,67.28],[-76.69,67.24],[-77.0,67.27],[-77.31,67.71],[-77.23,67.85],[-76.74,68.23],[-76.36,68.32],[-75.68,68.32]]],[[[-79.54,73.65],[-78.29,73.67],[-77.21,73.5],[-76.29,73.08],[-76.09,72.88],[-76.4,72.82],[-77.84,72.9],[-78.31,72.88],[-79.5,72.76],[-79.94,72.86],[-80.18,73.22],[-80.62,73.27],[-80.82,73.38],[-80.76,73.76],[-80.41,73.77],[-79.54,73.65]]],[[[-80.73,52.75],[-81.01,52.76],[-81.84,52.96],[-82.04,53.05],[-81.85,53.19],[-81.14,53.21],[-80.77,52.92],[-80.73,52.75]]],[[[-78.83,56.15],[-78.8,56.38],[-78.67,56.44],[-78.83,56.15]]],[[[-78.94,56.27],[-79.18,55.89],[-79.27,55.92],[-79.18,56.21],[-79.41,55.93],[-79.76,55.81],[-79.5,56.09],[-79.9,55.87],[-80.0,55.93],[-79.52,56.33],[-79.39,56.28],[-79.27,56.6],[-78.96,56.42],[-78.94,56.27]]],[[[-79.98,56.21],[-80.01,56.32],[-79.58,56.47],[-79.98,56.21]]],[[[-89.83,77.27],[-90.23,77.21],[-91.15,77.39],[-91.15,77.61],[-90.84,77.65],[-90.17,77.59],[-89.72,77.44],[-89.83,77.27]]],[[[-104.56,77.14],[-105.22,77.18],[-105.56,77.35],[-106.07,77.73],[-105.59,77.74],[-105.01,77.51],[-104.96,77.42],[-104.54,77.34],[-104.56,77.14]]],[[[-98.79,79.98],[-98.84,79.74],[-99.3,79.78],[-99.52,79.89],[-100.09,79.92],[-100.05,80.09],[-99.73,80.14],[-98.89,80.08],[-98.79,79.98]]],[[[-105.29,72.92],[-106.07,73.2],[-106.18,73.3],[-106.92,73.48],[-106.61,73.7],[-105.51,73.77],[-105.11,73.74],[-104.65,73.61],[-104.58,73.35],[-104.79,73.17],[-105.29,72.92]]],[[[-102.23,76.01],[-102.05,75.93],[-102.58,75.78],[-103.31,75.76],[-103.04,75.92],[-103.2,75.96],[-103.77,75.89],[-103.99,75.93],[-103.8,76.04],[-104.24,76.05],[-104.35,76.18],[-103.1,76.31],[-102.58,76.28],[-102.49,76.1],[-102.23,76.01]]],[[[-104.02,76.58],[-103.72,76.6],[-103.05,76.45],[-103.47,76.33],[-104.27,76.33],[-104.59,76.61],[-104.21,76.67],[-104.02,76.58]]],[[[-118.33,75.58],[-118.82,75.52],[-119.39,75.62],[-118.63,75.91],[-117.75,76.11],[-117.51,76.1],[-117.63,75.97],[-118.33,75.58]]],[[[-113.83,77.75],[-114.29,77.72],[-114.61,77.77],[-115.03,77.97],[-114.33,78.08],[-114.28,78.0],[-113.77,77.9],[-113.83,77.75]]],[[[-130.93,54.48],[-130.91,54.63],[-130.75,54.6],[-130.93,54.48]]],[[[-131.03,51.96],[-131.1,52.15],[-131.01,52.1],[-131.03,51.96]]],[[[-130.24,53.96],[-130.38,53.84],[-130.62,53.94],[-130.4,54.09],[-130.24,53.96]]],[[[-129.85,53.17],[-130.52,53.54],[-130.45,53.63],[-129.94,53.44],[-129.75,53.24],[-129.85,53.17]]],[[[-130.58,54.77],[-130.21,55.03],[-130.35,54.81],[-130.58,54.77]]],[[[-128.55,52.94],[-128.51,52.52],[-128.68,52.29],[-128.75,52.76],[-128.9,52.67],[-129.18,53.02],[-129.03,53.28],[-128.63,53.11],[-128.55,52.94]]],[[[-126.09,49.35],[-126.06,49.26],[-126.23,49.3],[-126.09,49.35]]],[[[-124.15,49.53],[-124.63,49.74],[-124.42,49.73],[-124.15,49.53]]],[[[-126.64,49.61],[-126.94,49.72],[-126.74,49.84],[-126.64,49.61]]],[[[-125.18,50.1],[-125.36,50.31],[-125.2,50.39],[-125.07,50.22],[-125.18,50.1]]],[[[-128.94,52.51],[-129.25,52.72],[-128.99,52.66],[-128.94,52.51]]],[[[-127.92,51.47],[-128.15,51.63],[-128.03,51.71],[-127.92,51.47]]],[[[-128.37,52.4],[-128.44,52.7],[-128.25,52.78],[-128.37,52.4]]],[[[-129.31,52.99],[-129.41,53.02],[-129.45,53.17],[-129.31,52.99]]],[[[-129.17,53.12],[-129.31,53.21],[-129.24,53.33],[-129.17,53.12]]],[[[-123.44,48.75],[-123.52,48.75],[-123.58,48.93],[-123.44,48.75]]],[[[-59.79,43.94],[-60.04,43.91],[-60.12,43.95],[-59.79,43.94]]],[[[-60.96,45.49],[-61.08,45.56],[-60.91,45.57],[-60.96,45.49]]],[[[-61.91,47.28],[-61.92,47.43],[-61.58,47.56],[-61.91,47.28]]],[[[-64.51,47.89],[-64.68,47.75],[-64.66,47.86],[-64.51,47.89]]],[[[-64.48,47.96],[-64.59,47.91],[-64.54,47.98],[-64.48,47.96]]],[[[-66.27,44.29],[-66.32,44.26],[-66.25,44.38],[-66.27,44.29]]],[[[-66.76,44.68],[-66.9,44.63],[-66.84,44.76],[-66.76,44.68]]],[[[-73.57,45.47],[-73.96,45.44],[-73.48,45.7],[-73.57,45.47]]],[[[-73.7,45.59],[-73.86,45.57],[-73.57,45.69],[-73.7,45.59]]],[[[-71.03,46.87],[-71.09,46.9],[-70.88,47.0],[-71.03,46.87]]],[[[-55.54,50.72],[-55.6,50.78],[-55.47,50.8],[-55.54,50.72]]],[[[-54.55,49.59],[-54.79,49.5],[-54.86,49.58],[-54.55,49.59]]],[[[-55.36,51.89],[-55.42,51.9],[-55.27,52.0],[-55.36,51.89]]],[[[-54.09,49.74],[-53.98,49.66],[-54.29,49.6],[-54.09,49.74]]],[[[-54.23,47.44],[-54.32,47.44],[-54.13,47.65],[-54.23,47.44]]],[[[-64.82,62.56],[-64.42,62.49],[-64.66,62.38],[-64.9,62.42],[-64.82,62.56]]],[[[-68.23,60.24],[-68.34,60.36],[-68.09,60.59],[-67.82,60.45],[-68.23,60.24]]],[[[-70.34,62.55],[-70.77,62.6],[-71.13,62.88],[-70.44,62.73],[-70.34,62.55]]],[[[-64.83,61.37],[-65.39,61.56],[-65.43,61.65],[-64.79,61.66],[-64.67,61.59],[-64.83,61.37]]],[[[-65.03,61.88],[-64.85,61.76],[-65.17,61.8],[-65.03,61.88]]],[[[-69.16,59.04],[-69.35,58.96],[-69.33,59.12],[-69.16,59.04]]],[[[-64.41,60.37],[-64.44,60.3],[-64.81,60.41],[-64.65,60.51],[-64.41,60.37]]],[[[-60.99,56.04],[-61.19,56.05],[-61.09,56.14],[-60.99,56.04]]],[[[-61.74,57.55],[-61.64,57.42],[-62.01,57.55],[-61.74,57.55]]],[[[-67.91,69.54],[-68.2,69.58],[-67.99,69.68],[-67.91,69.54]]],[[[-62.68,67.06],[-62.63,67.18],[-62.4,67.18],[-62.68,67.06]]],[[[-79.06,75.93],[-79.05,75.87],[-79.54,75.83],[-79.7,75.88],[-79.01,76.15],[-78.85,76.11],[-79.06,75.93]]],[[[-79.87,56.77],[-79.94,56.78],[-79.9,56.87],[-79.87,56.77]]],[[[-79.72,57.52],[-79.84,57.48],[-79.73,57.6],[-79.72,57.52]]],[[[-79.52,56.66],[-79.58,56.64],[-79.51,56.77],[-79.52,56.66]]],[[[-79.94,53.3],[-80.04,53.3],[-79.97,53.35],[-79.94,53.3]]],[[[-79.38,51.95],[-79.64,52.01],[-79.27,52.09],[-79.38,51.95]]],[[[-123.37,48.89],[-123.54,48.95],[-123.69,49.1],[-123.37,48.89]]],[[[-124.98,50.03],[-124.99,50.22],[-124.91,50.07],[-124.98,50.03]]],[[[-73.62,67.78],[-74.57,67.83],[-74.71,68.07],[-74.38,68.09],[-73.44,67.97],[-73.41,67.79],[-73.62,67.78]]],[[[-77.88,63.47],[-77.54,63.29],[-77.59,63.19],[-77.94,63.11],[-78.47,63.36],[-78.51,63.45],[-77.88,63.47]]],[[[-94.53,75.75],[-94.79,75.79],[-94.9,75.93],[-94.54,76.0],[-94.3,75.79],[-94.53,75.75]]],[[[-80.29,59.62],[-80.21,59.72],[-80.18,59.68],[-80.29,59.62]]],[[[-80.06,59.77],[-80.04,59.87],[-79.9,59.85],[-80.06,59.77]]],[[[-96.78,72.94],[-97.09,73.0],[-96.86,73.19],[-96.6,73.07],[-96.78,72.94]]],[[[-97.36,74.53],[-97.75,74.51],[-97.42,74.63],[-97.36,74.53]]],[[[-98.27,73.87],[-98.97,73.81],[-99.39,73.88],[-98.9,74.01],[-98.06,74.1],[-97.7,74.11],[-97.75,74.01],[-98.27,73.87]]],[[[-90.2,69.42],[-90.33,69.25],[-90.49,69.37],[-90.2,69.42]]],[[[-90.49,69.22],[-90.74,69.36],[-90.6,69.37],[-90.49,69.22]]],[[[-74.0,62.62],[-74.63,62.71],[-74.02,62.66],[-74.0,62.62]]],[[[-74.88,68.35],[-75.4,68.53],[-75.29,68.69],[-74.98,68.65],[-74.8,68.46],[-74.88,68.35]]],[[[-78.53,60.73],[-78.61,60.77],[-78.24,60.82],[-78.53,60.73]]],[[[-78.98,68.19],[-79.15,68.34],[-78.83,68.27],[-78.98,68.19]]],[[[-76.68,63.39],[-77.06,63.45],[-77.36,63.59],[-77.13,63.68],[-76.65,63.5],[-76.68,63.39]]],[[[-79.43,69.79],[-79.55,69.63],[-80.05,69.63],[-79.98,69.51],[-80.45,69.65],[-80.78,69.68],[-80.21,69.8],[-79.97,69.74],[-79.43,69.79]]],[[[-78.03,69.71],[-77.97,69.64],[-78.47,69.5],[-78.85,69.48],[-78.58,69.64],[-78.03,69.71]]],[[[-77.64,63.99],[-77.93,63.96],[-77.93,64.01],[-77.64,63.99]]],[[[-83.12,66.28],[-82.93,66.26],[-83.06,66.2],[-83.12,66.28]]],[[[-79.21,68.85],[-79.41,68.92],[-79.24,69.05],[-78.9,69.14],[-78.6,69.37],[-78.23,69.3],[-78.85,68.92],[-79.21,68.85]]],[[[-77.0,69.14],[-77.22,69.14],[-77.38,69.27],[-77.19,69.44],[-76.67,69.37],[-77.0,69.14]]],[[[-86.91,70.11],[-86.61,70.11],[-86.73,69.98],[-87.19,70.02],[-87.32,70.1],[-86.91,70.11]]],[[[-83.73,65.8],[-83.23,65.72],[-83.38,65.63],[-83.7,65.76],[-84.12,65.77],[-84.14,65.92],[-84.41,66.13],[-83.7,65.92],[-83.73,65.8]]],[[[-86.6,67.74],[-86.86,67.81],[-86.96,68.1],[-86.7,68.31],[-86.45,68.23],[-86.38,67.93],[-86.6,67.74]]],[[[-84.67,65.58],[-84.78,65.57],[-85.14,65.82],[-85.15,66.02],[-84.94,66.01],[-84.6,65.66],[-84.67,65.58]]],[[[-93.04,61.84],[-93.2,61.92],[-93.08,61.94],[-93.04,61.84]]],[[[-101.23,76.58],[-101.61,76.6],[-100.96,76.73],[-100.27,76.73],[-101.23,76.58]]],[[[-103.0,78.15],[-103.11,78.25],[-102.79,78.22],[-103.0,78.15]]],[[[-101.69,77.7],[-102.38,77.73],[-102.45,77.88],[-101.64,77.89],[-101.13,77.81],[-101.0,77.74],[-101.69,77.7]]],[[[-89.73,76.51],[-90.05,76.5],[-90.56,76.73],[-90.52,76.79],[-89.95,76.84],[-89.7,76.74],[-89.73,76.51]]],[[[-96.08,75.51],[-96.46,75.49],[-96.86,75.37],[-96.98,75.51],[-96.37,75.65],[-95.96,75.55],[-96.08,75.51]]],[[[-95.31,74.51],[-95.85,74.58],[-95.51,74.64],[-95.31,74.51]]],[[[-121.08,75.75],[-121.24,75.75],[-120.88,75.91],[-121.08,75.75]]],[[[-113.56,76.74],[-113.71,76.71],[-114.75,76.76],[-114.42,76.88],[-113.89,76.89],[-113.52,76.83],[-113.56,76.74]]],[[[-104.12,75.04],[-104.63,75.06],[-104.89,75.15],[-104.65,75.35],[-104.35,75.43],[-103.8,75.35],[-103.64,75.16],[-104.12,75.04]]],[[[-100.22,68.81],[-100.62,68.78],[-100.61,68.99],[-100.41,69.03],[-100.22,68.81]]],[[[-99.99,69.01],[-100.24,69.04],[-100.15,69.13],[-99.99,69.01]]],[[[-100.31,70.5],[-100.65,70.56],[-100.64,70.67],[-100.28,70.59],[-100.31,70.5]]],[[[-95.51,69.57],[-95.5,69.35],[-95.73,69.35],[-95.7,69.54],[-95.89,69.35],[-95.94,69.57],[-95.51,69.57]]],[[[-101.17,69.4],[-101.35,69.56],[-101.0,69.46],[-101.17,69.4]]],[[[-101.85,68.59],[-102.27,68.66],[-102.01,68.83],[-101.72,68.72],[-101.85,68.59]]],[[[-104.54,68.41],[-105.04,68.53],[-104.91,68.58],[-104.47,68.5],[-104.54,68.41]]],[[[-107.9,67.4],[-108.15,67.43],[-107.99,67.62],[-107.9,67.4]]],[[[-109.17,67.98],[-108.97,67.98],[-108.92,67.88],[-109.17,67.98]]],[[[-108.09,67.01],[-107.81,67.0],[-107.94,66.86],[-108.09,67.01]]],[[[-109.32,67.99],[-109.5,68.05],[-109.47,68.1],[-109.32,67.99]]],[[[-139.04,69.58],[-139.29,69.6],[-139.14,69.65],[-139.04,69.58]]]],"type":"MultiPolygon"},"id":"CAN","properties":{"id":"CAN","name":"Canada"},"type":"Feature"},{"geometry":{"coordinates":[[[8.56,4.76],[8.8,5.2],[8.94,5.78],[9.06,6.01],[9.66,6.53],[9.78,6.76],[10.14,7.0],[10.21,6.89],[10.48,6.89],[10.61,7.06],[11.03,6.7],[11.15,6.44],[11.55,6.7],[11.58,6.89],[11.86,7.12],[11.77,7.27],[12.02,7.59],[12.23,8.28],[12.4,8.6],[12.58,8.62],[12.81,8.89],[12.93,9.43],[13.18,9.54],[13.27,10.04],[13.41,10.17],[13.54,10.61],[13.89,11.14],[14.56,11.49],[14.63,12.11],[14.52,12.3],[14.2,12.38],[14.06,13.08],[14.52,12.98],[14.54,12.82],[14.76,12.66],[15.08,11.85],[15.12,11.54],[15.03,11.11],[15.07,10.85],[15.28,10.36],[15.65,10.01],[14.84,9.94],[14.24,9.98],[13.98,9.69],[14.33,9.2],[15.12,8.56],[15.53,7.6],[15.25,7.26],[15.03,6.78],[14.74,6.28],[14.43,6.04],[14.62,5.87],[14.56,5.28],[14.64,5.18],[14.71,4.67],[15.02,4.36],[15.14,4.07],[15.13,3.83],[15.78,3.13],[16.06,2.91],[16.18,2.27],[16.08,2.11],[16.14,1.72],[16.06,1.68],[15.74,1.91],[14.9,2.01],[14.58,2.2],[14.48,2.15],[13.29,2.16],[13.22,2.26],[12.36,2.3],[11.35,2.3],[11.33,2.17],[9.98,2.17],[9.8,2.3],[9.95,3.08],[9.88,3.31],[9.56,3.8],[9.74,3.85],[9.48,4.07],[9.43,3.92],[9.0,4.09],[8.92,4.55],[8.57,4.53],[8.56,4.76]]],"type":"Polygon"},"id":"CMR","properties":{"id":"CMR","name":"Cameroon"},"type":"Feature"},{"geometry":{"coordinates":[[[[103.05,11.29],[102.99,11.29],[103.04,11.39],[103.05,11.29]]],[[[103.32,10.72],[103.28,10.68],[103.22,10.78],[103.32,10.72]]],[[[107.52,14.71],[107.33,14.13],[107.61,13.44],[107.48,13.03],[107.56,12.54],[107.39,12.26],[107.16,12.28],[106.93,12.08],[106.41,11.95],[106.4,11.69],[106.01,11.76],[105.85,11.64],[105.86,11.29],[106.17,11.01],[106.16,10.79],[105.85,10.86],[105.76,10.99],[105.39,10.94],[105.31,10.85],[105.02,10.89],[105.06,10.73],[104.85,10.53],[104.43,10.41],[104.26,10.54],[103.94,10.59],[103.66,10.51],[103.53,10.6],[103.72,10.89],[103.53,11.15],[103.35,10.92],[103.15,10.91],[103.13,11.46],[102.74,12.09],[102.76,12.43],[102.5,12.67],[102.46,13.02],[102.33,13.29],[102.32,13.54],[102.55,13.59],[102.91,14.14],[103.2,14.33],[103.6,14.42],[103.82,14.36],[104.41,14.37],[104.78,14.43],[105.07,14.23],[105.18,14.35],[105.35,14.11],[105.53,14.16],[105.9,13.92],[106.12,14.05],[105.98,14.34],[106.35,14.45],[106.5,14.58],[106.82,14.31],[107.11,14.42],[107.52,14.71]]]],"type":"MultiPolygon"},"id":"KHM","properties":{"id":"KHM","name":"Cambodia"},"type":"Feature"},{"geometry":{"coordinates":[[[[100.12,20.32],[99.89,20.42],[99.64,20.32],[99.46,20.36],[99.5,20.19],[99.02,20.04],[98.92,19.77],[98.24,19.69],[98.02,19.75],[97.82,19.46],[97.8,19.13],[97.71,18.93],[97.75,18.62],[97.48,18.49],[97.72,18.04],[97.79,17.68],[98.44,16.98],[98.48,16.73],[98.69,16.31],[98.84,16.42],[98.82,16.18],[98.59,16.05],[98.57,15.4],[98.19,15.2],[98.25,14.81],[98.57,14.36],[98.93,14.05],[99.14,13.72],[99.18,13.23],[99.11,13.1],[99.22,12.74],[99.41,12.55],[99.46,12.19],[99.61,11.78],[99.19,11.11],[98.76,10.66],[98.7,10.19],[98.56,10.03],[98.46,10.68],[98.68,10.99],[98.74,11.59],[98.88,11.72],[98.64,11.74],[98.7,12.23],[98.58,13.16],[98.25,13.73],[98.15,13.65],[98.1,14.16],[97.81,14.86],[97.71,15.88],[97.58,16.02],[97.63,16.46],[97.73,16.57],[97.38,16.52],[97.18,17.06],[96.97,17.32],[96.91,17.03],[96.62,16.56],[95.76,16.17],[95.68,15.98],[95.39,15.72],[95.33,16.03],[95.18,15.83],[94.94,15.82],[94.89,16.18],[94.66,15.9],[94.72,16.4],[94.44,16.09],[94.22,16.02],[94.27,16.52],[94.35,16.64],[94.59,17.57],[94.43,18.2],[94.09,18.85],[94.04,19.29],[93.93,18.9],[93.71,19.03],[93.49,19.37],[93.82,19.24],[94.0,19.44],[93.36,20.06],[93.16,20.04],[93.13,19.86],[93.0,20.07],[93.07,20.38],[92.88,20.15],[92.89,20.34],[92.71,20.56],[92.72,20.3],[92.32,20.79],[92.18,21.29],[92.33,21.44],[92.63,21.31],[92.58,21.94],[92.69,22.13],[92.96,22.0],[93.16,22.36],[93.08,22.72],[93.16,23.03],[93.37,23.13],[93.41,23.68],[93.31,24.02],[93.68,24.01],[94.13,23.88],[94.29,24.32],[94.71,25.05],[94.55,25.24],[94.62,25.41],[94.99,25.77],[95.13,26.04],[95.06,26.47],[95.13,26.6],[95.91,27.05],[96.06,27.22],[96.67,27.34],[97.04,27.1],[97.1,27.16],[96.9,27.44],[96.9,27.64],[97.34,27.94],[97.32,28.22],[97.54,28.51],[97.86,28.36],[98.1,28.14],[98.3,27.55],[98.5,27.65],[98.65,27.57],[98.73,26.58],[98.63,25.83],[98.33,25.59],[98.17,25.59],[97.92,25.24],[97.82,25.25],[97.72,24.84],[97.58,24.77],[97.53,24.49],[97.67,24.38],[97.69,24.13],[97.56,23.91],[98.02,24.07],[98.5,24.12],[98.83,24.09],[98.68,23.84],[98.83,23.62],[98.86,23.19],[99.34,23.1],[99.51,22.96],[99.39,22.83],[99.34,22.5],[99.19,22.13],[99.92,22.03],[99.98,21.7],[100.21,21.46],[100.53,21.46],[101.08,21.76],[101.08,21.47],[100.76,21.31],[100.52,20.92],[100.18,20.59],[100.12,20.32]]],[[[98.21,10.95],[98.29,10.78],[98.16,10.9],[98.21,10.95]]],[[[98.18,9.93],[98.22,10.05],[98.28,10.01],[98.18,9.93]]],[[[98.22,11.48],[98.2,11.57],[98.31,11.72],[98.22,11.48]]],[[[98.52,11.91],[98.45,12.06],[98.61,11.96],[98.52,11.91]]],[[[98.55,11.74],[98.53,11.54],[98.38,11.79],[98.55,11.74]]],[[[98.41,12.6],[98.31,12.34],[98.31,12.68],[98.41,12.6]]],[[[98.14,12.15],[98.04,12.23],[98.12,12.28],[98.14,12.15]]],[[[94.48,15.95],[94.39,15.99],[94.6,16.21],[94.48,15.95]]],[[[97.58,16.25],[97.47,16.46],[97.6,16.43],[97.58,16.25]]],[[[93.69,18.68],[93.49,18.87],[93.74,18.87],[93.69,18.68]]],[[[93.49,19.89],[93.51,19.75],[93.41,19.95],[93.49,19.89]]],[[[93.71,19.56],[93.95,19.43],[93.76,19.33],[93.71,19.56]]],[[[98.54,10.96],[98.48,10.98],[98.53,11.09],[98.54,10.96]]],[[[98.08,11.69],[98.02,11.7],[98.01,11.86],[98.08,11.69]]],[[[98.07,12.39],[98.0,12.28],[97.94,12.35],[98.07,12.39]]],[[[98.32,13.1],[98.31,12.93],[98.25,13.19],[98.32,13.1]]],[[[94.8,15.82],[94.73,15.82],[94.83,15.93],[94.8,15.82]]],[[[93.01,19.92],[92.91,20.0],[92.91,20.09],[93.01,19.92]]]],"type":"MultiPolygon"},"id":"MMR","properties":{"id":"MMR","name":"Myanmar"},"type":"Feature"},{"geometry":{"coordinates":[[[30.55,-2.4],[30.42,-2.64],[30.52,-2.92],[30.78,-2.98],[30.79,-3.27],[30.43,-3.59],[30.15,-4.09],[29.72,-4.46],[29.4,-4.45],[29.22,-3.91],[29.22,-3.05],[29.02,-2.8],[29.06,-2.6],[29.39,-2.81],[29.87,-2.72],[29.93,-2.34],[30.14,-2.41],[30.41,-2.31],[30.55,-2.4]]],"type":"Polygon"},"id":"BDI","properties":{"id":"BDI","name":"Burundi"},"type":"Feature"},{"geometry":{"coordinates":[[[0.9,10.99],[0.48,10.99],[-0.3,11.17],[-0.65,10.93],[-0.7,10.99],[-2.83,11.0],[-2.91,10.59],[-2.79,10.43],[-2.77,9.66],[-2.82,9.43],[-3.22,9.9],[-3.88,9.89],[-4.33,9.65],[-4.63,9.71],[-4.97,9.93],[-5.1,10.24],[-5.52,10.43],[-5.46,10.77],[-5.49,11.04],[-5.3,11.21],[-5.23,11.52],[-5.29,11.83],[-5.11,11.97],[-4.8,12.03],[-4.43,12.34],[-4.48,12.67],[-4.23,12.79],[-4.33,13.12],[-4.05,13.38],[-3.85,13.37],[-3.58,13.19],[-3.3,13.28],[-3.2,13.67],[-2.92,13.68],[-2.87,13.95],[-2.46,14.27],[-2.11,14.17],[-1.97,14.46],[-1.77,14.49],[-1.05,14.82],[-0.76,15.05],[-0.24,15.06],[0.22,14.91],[0.16,14.5],[0.38,14.25],[0.35,14.14],[0.62,13.7],[0.98,13.55],[1.2,13.36],[0.99,13.36],[0.99,13.04],[1.56,12.64],[1.79,12.61],[2.07,12.71],[2.23,12.47],[2.09,12.28],[2.39,11.9],[2.29,11.69],[1.98,11.42],[1.43,11.45],[0.9,10.99]]],"type":"Polygon"},"id":"BFA","properties":{"id":"BFA","name":"Burkina Faso"},"type":"Feature"},{"geometry":{"coordinates":[[[28.01,41.97],[27.53,41.92],[27.29,42.08],[26.62,41.96],[26.51,41.83],[26.07,41.67],[26.16,41.43],[25.25,41.24],[24.52,41.55],[24.06,41.53],[23.64,41.39],[22.92,41.34],[23.01,41.72],[22.84,41.99],[22.34,42.31],[22.52,42.44],[22.47,42.84],[22.71,42.88],[22.98,43.19],[22.55,43.45],[22.39,43.71],[22.42,44.01],[22.71,44.24],[23.03,44.08],[22.92,43.83],[23.22,43.87],[24.23,43.76],[24.43,43.79],[25.5,43.67],[25.82,43.77],[26.22,44.01],[27.09,44.17],[27.43,44.02],[27.88,43.99],[28.05,43.82],[28.59,43.74],[28.47,43.39],[28.13,43.4],[27.93,43.19],[27.89,42.75],[27.48,42.47],[27.71,42.35],[28.01,41.97]]],"type":"Polygon"},"id":"BGR","properties":{"id":"BGR","name":"Bulgaria"},"type":"Feature"},{"geometry":{"coordinates":[[[[115.14,4.9],[115.33,4.38],[115.11,4.39],[115.03,4.9],[115.14,4.9]]],[[[115.03,4.9],[114.75,4.72],[114.84,4.39],[114.61,4.02],[114.06,4.59],[114.3,4.61],[115.0,5.02],[115.03,4.9]]]],"type":"MultiPolygon"},"id":"BRN","properties":{"id":"BRN","name":"Brunei"},"type":"Feature"},{"geometry":{"coordinates":[[[[-66.88,1.22],[-66.3,0.75],[-66.06,0.79],[-65.68,0.98],[-65.47,0.69],[-65.1,1.11],[-64.73,1.25],[-64.49,1.45],[-64.3,1.46],[-64.11,1.62],[-64.04,1.9],[-63.39,2.22],[-63.39,2.41],[-63.92,2.45],[-64.05,2.53],[-64.04,2.8],[-64.22,3.2],[-64.22,3.59],[-64.57,3.9],[-64.82,4.23],[-64.58,4.14],[-64.26,4.14],[-64.02,3.93],[-63.29,3.92],[-62.97,3.59],[-62.76,3.67],[-62.71,4.02],[-62.41,4.16],[-62.15,4.1],[-61.55,4.29],[-61.28,4.52],[-61.0,4.54],[-60.6,4.99],[-60.74,5.2],[-60.14,5.24],[-59.99,5.08],[-60.03,4.74],[-60.15,4.53],[-59.7,4.38],[-59.74,4.23],[-59.55,3.93],[-59.85,3.59],[-59.83,3.35],[-59.97,2.99],[-59.99,2.69],[-59.89,2.36],[-59.76,2.27],[-59.76,1.9],[-59.23,1.38],[-58.86,1.2],[-58.51,1.28],[-58.34,1.59],[-58.03,1.52],[-57.98,1.65],[-57.59,1.7],[-57.41,1.91],[-57.12,2.01],[-56.84,1.88],[-56.48,1.94],[-56.02,1.84],[-55.92,2.04],[-56.13,2.3],[-55.94,2.52],[-55.73,2.41],[-55.39,2.44],[-54.98,2.6],[-54.52,2.25],[-54.13,2.12],[-53.77,2.35],[-53.51,2.25],[-53.33,2.34],[-53.23,2.2],[-52.96,2.18],[-52.7,2.36],[-51.99,3.7],[-51.65,4.06],[-51.55,4.31],[-51.22,4.09],[-51.08,3.67],[-51.05,3.28],[-50.68,2.21],[-50.46,1.83],[-49.96,1.66],[-49.9,1.16],[-50.29,0.84],[-50.82,0.17],[-51.28,-0.09],[-51.4,-0.39],[-51.7,-0.76],[-51.72,-1.02],[-52.02,-1.4],[-52.23,-1.36],[-52.66,-1.55],[-51.95,-1.59],[-51.3,-1.22],[-50.89,-0.94],[-50.92,-1.12],[-50.69,-1.76],[-50.4,-2.02],[-50.0,-1.83],[-49.72,-1.93],[-49.31,-1.73],[-49.55,-2.52],[-49.52,-2.6],[-49.21,-1.92],[-48.99,-1.83],[-48.71,-1.49],[-48.46,-1.61],[-48.45,-1.15],[-48.12,-0.74],[-47.4,-0.63],[-46.81,-0.78],[-46.62,-0.97],[-46.22,-1.03],[-45.64,-1.35],[-45.46,-1.36],[-45.33,-1.72],[-45.08,-1.47],[-44.79,-1.72],[-44.65,-1.75],[-44.54,-2.05],[-44.76,-2.27],[-44.66,-2.37],[-44.44,-2.17],[-44.38,-2.37],[-44.52,-2.41],[-44.72,-3.14],[-44.44,-2.94],[-44.31,-2.54],[-44.11,-2.49],[-44.19,-2.81],[-43.93,-2.58],[-43.46,-2.5],[-43.38,-2.38],[-42.94,-2.47],[-42.25,-2.79],[-41.88,-2.75],[-41.64,-2.88],[-41.32,-2.94],[-40.47,-2.8],[-39.96,-2.86],[-39.01,-3.39],[-38.69,-3.65],[-38.48,-3.72],[-38.05,-4.22],[-37.63,-4.59],[-37.3,-4.71],[-37.17,-4.91],[-36.59,-5.1],[-35.98,-5.05],[-35.55,-5.13],[-35.39,-5.25],[-35.24,-5.57],[-35.1,-6.19],[-34.99,-6.39],[-34.81,-7.29],[-34.88,-7.75],[-34.83,-7.97],[-35.16,-8.93],[-35.34,-9.23],[-35.85,-9.77],[-36.4,-10.48],[-36.94,-10.82],[-37.41,-11.5],[-37.69,-12.1],[-38.24,-12.84],[-38.5,-12.96],[-38.69,-12.62],[-38.85,-12.79],[-38.76,-12.91],[-38.84,-13.15],[-39.03,-13.37],[-39.09,-13.59],[-39.01,-14.1],[-38.94,-14.03],[-39.06,-14.65],[-39.0,-15.25],[-38.88,-15.86],[-39.13,-16.76],[-39.22,-17.32],[-39.15,-17.7],[-39.49,-17.99],[-39.65,-18.25],[-39.74,-18.64],[-39.7,-19.28],[-39.84,-19.65],[-40.0,-19.74],[-40.3,-20.29],[-40.4,-20.57],[-40.79,-20.91],[-41.05,-21.51],[-40.99,-21.92],[-41.12,-22.08],[-41.71,-22.31],[-41.98,-22.58],[-42.04,-22.95],[-42.96,-22.97],[-43.09,-22.72],[-43.23,-22.75],[-43.22,-22.99],[-43.9,-23.1],[-43.68,-23.01],[-43.87,-22.91],[-44.15,-23.01],[-44.64,-23.06],[-44.57,-23.27],[-44.95,-23.38],[-45.42,-23.69],[-45.46,-23.8],[-45.97,-23.8],[-46.87,-24.24],[-47.14,-24.49],[-47.88,-25.0],[-47.93,-25.17],[-48.2,-25.42],[-48.4,-25.27],[-48.48,-25.44],[-48.69,-25.49],[-48.4,-25.6],[-48.55,-25.82],[-48.68,-26.7],[-48.55,-27.2],[-48.64,-27.56],[-48.62,-28.08],[-48.8,-28.58],[-49.27,-28.87],[-49.75,-29.36],[-50.03,-29.8],[-50.3,-30.43],[-50.62,-30.9],[-51.15,-31.48],[-51.8,-31.9],[-52.04,-32.11],[-52.06,-31.83],[-51.68,-31.77],[-51.17,-31.34],[-51.16,-31.12],[-50.98,-31.09],[-50.94,-30.9],[-50.69,-30.7],[-50.65,-30.24],[-50.93,-30.37],[-51.18,-30.21],[-51.16,-30.36],[-51.36,-30.67],[-51.46,-31.05],[-51.97,-31.38],[-52.19,-31.89],[-52.13,-32.17],[-52.34,-32.44],[-52.65,-33.14],[-53.37,-33.74],[-53.54,-33.62],[-53.53,-33.17],[-53.13,-32.74],[-53.6,-32.4],[-53.76,-32.06],[-54.22,-31.86],[-54.59,-31.49],[-55.25,-31.23],[-55.56,-30.88],[-56.0,-31.08],[-56.0,-30.84],[-56.18,-30.63],[-56.83,-30.11],[-57.12,-30.14],[-57.21,-30.28],[-57.61,-30.19],[-57.22,-29.78],[-56.94,-29.59],[-56.23,-28.74],[-55.86,-28.35],[-55.69,-28.38],[-55.73,-28.2],[-55.1,-27.87],[-54.83,-27.55],[-54.33,-27.42],[-53.84,-27.12],[-53.67,-26.23],[-53.89,-25.67],[-54.15,-25.52],[-54.44,-25.63],[-54.62,-25.58],[-54.47,-25.22],[-54.24,-24.05],[-54.63,-23.81],[-54.98,-23.97],[-55.37,-23.99],[-55.54,-23.58],[-55.52,-23.42],[-55.65,-22.81],[-55.62,-22.67],[-55.85,-22.31],[-56.19,-22.28],[-56.39,-22.09],[-56.63,-22.23],[-56.94,-22.27],[-57.96,-22.11],[-57.83,-21.0],[-58.0,-20.47],[-58.16,-20.16],[-57.86,-19.98],[-58.13,-19.74],[-57.8,-19.08],[-57.57,-18.28],[-57.59,-18.12],[-57.83,-17.51],[-57.99,-17.51],[-58.4,-17.23],[-58.47,-16.65],[-58.35,-16.28],[-58.54,-16.33],[-60.18,-16.27],[-60.24,-15.48],[-60.58,-15.1],[-60.27,-15.09],[-60.3,-14.62],[-60.47,-14.18],[-60.4,-14.02],[-60.51,-13.79],[-61.08,-13.49],[-61.79,-13.53],[-62.18,-13.13],[-62.77,-13.0],[-63.07,-12.67],[-63.35,-12.68],[-63.59,-12.52],[-63.94,-12.53],[-64.42,-12.44],[-64.51,-12.25],[-64.99,-11.98],[-65.32,-11.44],[-65.39,-11.18],[-65.32,-11.02],[-65.44,-10.59],[-65.31,-10.25],[-65.31,-9.87],[-65.4,-9.71],[-66.26,-9.83],[-66.73,-9.98],[-67.11,-10.27],[-67.58,-10.51],[-67.72,-10.68],[-68.07,-10.7],[-68.4,-11.02],[-68.73,-11.12],[-68.85,-11.01],[-69.23,-10.96],[-69.96,-10.93],[-70.39,-11.06],[-70.64,-11.01],[-70.64,-9.48],[-71.24,-9.97],[-72.18,-10.0],[-72.38,-9.51],[-72.81,-9.41],[-73.21,-9.41],[-72.97,-9.12],[-72.97,-8.99],[-73.55,-8.35],[-73.78,-7.94],[-73.72,-7.78],[-74.0,-7.56],[-73.96,-7.38],[-73.72,-7.31],[-73.76,-6.91],[-73.5,-6.68],[-73.24,-6.56],[-73.14,-6.34],[-73.24,-6.1],[-72.98,-5.63],[-72.89,-5.12],[-72.7,-5.07],[-71.84,-4.5],[-70.97,-4.35],[-70.8,-4.17],[-70.4,-4.15],[-70.24,-4.3],[-69.97,-4.3],[-69.4,-1.19],[-69.67,-0.48],[-70.07,-0.14],[-70.05,0.58],[-69.47,0.73],[-69.17,0.64],[-69.16,0.86],[-69.36,1.06],[-69.85,1.06],[-69.85,1.71],[-69.58,1.77],[-69.32,1.72],[-68.18,1.72],[-68.19,1.99],[-67.99,1.75],[-67.82,1.79],[-67.5,2.11],[-67.35,2.09],[-67.09,1.62],[-67.09,1.21],[-66.88,1.22]]],[[[-49.63,-0.23],[-49.12,-0.16],[-48.59,-0.23],[-48.38,-0.35],[-48.54,-0.8],[-48.93,-1.48],[-49.17,-1.41],[-49.23,-1.6],[-49.51,-1.51],[-49.59,-1.71],[-49.81,-1.79],[-50.11,-1.75],[-50.51,-1.79],[-50.6,-1.7],[-50.76,-1.24],[-50.59,-1.07],[-50.78,-1.01],[-50.77,-0.65],[-50.65,-0.27],[-50.25,-0.12],[-49.63,-0.23]]],[[[-44.13,-23.14],[-44.32,-23.21],[-44.24,-23.07],[-44.13,-23.14]]],[[[-48.58,-26.4],[-48.67,-26.29],[-48.5,-26.22],[-48.58,-26.4]]],[[[-45.26,-23.89],[-45.45,-23.9],[-45.3,-23.73],[-45.26,-23.89]]],[[[-44.5,-2.94],[-44.6,-3.04],[-44.57,-2.78],[-44.5,-2.94]]],[[[-38.74,-13.1],[-38.67,-12.88],[-38.6,-12.99],[-38.74,-13.1]]],[[[-38.9,-13.47],[-39.02,-13.45],[-38.91,-13.4],[-38.9,-13.47]]],[[[-44.88,-1.32],[-45.02,-1.37],[-44.98,-1.27],[-44.88,-1.32]]],[[[-49.74,0.27],[-49.84,0.01],[-50.34,0.04],[-50.27,0.23],[-49.74,0.27]]],[[[-50.3,1.94],[-50.46,1.91],[-50.49,2.13],[-50.34,2.14],[-50.3,1.94]]],[[[-50.65,-0.13],[-50.93,-0.33],[-51.0,-0.11],[-50.65,-0.13]]],[[[-49.44,-0.11],[-49.83,-0.09],[-49.71,0.02],[-49.4,0.06],[-49.44,-0.11]]],[[[-50.43,0.14],[-50.62,0.05],[-50.35,0.58],[-50.33,0.26],[-50.43,0.14]]],[[[-50.15,0.39],[-50.25,0.59],[-50.06,0.64],[-50.15,0.39]]],[[[-51.83,-1.43],[-51.94,-1.45],[-51.68,-1.09],[-51.68,-0.86],[-51.55,-0.65],[-51.25,-0.54],[-51.16,-0.67],[-51.28,-1.02],[-51.64,-1.34],[-51.83,-1.43]]],[[[-48.49,-27.77],[-48.54,-27.57],[-48.38,-27.45],[-48.49,-27.77]]]],"type":"MultiPolygon"},"id":"BRA","properties":{"id":"BRA","name":"Brazil"},"type":"Feature"},{"geometry":{"coordinates":[[[25.26,-17.79],[25.22,-17.92],[25.49,-18.35],[25.76,-18.65],[26.17,-19.54],[26.68,-19.89],[27.22,-20.15],[27.28,-20.48],[27.7,-20.53],[27.67,-21.06],[28.05,-21.57],[28.53,-21.65],[29.04,-21.81],[29.11,-22.07],[29.36,-22.19],[29.13,-22.21],[28.84,-22.48],[28.21,-22.69],[27.76,-23.2],[27.31,-23.42],[26.99,-23.7],[26.84,-24.24],[26.45,-24.58],[25.91,-24.75],[25.58,-25.61],[25.44,-25.71],[24.75,-25.82],[23.89,-25.6],[23.52,-25.34],[23.27,-25.27],[22.88,-25.46],[22.64,-26.07],[22.22,-26.39],[22.09,-26.58],[21.65,-26.85],[20.74,-26.85],[20.63,-26.44],[20.82,-26.16],[20.79,-25.92],[20.35,-25.03],[19.98,-24.78],[19.98,-22.0],[20.97,-22.0],[20.98,-21.96],[20.97,-18.32],[22.01,-18.2],[23.1,-18.01],[23.3,-18.03],[23.58,-18.45],[24.36,-17.98],[24.53,-18.05],[24.91,-17.82],[25.26,-17.79]]],"type":"Polygon"},"id":"BWA","properties":{"id":"BWA","name":"Botswana"},"type":"Feature"},{"geometry":{"coordinates":[[[19.35,44.88],[19.15,44.53],[19.15,44.3],[19.58,44.04],[19.25,43.97],[19.49,43.7],[19.45,43.56],[18.94,43.5],[19.03,43.29],[18.85,43.35],[18.67,43.23],[18.62,43.03],[18.44,42.97],[18.54,42.67],[18.44,42.56],[17.59,42.94],[17.62,43.04],[17.29,43.31],[17.27,43.45],[16.71,43.78],[16.21,44.22],[16.13,44.47],[15.74,44.77],[15.79,45.18],[16.03,45.19],[16.29,45.01],[16.53,45.22],[16.92,45.28],[17.13,45.17],[17.81,45.08],[18.0,45.14],[18.66,45.08],[18.94,44.87],[19.35,44.88]]],"type":"Polygon"},"id":"BIH","properties":{"id":"BIH","name":"Bosnia and Herz."},"type":"Feature"},{"geometry":{"coordinates":[[[-69.51,-17.51],[-69.62,-17.2],[-69.44,-17.09],[-69.02,-16.64],[-68.91,-16.26],[-69.22,-16.15],[-69.42,-15.6],[-69.17,-15.24],[-69.37,-14.96],[-69.23,-14.6],[-68.88,-14.2],[-69.07,-13.68],[-68.98,-13.5],[-68.98,-12.88],[-68.69,-12.5],[-69.58,-10.95],[-68.85,-11.01],[-68.73,-11.12],[-68.4,-11.02],[-68.07,-10.7],[-67.72,-10.68],[-67.58,-10.51],[-67.11,-10.27],[-66.73,-9.98],[-66.26,-9.83],[-65.4,-9.71],[-65.31,-9.87],[-65.31,-10.25],[-65.44,-10.59],[-65.32,-11.02],[-65.39,-11.18],[-65.32,-11.44],[-64.99,-11.98],[-64.51,-12.25],[-64.42,-12.44],[-63.94,-12.53],[-63.59,-12.52],[-63.35,-12.68],[-63.07,-12.67],[-62.77,-13.0],[-62.18,-13.13],[-61.79,-13.53],[-61.08,-13.49],[-60.51,-13.79],[-60.4,-14.02],[-60.47,-14.18],[-60.3,-14.62],[-60.27,-15.09],[-60.58,-15.1],[-60.24,-15.48],[-60.18,-16.27],[-58.54,-16.33],[-58.35,-16.28],[-58.47,-16.65],[-58.4,-17.23],[-57.99,-17.51],[-57.83,-17.51],[-57.59,-18.12],[-57.57,-18.28],[-57.8,-19.08],[-58.13,-19.74],[-57.86,-19.98],[-58.16,-20.16],[-58.18,-19.82],[-59.09,-19.29],[-60.01,-19.3],[-61.76,-19.65],[-61.92,-20.06],[-62.28,-20.56],[-62.28,-21.07],[-62.63,-22.18],[-62.84,-22.0],[-63.82,-22.01],[-63.98,-22.07],[-64.27,-22.6],[-64.33,-22.83],[-64.61,-22.23],[-65.06,-22.1],[-65.77,-22.1],[-66.22,-21.8],[-66.37,-22.11],[-66.71,-22.22],[-67.19,-22.82],[-67.58,-22.89],[-67.88,-22.82],[-67.88,-22.49],[-67.99,-22.06],[-68.19,-21.62],[-68.2,-21.3],[-68.53,-20.92],[-68.5,-20.61],[-68.75,-20.46],[-68.73,-20.07],[-68.58,-19.86],[-68.7,-19.72],[-68.46,-19.43],[-68.97,-18.97],[-69.09,-18.05],[-69.31,-17.94],[-69.51,-17.51]]],"type":"Polygon"},"id":"BOL","properties":{"id":"BOL","name":"Bolivia"},"type":"Feature"},{"geometry":{"coordinates":[[[91.63,27.76],[91.59,27.56],[91.74,27.44],[91.99,27.45],[92.08,27.29],[91.99,27.1],[92.07,26.91],[91.67,26.8],[90.74,26.77],[90.35,26.89],[90.12,26.75],[89.76,26.7],[89.33,26.85],[89.15,26.82],[88.86,26.96],[88.74,27.18],[88.95,27.46],[89.54,28.11],[89.98,28.31],[90.35,28.24],[90.35,28.08],[90.72,28.07],[91.08,27.97],[91.23,28.07],[91.61,27.95],[91.63,27.76]]],"type":"Polygon"},"id":"BTN","properties":{"id":"BTN","name":"Bhutan"},"type":"Feature"},{"geometry":{"coordinates":[[[1.62,6.22],[1.78,6.29],[1.58,6.69],[1.53,6.99],[1.62,7.0],[1.62,8.27],[1.6,9.05],[1.42,9.29],[1.33,10.0],[0.78,10.36],[0.79,10.71],[0.9,10.99],[1.43,11.45],[1.98,11.42],[2.29,11.69],[2.41,12.0],[2.37,12.22],[2.88,12.37],[3.6,11.7],[3.49,11.4],[3.72,11.08],[3.83,10.61],[3.58,10.27],[3.56,9.91],[3.33,9.78],[3.14,9.45],[3.04,9.08],[2.77,9.05],[2.69,7.87],[2.75,7.4],[2.72,6.98],[2.77,6.71],[2.71,6.37],[1.62,6.22]]],"type":"Polygon"},"id":"BEN","properties":{"id":"BEN","name":"Benin"},"type":"Feature"},{"geometry":{"coordinates":[[[[-89.16,17.81],[-89.13,17.97],[-88.81,17.97],[-88.52,18.45],[-88.13,18.35],[-88.1,18.12],[-88.27,17.61],[-88.2,17.52],[-88.29,17.19],[-88.31,16.63],[-88.56,16.29],[-88.7,16.25],[-88.89,15.89],[-89.24,15.89],[-89.16,17.81]]],[[[-87.95,17.92],[-87.9,18.15],[-87.85,18.14],[-87.95,17.92]]],[[[-87.85,17.42],[-87.93,17.28],[-87.9,17.43],[-87.85,17.42]]]],"type":"MultiPolygon"},"id":"BLZ","properties":{"id":"BLZ","name":"Belize"},"type":"Feature"},{"geometry":{"coordinates":[[[4.23,51.39],[4.5,51.47],[4.82,51.41],[5.03,51.47],[5.1,51.35],[5.48,51.29],[5.83,51.13],[5.64,50.84],[5.99,50.75],[6.24,50.6],[6.36,50.32],[6.11,50.12],[5.98,50.17],[5.74,49.92],[5.88,49.64],[5.51,49.51],[5.28,49.68],[4.87,49.79],[4.86,50.14],[4.55,49.96],[4.18,49.96],[4.17,50.25],[3.67,50.32],[3.63,50.46],[3.27,50.53],[3.11,50.78],[2.84,50.71],[2.67,50.81],[2.52,51.1],[3.35,51.38],[3.9,51.21],[4.23,51.39]]],"type":"Polygon"},"id":"BEL","properties":{"id":"BEL","name":"Belgium"},"type":"Feature"},{"geometry":{"coordinates":[[[31.76,52.1],[30.98,52.05],[30.67,51.81],[30.53,51.6],[30.63,51.36],[30.54,51.27],[30.16,51.48],[29.35,51.38],[29.14,51.62],[28.79,51.51],[28.18,51.61],[27.86,51.59],[27.74,51.48],[27.6,51.6],[27.27,51.61],[27.14,51.75],[26.45,51.81],[25.93,51.91],[25.27,51.94],[24.36,51.87],[23.95,51.59],[23.54,51.62],[23.65,52.04],[23.2,52.26],[23.48,52.55],[23.84,52.66],[23.89,53.03],[23.6,53.6],[23.48,53.94],[24.19,53.95],[24.32,53.89],[24.77,53.97],[24.87,54.15],[25.05,54.13],[25.46,54.29],[25.57,54.14],[25.75,54.16],[25.56,54.31],[25.86,54.92],[26.18,55.0],[26.29,55.14],[26.6,55.13],[26.78,55.27],[26.46,55.34],[26.59,55.67],[27.05,55.83],[27.58,55.8],[27.9,56.08],[28.15,56.14],[28.28,56.06],[28.56,56.09],[28.79,55.94],[29.09,56.02],[29.38,55.94],[29.48,55.68],[29.94,55.85],[30.23,55.85],[30.91,55.57],[30.81,55.28],[30.98,55.05],[30.8,54.78],[31.12,54.65],[31.4,54.2],[31.79,54.06],[31.75,53.81],[32.2,53.78],[32.45,53.69],[32.47,53.55],[32.7,53.34],[32.14,53.09],[31.42,53.2],[31.26,53.02],[31.54,52.8],[31.58,52.31],[31.76,52.1]]],"type":"Polygon"},"id":"BLR","properties":{"id":"BLR","name":"Belarus"},"type":"Feature"},{"geometry":{"coordinates":[[[-59.49,13.08],[-59.65,13.3],[-59.43,13.15],[-59.49,13.08]]],"type":"Polygon"},"id":"BRB","properties":{"id":"BRB","name":"Barbados"},"type":"Feature"},{"geometry":{"coordinates":[[[[89.05,22.09],[88.85,23.04],[88.93,23.19],[88.72,23.25],[88.74,23.44],[88.57,23.67],[88.73,24.23],[88.64,24.33],[88.15,24.49],[88.02,24.63],[88.15,24.91],[88.31,24.88],[88.46,25.19],[88.89,25.19],[88.77,25.49],[88.45,25.57],[88.08,25.89],[88.15,26.09],[88.52,26.52],[88.68,26.29],[88.97,26.25],[89.02,26.41],[89.29,26.04],[89.55,26.01],[89.62,26.22],[89.82,25.94],[89.81,25.31],[90.44,25.16],[92.05,25.17],[92.47,24.94],[92.25,24.9],[92.06,24.37],[91.88,24.2],[91.37,24.09],[91.16,23.66],[91.32,23.1],[91.44,23.2],[91.62,22.98],[91.77,23.11],[91.75,23.29],[91.94,23.5],[91.93,23.69],[92.25,23.68],[92.36,22.93],[92.49,22.69],[92.63,21.31],[92.33,21.44],[92.18,21.29],[92.31,20.79],[92.06,21.17],[92.01,21.68],[91.82,22.23],[91.48,22.88],[91.15,22.61],[90.95,22.6],[90.63,23.09],[90.6,23.59],[90.52,23.35],[90.6,23.13],[90.44,22.75],[90.6,22.44],[90.59,22.26],[90.23,21.83],[90.07,21.89],[90.21,22.16],[89.95,22.02],[89.88,22.39],[89.81,21.98],[89.57,21.77],[89.5,21.91],[89.35,21.72],[89.09,21.87],[89.05,22.09]]],[[[91.15,22.18],[91.04,22.11],[91.08,22.52],[91.15,22.18]]],[[[91.56,22.38],[91.41,22.48],[91.48,22.58],[91.56,22.38]]],[[[90.78,22.09],[90.52,22.07],[90.68,22.33],[90.5,22.84],[90.67,22.81],[90.87,22.48],[90.78,22.09]]],[[[91.87,21.83],[91.82,21.81],[91.85,21.93],[91.87,21.83]]],[[[91.95,21.51],[91.86,21.71],[91.93,21.72],[91.95,21.51]]],[[[90.64,22.96],[90.56,22.98],[90.58,23.04],[90.64,22.96]]]],"type":"MultiPolygon"},"id":"BGD","properties":{"id":"BGD","name":"Bangladesh"},"type":"Feature"},{"geometry":{"coordinates":[[[50.61,25.88],[50.47,25.97],[50.47,26.23],[50.59,26.24],[50.61,25.88]]],"type":"Polygon"},"id":"BHR","properties":{"id":"BHR","name":"Bahrain"},"type":"Feature"},{"geometry":{"coordinates":[[[[-77.66,24.25],[-77.56,24.14],[-77.57,23.74],[-77.77,23.75],[-78.0,24.22],[-77.66,24.25]]],[[[-77.23,25.9],[-77.4,26.02],[-77.25,26.16],[-77.21,26.49],[-77.53,26.9],[-77.07,26.53],[-77.23,25.9]]],[[[-73.03,21.19],[-73.16,20.98],[-73.66,20.94],[-73.52,21.19],[-73.03,21.19]]],[[[-77.74,24.71],[-77.75,24.46],[-78.04,24.29],[-78.44,24.63],[-78.16,25.02],[-78.21,25.19],[-77.98,25.08],[-77.74,24.71]]],[[[-78.49,26.73],[-77.94,26.74],[-78.67,26.51],[-78.8,26.58],[-78.49,26.73]]],[[[-77.35,25.01],[-77.56,25.03],[-77.33,25.08],[-77.35,25.01]]],[[[-74.06,22.72],[-74.27,22.71],[-74.31,22.84],[-74.06,22.72]]],[[[-74.43,24.07],[-74.55,23.97],[-74.53,24.11],[-74.43,24.07]]],[[[-74.21,22.21],[-73.94,22.48],[-73.95,22.72],[-74.21,22.21]]],[[[-76.65,25.49],[-76.34,25.33],[-76.16,25.12],[-76.65,25.49]]],[[[-75.66,23.45],[-75.78,23.47],[-75.95,23.65],[-75.66,23.45]]],[[[-74.84,22.89],[-74.97,23.07],[-75.22,23.17],[-75.16,23.34],[-74.84,22.89]]],[[[-75.31,24.2],[-75.5,24.14],[-75.41,24.27],[-75.31,24.2]]],[[[-73.04,22.43],[-72.89,22.36],[-73.16,22.38],[-73.04,22.43]]],[[[-72.92,21.51],[-73.05,21.46],[-72.99,21.56],[-72.92,21.51]]]],"type":"MultiPolygon"},"id":"BHS","properties":{"id":"BHS","name":"Bahamas"},"type":"Feature"},{"geometry":{"coordinates":[[[[44.82,39.65],[45.03,39.77],[45.17,39.57],[45.46,39.49],[45.75,39.56],[45.77,39.38],[46.11,38.88],[45.48,39.01],[45.14,39.25],[44.82,39.65]]],[[[48.87,38.44],[48.59,38.41],[48.02,38.82],[48.24,38.98],[48.14,39.31],[48.32,39.4],[48.0,39.68],[47.77,39.65],[46.85,39.15],[46.55,38.9],[46.42,39.21],[46.58,39.22],[46.38,39.38],[46.48,39.56],[46.2,39.59],[45.58,39.98],[45.86,40.01],[45.96,40.23],[45.57,40.42],[45.38,40.64],[45.59,40.85],[45.0,41.29],[45.28,41.45],[45.72,41.34],[45.79,41.22],[46.17,41.2],[46.46,41.07],[46.67,41.29],[46.18,41.66],[46.43,41.89],[46.75,41.81],[47.21,41.46],[47.26,41.32],[47.86,41.21],[48.06,41.46],[48.39,41.6],[48.57,41.84],[49.11,41.3],[49.23,41.03],[49.78,40.58],[49.99,40.58],[50.31,40.41],[50.37,40.28],[49.92,40.32],[49.55,40.19],[49.32,39.61],[49.36,39.35],[49.2,39.07],[49.01,39.13],[48.85,38.82],[48.87,38.44]],[[45.55,40.62],[45.5,40.66],[45.48,40.61],[45.55,40.62]]],[[[45.02,41.03],[44.96,41.08],[45.02,41.08],[45.02,41.03]]]],"type":"MultiPolygon"},"id":"AZE","properties":{"id":"AZE","name":"Azerbaijan"},"type":"Feature"},{"geometry":{"coordinates":[[[9.53,47.27],[9.75,47.58],[10.31,47.31],[10.43,47.54],[10.87,47.52],[10.98,47.4],[11.3,47.42],[11.72,47.58],[12.19,47.62],[12.21,47.72],[12.69,47.67],[13.01,47.48],[12.95,47.89],[12.81,48.16],[13.41,48.39],[13.49,48.58],[13.68,48.52],[13.81,48.77],[14.05,48.6],[14.69,48.6],[14.92,48.77],[14.97,48.98],[15.31,48.97],[16.06,48.75],[16.48,48.8],[16.88,48.7],[16.86,48.44],[17.15,48.01],[17.07,47.71],[16.55,47.75],[16.62,47.45],[16.44,47.4],[16.45,47.01],[16.25,46.97],[15.77,46.71],[15.44,46.63],[15.0,46.63],[14.5,46.42],[13.17,46.57],[12.39,46.7],[12.15,46.94],[12.17,47.08],[11.78,46.99],[11.24,46.98],[11.03,46.8],[10.48,46.86],[10.35,46.98],[10.18,46.86],[9.58,47.06],[9.53,47.27]]],"type":"Polygon"},"id":"AUT","properties":{"id":"AUT","name":"Austria"},"type":"Feature"},{"geometry":{"coordinates":[[[[143.18,-11.95],[143.11,-12.3],[143.4,-12.64],[143.59,-13.44],[143.55,-13.74],[143.76,-14.35],[143.96,-14.46],[144.47,-14.23],[144.65,-14.49],[145.29,-14.94],[145.27,-15.48],[145.46,-16.06],[145.43,-16.41],[145.9,-17.07],[146.13,-17.64],[146.03,-18.27],[146.33,-18.55],[146.3,-18.84],[146.48,-19.08],[147.0,-19.26],[147.14,-19.39],[147.42,-19.38],[147.59,-19.62],[147.92,-19.87],[148.6,-20.15],[148.88,-20.48],[148.68,-20.58],[149.2,-21.13],[149.33,-21.48],[149.45,-21.58],[149.6,-22.26],[149.7,-22.44],[149.97,-22.55],[149.94,-22.31],[150.08,-22.16],[150.23,-22.37],[150.54,-22.56],[150.62,-22.37],[150.76,-22.58],[150.78,-23.18],[150.84,-23.46],[151.5,-24.01],[151.9,-24.2],[152.13,-24.6],[152.46,-24.8],[152.65,-25.2],[152.91,-25.43],[152.92,-25.69],[153.16,-25.96],[153.08,-26.3],[153.16,-26.98],[153.12,-27.19],[153.58,-28.24],[153.6,-28.85],[153.35,-29.29],[153.27,-29.89],[153.03,-30.56],[153.05,-30.91],[152.94,-31.43],[152.79,-31.79],[152.56,-32.05],[152.47,-32.44],[152.14,-32.68],[152.16,-32.76],[151.81,-32.9],[151.29,-33.58],[151.28,-33.93],[150.96,-34.3],[150.69,-35.18],[150.57,-35.21],[150.2,-35.83],[150.06,-36.55],[149.96,-36.85],[149.99,-37.26],[149.93,-37.53],[149.3,-37.8],[148.26,-37.83],[147.88,-37.93],[147.4,-38.22],[146.86,-38.66],[146.29,-38.7],[146.47,-38.84],[146.4,-39.15],[146.16,-38.87],[145.94,-38.9],[145.79,-38.67],[145.4,-38.54],[145.54,-38.39],[145.29,-38.24],[144.96,-38.5],[144.72,-38.34],[144.91,-38.34],[145.12,-38.09],[144.89,-37.9],[144.4,-38.14],[144.67,-38.21],[144.1,-38.46],[143.81,-38.7],[143.54,-38.82],[143.23,-38.74],[142.61,-38.45],[142.19,-38.4],[141.73,-38.27],[141.42,-38.36],[141.01,-38.08],[140.63,-38.03],[140.39,-37.9],[140.21,-37.64],[139.78,-37.25],[139.74,-37.06],[139.86,-36.66],[139.55,-36.1],[138.97,-35.58],[139.33,-35.43],[139.19,-35.35],[138.52,-35.64],[138.18,-35.61],[138.4,-35.33],[138.51,-35.02],[138.49,-34.76],[138.09,-34.17],[137.92,-34.46],[137.87,-34.73],[137.69,-35.14],[137.46,-35.13],[136.88,-35.24],[137.01,-34.92],[137.39,-34.91],[137.49,-34.6],[137.49,-34.16],[137.65,-33.86],[137.93,-33.58],[137.85,-33.2],[137.99,-33.09],[137.78,-32.58],[137.79,-32.82],[137.44,-33.19],[137.24,-33.63],[136.43,-34.03],[135.89,-34.66],[136.0,-34.94],[135.65,-34.94],[135.23,-34.58],[135.45,-34.58],[135.19,-33.91],[134.89,-33.63],[134.79,-33.33],[134.61,-33.19],[134.3,-33.17],[134.1,-32.75],[134.23,-32.55],[133.55,-32.18],[133.21,-32.18],[132.76,-31.96],[132.21,-32.01],[131.72,-31.7],[131.14,-31.5],[130.78,-31.6],[130.13,-31.58],[128.95,-31.7],[128.07,-32.07],[127.32,-32.26],[126.78,-32.31],[126.14,-32.26],[125.92,-32.3],[125.46,-32.56],[124.76,-32.88],[124.37,-32.96],[124.13,-33.13],[123.87,-33.6],[123.65,-33.84],[123.21,-33.99],[122.78,-33.89],[122.15,-33.99],[122.06,-33.87],[121.41,-33.83],[120.81,-33.87],[120.42,-33.96],[119.85,-33.97],[119.64,-34.1],[119.45,-34.37],[118.9,-34.48],[118.14,-34.99],[117.58,-35.1],[116.52,-34.99],[115.99,-34.8],[115.73,-34.53],[115.28,-34.3],[115.01,-34.26],[114.99,-33.52],[115.18,-33.64],[115.52,-33.53],[115.68,-33.19],[115.62,-32.67],[115.71,-32.57],[115.74,-31.89],[115.7,-31.69],[115.18,-30.81],[114.99,-30.22],[114.96,-29.43],[114.86,-29.14],[114.63,-28.87],[114.54,-28.54],[114.17,-28.08],[114.03,-27.35],[113.71,-26.85],[113.33,-26.42],[113.39,-26.11],[113.58,-26.56],[113.73,-26.6],[113.85,-26.33],[113.59,-26.1],[113.4,-25.71],[113.54,-25.63],[113.71,-25.83],[113.69,-26.09],[113.88,-26.03],[114.09,-26.39],[114.22,-26.29],[114.21,-25.85],[113.67,-24.98],[113.42,-24.44],[113.42,-24.13],[113.55,-23.73],[113.76,-23.42],[113.79,-23.02],[113.68,-22.64],[113.96,-21.94],[114.12,-21.83],[114.14,-22.48],[114.38,-22.34],[114.6,-21.94],[114.86,-21.74],[115.46,-21.49],[116.01,-21.03],[116.71,-20.65],[117.14,-20.64],[117.41,-20.72],[117.68,-20.64],[118.2,-20.38],[118.75,-20.26],[119.1,-20.0],[119.59,-20.04],[120.2,-19.91],[120.88,-19.67],[121.18,-19.48],[121.49,-19.11],[121.83,-18.48],[122.01,-18.39],[122.36,-18.04],[122.24,-17.97],[122.16,-17.31],[122.43,-16.97],[122.72,-16.79],[122.97,-16.44],[123.14,-16.86],[123.56,-17.52],[123.62,-17.01],[123.83,-17.12],[123.78,-16.87],[123.49,-16.49],[123.73,-16.19],[123.86,-16.38],[124.13,-16.28],[124.45,-16.34],[124.43,-16.1],[124.58,-16.11],[124.65,-15.81],[124.5,-15.97],[124.38,-15.76],[124.44,-15.49],[124.75,-15.29],[125.06,-15.44],[124.84,-15.16],[125.07,-15.03],[125.36,-15.12],[125.18,-14.71],[125.58,-14.48],[125.89,-14.62],[126.02,-14.49],[126.18,-14.0],[126.26,-14.16],[126.4,-14.02],[126.57,-14.16],[126.9,-13.74],[127.29,-13.93],[127.67,-14.2],[127.89,-14.49],[128.2,-14.75],[128.07,-15.33],[128.25,-15.3],[128.18,-15.04],[128.48,-14.79],[129.06,-14.88],[129.22,-15.16],[129.27,-14.87],[129.63,-15.14],[129.64,-14.85],[129.85,-14.83],[129.6,-14.65],[129.7,-14.58],[129.38,-14.39],[129.71,-13.98],[129.84,-13.57],[130.26,-13.3],[130.17,-12.96],[130.4,-12.69],[130.62,-12.65],[130.62,-12.43],[130.87,-12.56],[130.87,-12.37],[131.29,-12.07],[131.44,-12.28],[132.25,-12.19],[132.41,-12.3],[132.63,-12.04],[132.67,-11.65],[132.48,-11.49],[132.13,-11.5],[131.81,-11.27],[131.96,-11.18],[132.2,-11.3],[132.26,-11.2],[132.68,-11.51],[132.86,-11.39],[133.02,-11.45],[133.19,-11.71],[133.53,-11.82],[133.9,-11.83],[134.24,-12.01],[134.54,-12.06],[134.73,-11.98],[135.03,-12.19],[135.22,-12.22],[135.92,-11.83],[135.7,-12.15],[135.94,-12.15],[136.08,-12.42],[136.26,-12.43],[136.27,-12.13],[136.54,-11.96],[136.72,-12.23],[136.95,-12.35],[136.54,-12.78],[136.59,-13.0],[136.46,-13.23],[136.29,-13.14],[135.93,-13.3],[135.99,-13.81],[135.88,-14.15],[135.41,-14.76],[135.53,-15.0],[136.21,-15.4],[136.29,-15.57],[136.7,-15.69],[136.78,-15.89],[137.0,-15.88],[137.7,-16.23],[137.91,-16.48],[138.25,-16.72],[139.01,-16.9],[139.25,-17.33],[139.44,-17.38],[140.04,-17.7],[140.51,-17.62],[140.83,-17.41],[140.97,-17.01],[141.22,-16.65],[141.41,-16.07],[141.45,-15.61],[141.63,-15.06],[141.52,-14.47],[141.59,-14.15],[141.47,-13.8],[141.65,-13.26],[141.61,-12.94],[141.92,-12.8],[141.69,-12.35],[141.95,-11.9],[142.14,-11.27],[142.17,-10.95],[142.46,-10.71],[142.72,-11.01],[142.84,-11.31],[142.87,-11.82],[143.18,-11.95]]],[[[153.08,-25.75],[152.98,-25.55],[153.04,-25.19],[153.24,-24.92],[153.35,-25.06],[153.08,-25.75]]],[[[139.51,-16.57],[139.16,-16.74],[139.29,-16.47],[139.59,-16.4],[139.7,-16.51],[139.51,-16.57]]],[[[136.71,-13.8],[136.89,-14.29],[136.34,-14.21],[136.42,-13.86],[136.7,-13.68],[136.71,-13.8]]],[[[130.46,-11.68],[130.61,-11.82],[130.13,-11.82],[130.15,-11.48],[130.34,-11.34],[130.46,-11.68]]],[[[130.62,-11.38],[131.02,-11.33],[131.27,-11.19],[131.54,-11.44],[131.46,-11.59],[130.95,-11.93],[130.51,-11.62],[130.37,-11.21],[130.62,-11.38]]],[[[113.18,-26.05],[112.96,-25.78],[112.98,-25.52],[113.18,-26.05]]],[[[137.6,-35.74],[138.05,-35.76],[138.01,-35.91],[137.67,-35.9],[137.45,-36.07],[136.76,-36.03],[136.54,-35.89],[136.64,-35.75],[137.33,-35.59],[137.6,-35.74]]],[[[145.49,-38.35],[145.34,-38.42],[145.3,-38.32],[145.49,-38.35]]],[[[145.31,-38.49],[145.13,-38.53],[145.22,-38.46],[145.31,-38.49]]],[[[149.04,-20.29],[148.94,-20.28],[148.98,-20.15],[149.04,-20.29]]],[[[148.94,-20.15],[148.89,-20.14],[148.97,-20.04],[148.94,-20.15]]],[[[151.15,-23.49],[151.3,-23.72],[151.03,-23.53],[151.15,-23.49]]],[[[150.52,-22.32],[150.46,-22.31],[150.49,-22.21],[150.52,-22.32]]],[[[149.93,-22.19],[149.88,-22.07],[149.91,-22.05],[149.93,-22.19]]],[[[153.54,-27.44],[153.45,-27.71],[153.44,-27.41],[153.54,-27.44]]],[[[153.44,-27.32],[153.38,-27.05],[153.47,-27.04],[153.44,-27.32]]],[[[142.27,-10.7],[142.19,-10.76],[142.2,-10.59],[142.27,-10.7]]],[[[142.34,-10.19],[142.28,-10.25],[142.2,-10.2],[142.34,-10.19]]],[[[142.17,-10.15],[142.1,-10.12],[142.15,-10.05],[142.17,-10.15]]],[[[146.28,-18.23],[146.24,-18.45],[146.1,-18.25],[146.28,-18.23]]],[[[136.6,-11.38],[136.78,-11.01],[136.74,-11.19],[136.6,-11.38]]],[[[136.34,-11.6],[136.27,-11.58],[136.45,-11.49],[136.34,-11.6]]],[[[137.09,-15.78],[136.94,-15.71],[137.01,-15.59],[137.09,-15.78]]],[[[136.86,-15.62],[136.85,-15.54],[136.88,-15.5],[136.86,-15.62]]],[[[136.59,-15.63],[136.52,-15.54],[136.61,-15.54],[136.59,-15.63]]],[[[139.46,-17.11],[139.49,-16.99],[139.57,-17.09],[139.46,-17.11]]],[[[136.24,-13.82],[136.12,-13.82],[136.22,-13.66],[136.24,-13.82]]],[[[132.59,-11.3],[132.48,-11.04],[132.58,-10.97],[132.59,-11.3]]],[[[125.2,-14.58],[125.13,-14.64],[125.12,-14.49],[125.2,-14.58]]],[[[124.6,-15.4],[124.48,-15.34],[124.55,-15.27],[124.6,-15.4]]],[[[115.45,-20.79],[115.31,-20.81],[115.43,-20.67],[115.45,-20.79]]],[[[145.04,-40.79],[145.28,-40.77],[145.82,-41.02],[146.32,-41.16],[146.72,-41.08],[146.85,-41.17],[146.99,-40.99],[147.45,-41.0],[147.62,-40.84],[147.97,-40.78],[148.29,-40.95],[148.3,-42.04],[148.21,-41.97],[148.02,-42.26],[147.92,-42.57],[147.98,-43.16],[147.79,-43.22],[147.65,-43.02],[147.8,-42.93],[147.41,-42.89],[146.87,-43.61],[146.55,-43.51],[146.04,-43.55],[145.99,-43.38],[145.49,-42.93],[145.27,-42.54],[145.2,-42.23],[145.47,-42.49],[145.52,-42.35],[145.06,-41.83],[144.78,-41.42],[144.65,-40.98],[144.72,-40.67],[145.04,-40.79]]],[[[143.93,-40.12],[143.84,-39.9],[143.95,-39.58],[144.09,-39.64],[144.14,-39.95],[143.93,-40.12]]],[[[148.0,-39.76],[148.3,-39.99],[148.32,-40.14],[148.11,-40.26],[147.77,-39.87],[148.0,-39.76]]],[[[147.36,-43.4],[147.15,-43.5],[147.28,-43.28],[147.36,-43.4]]],[[[148.1,-42.71],[148.07,-42.59],[148.17,-42.65],[148.1,-42.71]]],[[[147.43,-43.24],[147.3,-43.16],[147.35,-43.08],[147.43,-43.24]]],[[[144.78,-40.51],[144.75,-40.59],[144.71,-40.49],[144.78,-40.51]]],[[[148.33,-40.31],[148.47,-40.43],[148.1,-40.45],[148.33,-40.31]]],[[[148.24,-40.52],[148.19,-40.59],[148.12,-40.52],[148.24,-40.52]]],[[[158.88,-54.71],[158.9,-54.51],[158.96,-54.47],[158.88,-54.71]]]],"type":"MultiPolygon"},"id":"AUS","properties":{"id":"AUS","name":"Australia"},"type":"Feature"},{"geometry":{"coordinates":[[[[105.73,-10.49],[105.7,-10.56],[105.58,-10.51],[105.73,-10.49]]],[[[96.84,-12.18],[96.87,-12.19],[96.85,-12.2],[96.84,-12.18]]],[[[96.92,-12.19],[96.89,-12.19],[96.93,-12.17],[96.92,-12.19]]]],"type":"MultiPolygon"},"id":"IOA","properties":{"id":"IOA","name":"Indian Ocean Ter."},"type":"Feature"},{"geometry":{"coordinates":[[[73.71,-53.14],[73.47,-53.18],[73.25,-52.98],[73.84,-53.11],[73.71,-53.14]]],"type":"Polygon"},"id":"HMD","properties":{"id":"HMD","name":"Heard I. and McDonald Is."},"type":"Feature"},{"geometry":{"coordinates":[[[167.94,-29.02],[167.99,-29.04],[167.92,-29.08],[167.94,-29.02]]],"type":"Polygon"},"id":"NFK","properties":{"id":"NFK","name":"Norfolk Island"},"type":"Feature"},{"geometry":{"coordinates":[[[123.59,-12.43],[123.6,-12.44],[123.57,-12.43],[123.59,-12.43]]],"type":"Polygon"},"id":"ATC","properties":{"id":"ATC","name":"Ashmore and Cartier Is."},"type":"Feature"},{"geometry":{"coordinates":[[[[44.77,39.7],[44.29,40.04],[44.01,40.01],[43.71,40.17],[43.57,40.48],[43.72,40.72],[43.44,41.11],[44.23,41.21],[44.84,41.21],[44.98,41.28],[45.59,40.85],[45.38,40.64],[45.57,40.42],[45.96,40.23],[45.86,40.01],[45.58,39.98],[46.2,39.59],[46.48,39.56],[46.38,39.38],[46.58,39.22],[46.42,39.21],[46.49,38.91],[46.11,38.88],[45.77,39.38],[45.75,39.56],[45.46,39.49],[45.17,39.57],[45.03,39.77],[44.77,39.7]],[[45.02,41.03],[45.02,41.08],[44.96,41.08],[45.02,41.03]]],[[[45.55,40.62],[45.48,40.61],[45.5,40.66],[45.55,40.62]]]],"type":"MultiPolygon"},"id":"ARM","properties":{"id":"ARM","name":"Armenia"},"type":"Feature"},{"geometry":{"coordinates":[[[[-57.61,-30.19],[-57.87,-30.59],[-57.81,-30.86],[-58.05,-31.49],[-58.04,-31.77],[-58.19,-31.92],[-58.12,-32.32],[-58.22,-32.56],[-58.17,-32.96],[-58.42,-33.11],[-58.55,-33.66],[-58.39,-34.19],[-58.53,-34.3],[-58.28,-34.68],[-57.76,-34.89],[-57.3,-35.19],[-57.16,-35.51],[-57.35,-35.72],[-57.26,-36.14],[-56.7,-36.43],[-56.67,-36.85],[-57.09,-37.45],[-57.4,-37.74],[-57.55,-38.09],[-58.18,-38.44],[-59.01,-38.67],[-59.83,-38.84],[-61.11,-38.99],[-61.6,-39.0],[-62.37,-38.85],[-62.3,-39.24],[-62.05,-39.37],[-62.13,-39.83],[-62.29,-39.9],[-62.4,-40.2],[-62.39,-40.46],[-62.25,-40.67],[-62.4,-40.89],[-62.96,-41.11],[-63.77,-41.15],[-64.12,-41.01],[-64.85,-40.81],[-65.13,-40.88],[-65.15,-41.11],[-65.02,-41.57],[-65.06,-41.97],[-64.9,-42.16],[-64.51,-42.27],[-64.57,-42.42],[-64.1,-42.4],[-64.23,-42.22],[-63.8,-42.11],[-63.6,-42.41],[-63.69,-42.81],[-64.13,-42.86],[-64.32,-42.57],[-64.65,-42.53],[-65.03,-42.76],[-64.32,-42.97],[-64.99,-43.29],[-65.28,-43.63],[-65.24,-44.05],[-65.36,-44.48],[-65.65,-44.66],[-65.64,-45.01],[-66.19,-44.96],[-66.59,-45.18],[-66.94,-45.26],[-67.56,-45.97],[-67.56,-46.35],[-67.39,-46.55],[-66.78,-47.01],[-66.0,-47.09],[-65.74,-47.34],[-65.93,-47.83],[-65.81,-47.94],[-66.39,-48.34],[-67.03,-48.63],[-67.47,-48.95],[-67.68,-49.25],[-67.78,-49.86],[-68.26,-50.1],[-68.49,-49.98],[-68.67,-49.75],[-68.66,-49.94],[-68.42,-50.16],[-68.94,-50.38],[-69.04,-50.5],[-69.2,-50.99],[-69.03,-51.45],[-69.06,-51.55],[-69.36,-51.56],[-68.92,-51.71],[-68.39,-52.31],[-69.21,-52.14],[-69.49,-52.14],[-69.96,-52.01],[-71.92,-51.99],[-71.95,-51.88],[-72.41,-51.54],[-72.3,-51.3],[-72.38,-51.1],[-72.28,-50.91],[-72.34,-50.68],[-72.51,-50.61],[-73.15,-50.74],[-73.39,-50.23],[-73.5,-50.13],[-73.47,-49.79],[-73.58,-49.58],[-73.46,-49.31],[-73.14,-49.3],[-72.98,-48.98],[-72.61,-48.79],[-72.61,-48.52],[-72.35,-48.37],[-72.33,-48.11],[-72.52,-47.88],[-72.35,-47.49],[-71.9,-47.2],[-71.94,-46.83],[-71.7,-46.58],[-71.88,-46.16],[-71.63,-45.95],[-71.75,-45.84],[-71.75,-45.58],[-71.51,-45.51],[-71.35,-45.23],[-71.6,-44.98],[-72.04,-44.9],[-71.96,-44.79],[-71.26,-44.76],[-71.21,-44.44],[-71.82,-44.38],[-71.81,-44.11],[-71.68,-43.93],[-71.75,-43.59],[-71.9,-43.44],[-71.78,-43.17],[-72.15,-42.99],[-72.12,-42.3],[-72.03,-42.15],[-71.76,-42.1],[-71.91,-41.65],[-71.87,-40.89],[-71.93,-40.69],[-71.7,-40.34],[-71.82,-40.18],[-71.64,-39.89],[-71.72,-39.64],[-71.54,-39.6],[-71.42,-39.29],[-71.43,-38.99],[-71.29,-38.85],[-70.95,-38.74],[-70.85,-38.54],[-70.97,-38.45],[-71.03,-38.04],[-71.17,-37.76],[-71.12,-37.11],[-71.19,-36.84],[-71.06,-36.52],[-70.75,-36.39],[-70.4,-36.06],[-70.38,-35.77],[-70.47,-35.33],[-70.29,-34.73],[-70.05,-34.3],[-69.85,-34.22],[-69.89,-33.73],[-69.82,-33.28],[-70.02,-33.27],[-70.17,-32.47],[-70.36,-32.08],[-70.25,-31.96],[-70.45,-31.84],[-70.59,-31.57],[-70.52,-31.15],[-70.31,-31.02],[-70.35,-30.9],[-70.16,-30.44],[-69.96,-30.36],[-69.93,-29.77],[-70.03,-29.32],[-69.83,-29.1],[-69.66,-28.41],[-69.17,-27.92],[-68.85,-27.15],[-68.35,-27.03],[-68.32,-26.88],[-68.58,-26.52],[-68.41,-26.15],[-68.6,-25.49],[-68.54,-25.24],[-68.38,-25.09],[-68.56,-24.84],[-68.51,-24.63],[-68.25,-24.39],[-67.36,-24.03],[-67.01,-23.0],[-67.19,-22.82],[-66.71,-22.22],[-66.37,-22.11],[-66.22,-21.8],[-65.77,-22.1],[-65.06,-22.1],[-64.61,-22.23],[-64.33,-22.83],[-64.27,-22.6],[-63.98,-22.07],[-63.82,-22.01],[-62.84,-22.0],[-62.63,-22.29],[-62.21,-22.61],[-61.93,-23.06],[-60.84,-23.86],[-59.89,-24.09],[-59.37,-24.45],[-58.37,-24.96],[-58.14,-24.98],[-57.82,-25.14],[-57.57,-25.53],[-57.75,-25.7],[-57.89,-26.01],[-58.08,-26.14],[-58.2,-26.38],[-58.19,-26.63],[-58.64,-27.2],[-58.6,-27.31],[-58.17,-27.27],[-57.11,-27.47],[-56.6,-27.47],[-56.44,-27.55],[-56.16,-27.32],[-55.71,-27.41],[-55.43,-27.01],[-55.14,-26.93],[-54.83,-26.65],[-54.68,-26.31],[-54.62,-25.58],[-54.44,-25.63],[-54.15,-25.52],[-53.89,-25.67],[-53.67,-26.23],[-53.84,-27.12],[-54.33,-27.42],[-54.83,-27.55],[-55.1,-27.87],[-55.73,-28.2],[-55.69,-28.38],[-55.86,-28.35],[-56.23,-28.74],[-56.94,-29.59],[-57.22,-29.78],[-57.61,-30.19]]],[[[-68.65,-54.85],[-68.63,-52.65],[-68.34,-52.9],[-68.49,-53.26],[-68.16,-53.31],[-68.01,-53.56],[-67.29,-54.05],[-66.24,-54.53],[-65.75,-54.65],[-65.18,-54.68],[-65.35,-54.88],[-65.84,-54.91],[-66.51,-55.03],[-66.93,-54.92],[-68.22,-54.82],[-68.65,-54.85]]],[[[-64.55,-54.72],[-63.82,-54.73],[-64.32,-54.8],[-64.64,-54.9],[-64.76,-54.83],[-64.55,-54.72]]],[[[-61.88,-39.17],[-62.04,-39.17],[-62.09,-39.09],[-61.88,-39.17]]]],"type":"MultiPolygon"},"id":"ARG","properties":{"id":"ARG","name":"Argentina"},"type":"Feature"},{"geometry":{"coordinates":[[[[-61.72,17.04],[-61.86,17.01],[-61.82,17.17],[-61.72,17.04]]],[[[-61.75,17.57],[-61.84,17.6],[-61.85,17.71],[-61.75,17.57]]]],"type":"MultiPolygon"},"id":"ATG","properties":{"id":"ATG","name":"Antigua and Barb."},"type":"Feature"},{"geometry":{"coordinates":[[[[13.07,-4.63],[12.83,-4.74],[12.45,-5.07],[12.52,-5.15],[12.5,-5.7],[12.21,-5.76],[12.18,-5.32],[12.02,-5.0],[12.38,-4.62],[12.88,-4.45],[13.07,-4.63]]],[[[23.97,-10.87],[24.05,-11.41],[23.97,-11.64],[23.99,-12.42],[23.88,-12.8],[23.96,-12.99],[21.98,-13.0],[21.98,-15.96],[22.15,-16.6],[22.31,-16.69],[23.38,-17.64],[21.42,-18.0],[21.11,-17.96],[20.75,-18.02],[20.39,-17.89],[19.08,-17.82],[18.72,-17.7],[18.4,-17.4],[13.94,-17.39],[13.4,-17.01],[13.1,-16.97],[12.55,-17.21],[12.01,-17.17],[11.74,-17.25],[11.82,-16.7],[11.8,-15.99],[11.75,-15.83],[11.97,-15.63],[12.28,-14.64],[12.38,-14.04],[12.55,-13.44],[12.9,-13.03],[12.98,-12.78],[13.42,-12.52],[13.69,-12.12],[13.79,-11.81],[13.85,-11.05],[13.72,-10.63],[13.54,-10.42],[13.21,-9.7],[13.16,-9.39],[13.0,-9.05],[13.36,-8.69],[13.38,-8.37],[12.86,-7.23],[12.82,-6.95],[12.52,-6.59],[12.3,-6.09],[12.79,-6.0],[13.07,-5.86],[13.98,-5.86],[14.4,-5.89],[16.32,-5.87],[16.54,-5.97],[16.72,-6.24],[16.74,-6.62],[16.92,-6.93],[16.98,-7.26],[17.54,-8.08],[17.91,-8.07],[18.65,-7.94],[18.9,-8.0],[19.34,-7.97],[19.37,-7.66],[19.53,-7.14],[19.66,-7.04],[20.48,-6.92],[20.6,-6.94],[20.61,-7.28],[21.75,-7.31],[21.84,-7.42],[21.78,-7.87],[21.9,-8.34],[21.91,-8.69],[21.81,-9.47],[22.09,-9.86],[22.27,-10.26],[22.31,-10.69],[22.18,-10.89],[22.28,-11.19],[22.56,-11.06],[23.16,-11.07],[23.4,-10.98],[23.83,-11.01],[23.97,-10.87]]]],"type":"MultiPolygon"},"id":"AGO","properties":{"id":"AGO","name":"Angola"},"type":"Feature"},{"geometry":{"coordinates":[[[1.71,42.5],[1.49,42.43],[1.43,42.6],[1.71,42.5]]],"type":"Polygon"},"id":"AND","properties":{"id":"AND","name":"Andorra"},"type":"Feature"},{"geometry":{"coordinates":[[[8.58,36.94],[8.21,36.5],[8.35,36.37],[8.25,35.87],[8.39,35.2],[8.25,34.73],[8.12,34.56],[7.84,34.41],[7.51,34.08],[7.5,33.83],[7.73,33.27],[8.08,33.09],[8.21,32.93],[8.33,32.54],[9.04,32.07],[9.52,30.23],[9.31,30.12],[9.67,29.57],[9.84,28.97],[9.82,28.56],[9.92,27.79],[9.75,27.33],[9.89,26.85],[9.86,26.55],[9.49,26.33],[9.45,26.07],[10.0,25.33],[10.03,25.05],[10.26,24.59],[10.44,24.48],[10.69,24.55],[11.54,24.29],[11.97,23.52],[7.48,20.87],[5.84,19.48],[5.75,19.43],[3.4,18.99],[3.11,19.15],[3.26,19.41],[3.2,19.79],[2.87,19.96],[2.41,20.06],[2.22,20.25],[1.69,20.38],[1.61,20.56],[1.17,20.82],[1.15,21.1],[-4.52,24.8],[-5.52,25.42],[-8.68,27.29],[-8.68,28.62],[-8.66,28.72],[-7.69,29.35],[-7.49,29.39],[-7.09,29.63],[-6.64,29.57],[-6.5,29.81],[-5.78,29.87],[-5.45,29.96],[-5.18,30.17],[-4.97,30.47],[-4.32,30.7],[-3.99,30.91],[-3.7,30.94],[-3.62,31.07],[-3.83,31.2],[-3.83,31.66],[-3.44,31.7],[-3.02,31.83],[-2.93,32.04],[-2.45,32.13],[-1.28,32.09],[-1.24,32.34],[-1.07,32.47],[-1.51,32.88],[-1.68,33.32],[-1.71,34.18],[-1.85,34.61],[-1.8,34.75],[-2.22,35.1],[-1.91,35.09],[-1.34,35.36],[-0.92,35.67],[-0.43,35.86],[-0.19,35.82],[0.05,35.9],[0.15,36.06],[0.51,36.26],[1.26,36.52],[2.34,36.61],[2.59,36.6],[2.97,36.78],[3.52,36.8],[3.78,36.9],[4.76,36.9],[5.2,36.68],[5.42,36.68],[6.25,36.94],[6.49,37.09],[6.93,36.92],[7.24,36.97],[7.2,37.09],[7.61,37.0],[7.91,36.86],[8.58,36.94]]],"type":"Polygon"},"id":"DZA","properties":{"id":"DZA","name":"Algeria"},"type":"Feature"},{"geometry":{"coordinates":[[[19.34,41.87],[19.28,42.17],[19.65,42.63],[19.79,42.48],[20.05,42.55],[20.24,42.34],[20.49,42.22],[20.58,41.92],[20.45,41.52],[20.49,41.27],[20.74,40.91],[20.93,40.9],[21.03,40.66],[20.81,40.45],[20.66,40.12],[20.31,39.98],[20.38,39.8],[20.21,39.65],[20.0,39.71],[19.85,40.04],[19.48,40.21],[19.34,40.62],[19.46,40.93],[19.44,41.42],[19.58,41.79],[19.34,41.87]]],"type":"Polygon"},"id":"ALB","properties":{"id":"ALB","name":"Albania"},"type":"Feature"},{"geometry":{"coordinates":[[[66.52,37.35],[67.07,37.33],[67.32,37.21],[67.7,37.23],[68.07,36.95],[68.67,37.26],[68.96,37.33],[69.26,37.11],[69.41,37.21],[69.49,37.55],[69.94,37.6],[70.12,37.54],[70.25,37.66],[70.21,37.92],[70.62,38.33],[70.88,38.46],[71.26,38.31],[71.28,37.92],[71.55,37.93],[71.43,37.13],[71.6,36.73],[71.73,36.68],[72.36,36.98],[72.66,37.03],[72.76,37.17],[73.21,37.41],[73.48,37.47],[73.72,37.42],[73.75,37.23],[74.26,37.42],[74.66,37.39],[74.73,37.29],[74.37,37.16],[74.54,37.02],[74.0,36.82],[73.77,36.89],[72.62,36.83],[72.16,36.7],[71.77,36.43],[71.62,36.44],[71.19,36.04],[71.43,35.83],[71.6,35.41],[71.62,35.18],[70.97,34.53],[71.1,34.37],[71.05,34.05],[70.42,33.95],[69.99,34.05],[69.87,33.9],[70.28,33.37],[69.92,33.11],[69.5,33.02],[69.41,32.68],[69.24,32.43],[69.28,31.94],[68.87,31.63],[68.6,31.8],[68.16,31.8],[68.02,31.68],[67.58,31.51],[67.74,31.34],[67.29,31.22],[66.92,31.31],[66.4,30.91],[66.29,30.61],[66.24,30.11],[66.31,29.97],[66.18,29.84],[65.1,29.56],[64.52,29.56],[64.1,29.39],[63.57,29.5],[62.48,29.41],[60.84,29.86],[61.78,30.83],[61.81,31.07],[61.66,31.38],[60.82,31.5],[60.83,32.25],[60.56,33.14],[60.92,33.51],[60.51,33.64],[60.49,34.09],[60.64,34.31],[60.89,34.32],[60.73,34.52],[60.95,34.65],[61.34,35.63],[61.54,35.46],[61.98,35.44],[62.31,35.17],[62.61,35.23],[63.06,35.45],[63.17,35.68],[63.11,35.82],[63.86,36.01],[64.51,36.34],[64.82,37.13],[65.09,37.24],[65.55,37.25],[65.77,37.57],[66.11,37.41],[66.52,37.35]]],"type":"Polygon"},"id":"AFG","properties":{"id":"AFG","name":"Afghanistan"},"type":"Feature"},{"geometry":{"coordinates":[[[77.05,35.11],[76.77,35.66],[77.45,35.48],[77.8,35.5],[77.05,35.11]]],"type":"Polygon"},"id":"KAS","properties":{"id":"KAS","name":"Siachen Glacier"},"type":"Feature"},{"geometry":{"coordinates":[[[[-45.72,-60.52],[-45.23,-60.64],[-45.94,-60.62],[-45.72,-60.52]]],[[[-90.54,-68.8],[-90.62,-68.8],[-90.63,-68.72],[-90.54,-68.8]]],[[[-57.02,-63.37],[-56.83,-63.63],[-57.12,-63.64],[-57.15,-63.48],[-57.46,-63.51],[-58.26,-63.76],[-58.84,-64.19],[-59.05,-64.23],[-58.79,-64.52],[-59.46,-64.35],[-59.73,-64.56],[-59.96,-64.43],[-60.66,-64.73],[-61.06,-64.98],[-61.7,-64.99],[-61.58,-65.19],[-61.95,-65.19],[-62.15,-65.33],[-61.76,-65.57],[-61.99,-65.59],[-62.31,-65.84],[-62.17,-66.03],[-61.84,-66.12],[-61.36,-66.06],[-60.91,-65.92],[-60.57,-65.98],[-61.03,-66.34],[-61.43,-66.14],[-61.68,-66.25],[-61.76,-66.43],[-61.88,-66.3],[-62.24,-66.2],[-62.68,-66.24],[-62.7,-66.68],[-63.26,-66.26],[-63.75,-66.28],[-63.76,-66.41],[-64.08,-66.65],[-63.75,-66.87],[-64.04,-66.93],[-64.69,-66.81],[-64.88,-67.02],[-64.79,-67.12],[-65.03,-67.21],[-64.82,-67.31],[-65.44,-67.33],[-65.52,-67.44],[-65.42,-67.66],[-65.6,-67.88],[-65.47,-68.01],[-65.64,-68.13],[-65.22,-68.14],[-64.88,-68.06],[-64.9,-68.17],[-65.45,-68.34],[-65.0,-68.41],[-65.24,-68.58],[-64.9,-68.67],[-64.08,-68.77],[-64.17,-68.58],[-63.8,-68.47],[-62.93,-68.44],[-63.71,-68.59],[-63.75,-68.7],[-63.34,-68.81],[-63.46,-69.04],[-62.99,-69.33],[-62.45,-69.58],[-62.41,-69.83],[-62.2,-70.03],[-61.96,-70.12],[-62.01,-70.28],[-62.22,-70.23],[-62.38,-70.36],[-62.0,-70.5],[-61.5,-70.49],[-61.7,-70.68],[-61.99,-70.73],[-61.96,-70.9],[-61.31,-70.87],[-61.02,-71.17],[-61.0,-71.32],[-61.96,-71.66],[-61.56,-71.68],[-61.21,-71.56],[-60.95,-71.75],[-61.04,-71.82],[-61.94,-71.9],[-62.26,-72.02],[-61.31,-72.11],[-60.72,-72.07],[-60.73,-72.43],[-61.28,-72.47],[-61.29,-72.6],[-60.94,-72.7],[-60.53,-72.67],[-60.38,-73.01],[-60.01,-72.94],[-60.12,-73.28],[-60.56,-73.21],[-61.08,-73.33],[-61.43,-73.19],[-62.01,-73.15],[-61.79,-73.25],[-61.64,-73.5],[-61.41,-73.47],[-60.88,-73.61],[-60.9,-73.87],[-61.2,-73.96],[-61.69,-73.92],[-61.84,-74.03],[-61.32,-74.04],[-61.04,-74.12],[-61.23,-74.21],[-61.57,-74.19],[-61.84,-74.29],[-61.33,-74.33],[-60.78,-74.24],[-60.7,-74.31],[-61.01,-74.48],[-61.64,-74.51],[-62.24,-74.44],[-61.89,-74.71],[-61.93,-74.86],[-62.37,-74.95],[-62.71,-74.74],[-63.18,-74.68],[-63.13,-74.85],[-63.92,-75.0],[-63.34,-75.03],[-63.23,-75.15],[-63.86,-75.21],[-64.28,-75.29],[-63.3,-75.35],[-63.36,-75.45],[-64.78,-75.74],[-66.37,-76.01],[-67.52,-76.11],[-69.3,-76.35],[-69.92,-76.52],[-70.1,-76.65],[-70.9,-76.74],[-71.8,-76.75],[-72.72,-76.69],[-73.88,-76.7],[-75.27,-76.58],[-76.24,-76.59],[-77.19,-76.63],[-77.17,-76.83],[-76.25,-77.27],[-75.39,-77.47],[-74.58,-77.48],[-72.85,-77.59],[-72.88,-77.69],[-73.25,-77.89],[-74.04,-78.11],[-74.81,-78.18],[-75.4,-78.16],[-76.44,-78.04],[-77.74,-77.94],[-79.68,-77.84],[-80.6,-77.75],[-81.44,-77.89],[-79.51,-78.15],[-77.86,-78.35],[-77.43,-78.43],[-77.55,-78.66],[-77.87,-78.75],[-78.71,-78.75],[-79.77,-78.82],[-80.29,-78.82],[-81.93,-78.56],[-82.61,-78.41],[-83.78,-77.98],[-83.69,-78.15],[-83.25,-78.36],[-83.54,-78.36],[-83.76,-78.46],[-83.26,-78.77],[-81.66,-79.1],[-80.89,-79.5],[-80.53,-79.51],[-80.49,-79.32],[-80.15,-79.27],[-79.46,-79.3],[-76.5,-79.33],[-76.22,-79.39],[-76.03,-79.63],[-76.56,-79.9],[-77.22,-79.99],[-77.7,-80.01],[-79.66,-80.0],[-78.18,-80.17],[-77.16,-80.15],[-76.41,-80.09],[-75.71,-80.38],[-75.24,-80.8],[-74.81,-80.89],[-73.94,-80.82],[-73.03,-80.92],[-72.17,-80.76],[-71.02,-80.62],[-70.56,-80.65],[-70.24,-80.86],[-69.77,-80.96],[-69.18,-81.0],[-68.59,-80.97],[-68.14,-81.13],[-65.57,-81.46],[-64.75,-81.52],[-62.49,-81.56],[-62.17,-81.64],[-62.54,-81.68],[-64.7,-81.65],[-65.62,-81.73],[-65.49,-81.78],[-64.19,-81.79],[-64.14,-81.87],[-65.92,-81.9],[-66.13,-81.95],[-65.79,-82.05],[-65.91,-82.18],[-65.71,-82.28],[-64.92,-82.37],[-64.4,-82.37],[-63.77,-82.3],[-62.65,-82.26],[-61.9,-82.27],[-60.86,-82.19],[-60.53,-82.2],[-60.82,-82.28],[-62.09,-82.47],[-62.74,-82.53],[-62.47,-82.72],[-61.71,-83.01],[-61.31,-82.94],[-61.2,-83.1],[-61.59,-83.34],[-60.98,-83.43],[-59.52,-83.46],[-57.35,-82.84],[-56.32,-82.63],[-55.8,-82.48],[-55.29,-82.46],[-53.99,-82.2],[-53.34,-82.14],[-52.41,-82.13],[-50.65,-81.98],[-50.03,-81.97],[-48.36,-81.89],[-47.36,-82.0],[-46.26,-81.95],[-46.05,-82.16],[-46.45,-82.34],[-46.52,-82.45],[-46.18,-82.51],[-45.04,-82.44],[-43.67,-82.27],[-43.18,-82.02],[-42.56,-81.76],[-42.05,-81.6],[-41.43,-81.3],[-40.91,-81.17],[-40.44,-81.17],[-39.76,-81.03],[-38.77,-80.88],[-37.21,-81.06],[-36.81,-80.97],[-35.97,-80.89],[-35.33,-80.65],[-32.71,-80.51],[-32.26,-80.46],[-31.31,-80.45],[-31.02,-80.31],[-30.43,-80.28],[-29.33,-80.17],[-24.24,-80.06],[-23.57,-79.96],[-23.41,-79.86],[-24.3,-79.77],[-25.26,-79.76],[-29.95,-79.6],[-30.21,-79.49],[-30.18,-79.3],[-30.32,-79.16],[-30.65,-79.12],[-31.41,-79.15],[-32.99,-79.23],[-34.2,-79.11],[-34.99,-78.98],[-35.52,-78.93],[-36.24,-78.77],[-36.18,-78.47],[-35.51,-78.04],[-35.09,-77.84],[-34.55,-77.73],[-34.08,-77.43],[-33.59,-77.31],[-32.61,-77.14],[-32.06,-77.16],[-31.68,-77.03],[-30.49,-76.76],[-30.22,-76.66],[-28.93,-76.37],[-27.13,-76.16],[-26.06,-75.96],[-24.27,-75.77],[-22.47,-75.66],[-21.43,-75.68],[-20.78,-75.59],[-20.49,-75.49],[-19.49,-75.54],[-18.3,-75.43],[-18.75,-75.24],[-18.52,-75.05],[-18.22,-74.97],[-17.92,-74.7],[-17.3,-74.33],[-16.43,-74.32],[-15.67,-74.41],[-15.29,-74.28],[-14.57,-73.94],[-14.61,-73.85],[-15.75,-73.95],[-16.28,-73.87],[-15.94,-73.76],[-16.52,-73.64],[-16.44,-73.43],[-15.6,-73.1],[-15.01,-73.05],[-14.32,-73.12],[-14.0,-73.0],[-14.3,-72.73],[-13.21,-72.79],[-12.75,-72.63],[-11.5,-72.41],[-10.96,-71.9],[-11.01,-71.76],[-11.33,-71.79],[-12.15,-71.61],[-12.35,-71.39],[-12.07,-71.3],[-11.66,-71.33],[-10.97,-71.56],[-10.83,-71.55],[-10.52,-71.3],[-10.03,-71.13],[-10.33,-71.02],[-10.1,-70.93],[-9.89,-71.03],[-9.23,-71.17],[-8.65,-71.67],[-7.92,-71.64],[-7.71,-71.55],[-7.62,-71.12],[-7.87,-70.94],[-7.75,-70.84],[-7.39,-70.79],[-6.84,-70.84],[-5.94,-70.71],[-5.59,-70.86],[-6.08,-71.15],[-6.12,-71.33],[-4.45,-71.33],[-3.71,-71.37],[-2.81,-71.32],[-2.26,-71.36],[-2.01,-71.43],[-1.35,-71.39],[-1.07,-71.27],[-0.9,-71.35],[-0.76,-71.63],[-0.54,-71.71],[0.15,-71.4],[0.83,-71.2],[2.61,-70.9],[3.51,-70.84],[5.11,-70.66],[6.51,-70.59],[7.4,-70.49],[7.68,-70.36],[8.52,-70.47],[8.82,-70.39],[9.14,-70.18],[9.61,-70.27],[10.22,-70.51],[11.2,-70.73],[11.7,-70.77],[12.07,-70.62],[12.46,-70.37],[12.93,-70.21],[12.63,-70.07],[13.07,-70.05],[13.3,-70.23],[13.82,-70.34],[14.49,-70.3],[15.81,-70.32],[16.03,-70.19],[16.38,-70.15],[16.58,-70.2],[16.71,-70.4],[18.12,-70.54],[18.43,-70.29],[18.88,-70.2],[19.2,-70.29],[19.03,-70.67],[19.27,-70.9],[20.13,-70.92],[21.07,-70.84],[21.34,-70.5],[21.7,-70.26],[22.37,-70.48],[22.23,-70.64],[22.45,-70.74],[22.98,-70.81],[23.41,-70.72],[23.8,-70.4],[24.24,-70.45],[24.39,-70.7],[24.76,-70.89],[25.19,-70.97],[25.97,-71.04],[26.5,-71.02],[27.21,-70.91],[27.7,-70.77],[28.91,-70.58],[29.46,-70.41],[30.0,-70.3],[31.38,-70.23],[32.62,-70.0],[32.81,-69.91],[32.99,-69.62],[32.9,-69.38],[32.57,-69.07],[32.64,-68.87],[33.12,-68.69],[34.19,-68.7],[34.22,-68.79],[33.77,-69.02],[33.81,-69.1],[34.6,-69.09],[34.75,-69.17],[35.36,-69.68],[36.33,-69.64],[36.72,-69.65],[37.11,-69.81],[37.56,-69.72],[38.14,-69.82],[38.5,-70.06],[38.89,-70.17],[38.86,-70.01],[39.71,-69.43],[39.86,-68.97],[40.48,-68.74],[40.82,-68.72],[41.13,-68.58],[42.41,-68.35],[42.82,-68.12],[44.7,-67.9],[44.99,-67.77],[45.57,-67.74],[46.4,-67.62],[46.32,-67.4],[46.56,-67.27],[46.88,-67.27],[47.4,-67.41],[47.12,-67.57],[47.49,-67.73],[47.96,-67.66],[48.32,-67.79],[48.37,-67.99],[48.65,-67.79],[48.63,-67.52],[49.22,-67.23],[48.71,-67.22],[48.47,-67.04],[48.83,-66.94],[49.25,-66.94],[50.01,-67.18],[50.55,-67.19],[50.52,-66.82],[50.31,-66.75],[50.33,-66.44],[50.94,-66.32],[51.88,-66.02],[52.96,-65.95],[53.67,-65.86],[54.95,-65.92],[55.5,-66.0],[56.36,-66.37],[56.86,-66.42],[57.19,-66.61],[56.82,-66.71],[56.15,-66.63],[56.45,-66.78],[56.39,-66.97],[55.8,-67.2],[56.15,-67.26],[56.89,-67.06],[57.63,-67.01],[58.74,-67.23],[59.25,-67.48],[59.87,-67.4],[60.48,-67.39],[61.31,-67.54],[62.17,-67.58],[62.69,-67.65],[63.24,-67.53],[63.7,-67.51],[64.57,-67.62],[66.49,-67.77],[67.17,-67.77],[68.33,-67.89],[68.9,-67.86],[69.42,-67.74],[69.66,-67.86],[69.6,-68.04],[69.98,-68.46],[69.53,-68.74],[69.65,-68.93],[69.53,-69.02],[69.63,-69.23],[69.37,-69.33],[68.91,-69.37],[68.88,-69.47],[69.19,-69.65],[69.08,-69.87],[68.74,-69.92],[68.18,-69.84],[67.58,-70.09],[67.27,-70.27],[67.94,-70.42],[68.56,-70.41],[69.02,-70.33],[69.25,-70.43],[69.19,-70.7],[68.87,-71.04],[68.62,-71.18],[68.04,-71.39],[67.43,-72.0],[67.11,-72.64],[66.89,-72.95],[66.5,-73.13],[66.57,-73.21],[67.32,-73.3],[67.97,-73.09],[67.97,-72.75],[68.42,-72.52],[69.55,-72.37],[69.96,-72.13],[70.29,-72.06],[70.62,-71.84],[71.08,-71.74],[71.28,-71.62],[71.46,-71.15],[71.9,-70.71],[72.26,-70.66],[72.76,-70.4],[72.82,-70.1],[73.32,-69.85],[73.94,-69.74],[74.57,-69.88],[75.42,-69.89],[75.82,-69.73],[75.89,-69.58],[76.36,-69.49],[77.19,-69.21],[77.82,-69.07],[78.02,-68.89],[78.49,-68.63],[78.56,-68.39],[78.73,-68.28],[79.29,-68.12],[82.61,-67.61],[83.3,-67.6],[83.49,-67.44],[84.49,-67.11],[85.71,-67.16],[86.12,-67.05],[86.75,-67.04],[87.08,-66.94],[87.98,-66.79],[89.7,-66.82],[90.55,-66.73],[91.02,-66.6],[92.07,-66.51],[92.73,-66.62],[93.36,-66.59],[93.96,-66.69],[94.84,-66.5],[95.54,-66.63],[96.42,-66.6],[97.1,-66.5],[97.72,-66.61],[98.26,-66.47],[98.72,-66.55],[98.86,-66.67],[99.37,-66.65],[100.89,-66.36],[101.47,-65.95],[102.17,-65.95],[102.67,-65.87],[103.64,-66.0],[103.95,-65.99],[104.67,-66.14],[105.0,-66.16],[106.39,-66.41],[107.17,-66.47],[107.79,-66.66],[108.16,-66.64],[108.38,-66.77],[109.46,-66.91],[109.82,-66.83],[110.62,-66.52],[110.59,-66.31],[110.91,-66.08],[111.45,-65.96],[113.1,-65.8],[113.71,-65.93],[114.34,-66.36],[114.62,-66.47],[115.31,-66.56],[115.64,-66.77],[115.27,-67.03],[113.99,-67.21],[114.03,-67.44],[114.66,-67.39],[115.38,-67.24],[115.89,-67.2],[116.71,-67.05],[117.13,-67.11],[117.74,-67.13],[118.14,-67.08],[118.52,-67.16],[118.96,-67.14],[119.77,-66.99],[120.37,-66.98],[119.28,-67.2],[118.92,-67.32],[119.13,-67.37],[120.4,-67.24],[121.49,-67.09],[122.18,-66.86],[123.22,-66.75],[124.2,-66.6],[124.6,-66.71],[125.1,-66.64],[125.4,-66.42],[125.87,-66.36],[126.66,-66.5],[126.87,-66.76],[127.54,-67.05],[127.97,-67.03],[128.43,-67.12],[129.24,-67.04],[129.74,-66.47],[130.12,-66.29],[130.95,-66.19],[131.83,-66.24],[132.32,-66.17],[132.87,-66.18],[133.44,-66.08],[134.18,-66.28],[134.29,-66.48],[134.97,-66.33],[135.35,-66.13],[136.19,-66.29],[136.55,-66.44],[136.89,-66.34],[137.75,-66.41],[138.14,-66.54],[139.24,-66.57],[139.9,-66.72],[140.9,-66.75],[141.29,-66.83],[141.97,-66.81],[142.33,-66.95],[142.89,-67.0],[143.45,-66.88],[143.73,-66.88],[143.91,-67.09],[144.35,-67.02],[144.62,-67.14],[143.94,-67.79],[144.19,-67.9],[144.4,-67.79],[145.13,-67.63],[145.56,-67.59],[145.98,-67.62],[146.83,-67.96],[146.8,-68.27],[147.09,-68.37],[147.57,-68.38],[148.46,-68.47],[148.88,-68.43],[150.34,-68.44],[151.07,-68.38],[151.14,-68.76],[151.29,-68.82],[151.56,-68.69],[152.55,-68.73],[153.08,-68.86],[153.71,-68.73],[153.78,-68.35],[154.2,-68.42],[154.99,-68.84],[155.52,-69.02],[156.49,-69.18],[157.05,-69.18],[157.48,-69.31],[157.93,-69.18],[159.39,-69.47],[159.78,-69.52],[160.13,-69.73],[160.21,-69.97],[160.65,-70.08],[161.04,-70.32],[161.42,-70.83],[161.92,-70.91],[162.19,-71.04],[162.29,-70.97],[162.04,-70.63],[162.02,-70.44],[162.22,-70.33],[162.67,-70.3],[163.35,-70.62],[164.0,-70.64],[164.4,-70.51],[165.85,-70.65],[166.63,-70.66],[167.57,-70.81],[168.17,-71.18],[168.8,-71.27],[170.16,-71.63],[170.44,-71.42],[170.86,-71.87],[170.68,-71.97],[170.22,-71.95],[170.03,-72.12],[169.95,-72.4],[170.26,-72.37],[170.21,-72.57],[170.05,-72.6],[169.44,-72.49],[168.43,-72.38],[168.82,-72.55],[169.83,-72.73],[169.55,-73.05],[169.03,-73.2],[168.74,-73.09],[168.2,-73.13],[167.16,-73.15],[166.88,-73.01],[166.45,-72.94],[166.83,-73.22],[167.62,-73.34],[167.0,-73.54],[166.16,-73.53],[165.86,-73.59],[166.11,-73.74],[165.73,-73.87],[165.35,-73.88],[165.13,-73.38],[164.81,-73.4],[164.75,-73.56],[164.98,-73.93],[164.78,-74.03],[165.4,-74.48],[165.3,-74.59],[164.17,-74.52],[163.74,-74.56],[163.56,-74.42],[163.27,-74.43],[163.17,-74.6],[162.6,-74.82],[162.53,-75.17],[162.09,-75.26],[161.68,-75.22],[160.91,-75.33],[161.03,-75.4],[161.9,-75.4],[162.19,-75.47],[162.24,-75.62],[162.82,-75.85],[162.44,-76.15],[162.73,-76.23],[162.82,-76.46],[162.67,-76.57],[162.76,-76.75],[162.45,-76.96],[163.09,-77.03],[163.61,-77.39],[163.62,-77.58],[164.05,-77.77],[164.04,-77.85],[164.42,-77.88],[164.43,-78.04],[163.98,-78.22],[164.63,-78.32],[165.05,-78.23],[165.42,-78.04],[165.66,-78.31],[166.21,-78.45],[167.06,-78.52],[167.05,-78.69],[166.52,-78.69],[166.12,-78.57],[164.63,-78.6],[162.64,-78.9],[161.97,-78.69],[161.76,-78.54],[161.5,-78.68],[161.95,-79.03],[161.74,-79.06],[161.19,-78.98],[160.48,-79.2],[160.65,-79.43],[159.98,-79.59],[160.32,-79.64],[160.26,-79.74],[159.9,-79.86],[160.39,-79.88],[160.56,-80.01],[160.18,-80.09],[158.77,-80.29],[158.57,-80.42],[159.07,-80.44],[160.54,-80.43],[160.52,-80.58],[160.83,-80.73],[160.26,-80.79],[160.72,-80.91],[160.72,-81.2],[160.47,-81.34],[160.91,-81.39],[161.58,-81.61],[162.0,-81.65],[162.82,-81.87],[162.85,-81.92],[163.6,-82.12],[163.68,-82.19],[162.43,-82.31],[161.17,-82.41],[161.28,-82.49],[162.64,-82.48],[163.01,-82.53],[163.27,-82.46],[164.75,-82.35],[164.98,-82.38],[166.45,-82.72],[166.96,-82.76],[167.27,-82.88],[167.3,-82.99],[167.6,-83.05],[168.09,-82.97],[168.61,-83.07],[168.24,-83.23],[167.67,-83.23],[168.11,-83.36],[169.84,-83.4],[170.33,-83.48],[170.82,-83.44],[171.22,-83.48],[171.29,-83.56],[171.92,-83.64],[172.87,-83.67],[173.82,-83.81],[175.01,-83.84],[175.32,-83.94],[177.58,-84.07],[179.4,-84.21],[180.0,-84.35],[180.0,-90.0],[-180.0,-90.0],[-180.0,-84.35],[-178.39,-84.34],[-177.73,-84.4],[-176.29,-84.42],[-175.87,-84.51],[-174.66,-84.46],[-171.7,-84.54],[-168.67,-84.68],[-168.05,-84.73],[-167.49,-84.83],[-166.91,-84.82],[-163.46,-84.9],[-162.93,-84.9],[-160.82,-84.99],[-157.13,-85.19],[-156.46,-85.19],[-156.99,-84.98],[-157.45,-84.91],[-156.49,-84.89],[-156.99,-84.81],[-158.3,-84.78],[-163.57,-84.53],[-164.11,-84.45],[-164.92,-84.43],[-165.24,-84.38],[-163.9,-84.35],[-164.03,-84.27],[-164.69,-84.15],[-164.12,-84.05],[-164.08,-83.95],[-164.95,-83.81],[-165.54,-83.76],[-165.92,-83.79],[-167.55,-83.81],[-167.8,-83.79],[-169.17,-83.45],[-171.19,-83.26],[-174.07,-82.9],[-174.24,-82.79],[-173.07,-82.92],[-171.82,-82.85],[-171.03,-82.94],[-169.44,-83.1],[-168.42,-83.23],[-166.22,-83.2],[-165.62,-83.22],[-164.92,-83.29],[-164.45,-83.47],[-163.11,-83.33],[-162.2,-83.52],[-159.92,-83.49],[-159.44,-83.54],[-157.7,-83.38],[-157.03,-83.23],[-157.59,-83.19],[-157.52,-83.11],[-155.46,-82.98],[-155.15,-82.86],[-153.82,-82.67],[-153.01,-82.45],[-154.72,-81.94],[-153.96,-81.7],[-154.91,-81.51],[-157.03,-81.32],[-156.53,-81.16],[-155.92,-81.13],[-152.03,-81.03],[-148.12,-80.9],[-148.02,-80.84],[-149.15,-80.72],[-149.21,-80.6],[-150.13,-80.51],[-150.58,-80.35],[-150.22,-80.15],[-149.58,-80.11],[-148.77,-80.11],[-148.32,-80.07],[-148.43,-79.93],[-148.13,-79.91],[-148.18,-79.78],[-149.05,-79.66],[-150.49,-79.55],[-151.05,-79.46],[-152.09,-79.24],[-152.24,-79.1],[-152.7,-79.13],[-153.52,-79.12],[-154.52,-79.05],[-155.21,-78.96],[-156.47,-78.64],[-155.92,-78.51],[-154.72,-78.4],[-154.29,-78.26],[-155.34,-78.19],[-157.27,-78.2],[-158.29,-77.95],[-158.5,-77.78],[-158.23,-77.5],[-158.21,-77.16],[-157.84,-77.08],[-157.47,-77.23],[-156.67,-77.21],[-156.21,-77.11],[-154.81,-77.13],[-153.91,-77.23],[-153.46,-77.42],[-153.08,-77.44],[-151.72,-77.43],[-150.31,-77.73],[-149.72,-77.8],[-149.13,-77.64],[-148.34,-77.55],[-148.16,-77.46],[-148.74,-77.34],[-148.78,-77.13],[-148.57,-77.11],[-147.73,-77.31],[-146.93,-77.26],[-146.39,-77.47],[-145.68,-77.49],[-145.81,-77.27],[-145.52,-77.2],[-145.97,-77.07],[-145.63,-76.95],[-145.75,-76.75],[-146.78,-76.51],[-147.34,-76.44],[-148.6,-76.49],[-149.65,-76.37],[-148.89,-76.27],[-148.32,-76.1],[-147.86,-76.13],[-146.82,-76.32],[-145.89,-76.42],[-145.44,-76.41],[-146.38,-76.1],[-145.99,-75.89],[-145.11,-75.88],[-144.22,-75.73],[-143.57,-75.56],[-142.33,-75.49],[-141.51,-75.69],[-140.87,-75.75],[-141.22,-75.55],[-140.71,-75.5],[-139.69,-75.21],[-139.15,-75.16],[-137.62,-75.08],[-137.09,-75.15],[-136.55,-75.14],[-136.23,-74.84],[-136.03,-74.77],[-135.36,-74.69],[-134.84,-74.69],[-134.12,-74.83],[-133.47,-74.85],[-132.05,-74.77],[-131.71,-74.81],[-130.86,-74.83],[-129.79,-74.89],[-127.86,-74.72],[-127.02,-74.7],[-126.38,-74.74],[-125.35,-74.71],[-124.31,-74.74],[-123.89,-74.77],[-121.54,-74.75],[-119.68,-74.65],[-119.42,-74.62],[-118.66,-74.39],[-117.81,-74.4],[-117.07,-74.47],[-116.43,-74.45],[-115.22,-74.49],[-115.11,-74.46],[-114.79,-73.99],[-114.62,-73.9],[-113.51,-74.09],[-113.75,-74.37],[-113.33,-74.45],[-113.9,-74.64],[-114.11,-74.98],[-111.7,-74.79],[-111.7,-74.5],[-111.81,-74.27],[-111.63,-74.18],[-111.18,-74.19],[-110.31,-74.37],[-110.3,-74.71],[-110.53,-74.84],[-111.46,-75.13],[-111.1,-75.19],[-109.27,-75.19],[-108.25,-75.25],[-107.8,-75.32],[-106.93,-75.31],[-106.62,-75.34],[-104.9,-75.12],[-104.62,-75.16],[-103.9,-75.15],[-103.42,-75.1],[-101.71,-75.13],[-101.3,-75.37],[-101.04,-75.42],[-100.46,-75.35],[-100.08,-75.37],[-99.53,-75.31],[-98.75,-75.32],[-98.56,-75.19],[-99.21,-75.08],[-99.65,-74.95],[-100.16,-74.94],[-100.47,-74.87],[-100.01,-74.66],[-100.12,-74.52],[-100.53,-74.49],[-100.88,-74.54],[-101.25,-74.49],[-101.72,-74.02],[-102.77,-73.88],[-102.8,-73.65],[-102.41,-73.62],[-101.31,-73.7],[-100.99,-73.76],[-99.78,-73.72],[-99.54,-73.65],[-98.9,-73.61],[-100.02,-73.4],[-101.19,-73.32],[-102.68,-73.32],[-103.08,-73.18],[-103.38,-72.82],[-103.11,-72.72],[-102.36,-72.76],[-102.41,-72.99],[-101.68,-73.03],[-100.82,-72.98],[-100.26,-73.04],[-99.81,-73.0],[-98.01,-73.03],[-96.68,-73.27],[-96.15,-73.31],[-95.24,-73.22],[-94.59,-73.25],[-94.25,-73.31],[-93.71,-73.22],[-92.83,-73.16],[-92.24,-73.18],[-90.92,-73.32],[-90.43,-73.24],[-90.3,-72.98],[-89.82,-72.86],[-89.34,-72.89],[-89.13,-72.69],[-88.53,-72.7],[-88.19,-72.86],[-88.56,-73.12],[-88.42,-73.23],[-87.94,-73.24],[-87.4,-73.19],[-87.04,-73.35],[-86.6,-73.35],[-85.8,-73.19],[-84.98,-73.5],[-84.21,-73.57],[-83.56,-73.71],[-83.04,-73.71],[-82.18,-73.86],[-81.31,-73.74],[-81.16,-73.63],[-81.26,-73.31],[-81.02,-73.24],[-80.34,-73.41],[-80.61,-73.08],[-80.44,-72.94],[-79.52,-73.09],[-78.96,-73.31],[-78.79,-73.51],[-78.41,-73.56],[-76.85,-73.46],[-76.76,-73.57],[-77.13,-73.82],[-76.29,-73.81],[-75.29,-73.64],[-74.59,-73.72],[-74.0,-73.7],[-72.93,-73.45],[-72.38,-73.44],[-71.45,-73.35],[-71.02,-73.26],[-70.32,-73.27],[-68.82,-73.11],[-67.67,-72.83],[-67.31,-72.61],[-66.83,-72.09],[-66.95,-71.9],[-67.46,-71.53],[-67.5,-71.06],[-67.89,-70.42],[-68.4,-70.02],[-68.47,-69.64],[-68.71,-69.43],[-68.14,-69.35],[-67.37,-69.41],[-66.97,-69.16],[-67.02,-69.03],[-67.39,-68.86],[-67.13,-68.77],[-67.12,-68.57],[-66.79,-68.24],[-67.15,-68.02],[-66.92,-67.69],[-66.7,-67.53],[-67.12,-67.49],[-67.49,-67.55],[-67.59,-67.44],[-67.49,-67.11],[-67.16,-66.95],[-66.96,-66.98],[-66.9,-67.26],[-66.47,-67.24],[-66.53,-66.74],[-66.37,-66.61],[-65.85,-66.65],[-65.72,-66.57],[-65.78,-66.34],[-65.62,-66.14],[-65.17,-66.12],[-65.27,-65.99],[-65.0,-65.95],[-64.61,-66.02],[-64.51,-65.96],[-64.65,-65.75],[-63.8,-65.48],[-64.05,-65.42],[-64.04,-65.18],[-63.76,-65.03],[-63.06,-65.14],[-63.12,-64.94],[-62.53,-64.83],[-62.4,-64.64],[-62.14,-64.73],[-61.63,-64.6],[-61.4,-64.43],[-61.08,-64.31],[-60.86,-64.07],[-60.28,-63.92],[-59.51,-63.82],[-59.04,-63.67],[-58.87,-63.55],[-58.22,-63.45],[-57.87,-63.32],[-57.39,-63.23],[-57.08,-63.26],[-57.02,-63.37]]],[[[-45.22,-78.81],[-43.72,-78.82],[-43.54,-78.9],[-43.21,-79.3],[-42.97,-79.48],[-42.99,-79.8],[-43.27,-79.98],[-43.76,-80.02],[-43.53,-80.19],[-49.19,-80.64],[-49.77,-80.78],[-54.16,-80.87],[-54.35,-80.76],[-54.35,-80.57],[-54.04,-80.49],[-53.39,-80.11],[-53.05,-80.18],[-52.46,-80.07],[-52.3,-80.14],[-51.71,-79.99],[-50.66,-79.63],[-50.34,-79.48],[-50.38,-79.34],[-50.73,-79.28],[-50.52,-79.1],[-50.5,-78.95],[-50.24,-78.83],[-50.38,-78.78],[-50.22,-78.61],[-49.35,-78.22],[-49.08,-78.05],[-47.69,-77.84],[-46.83,-77.79],[-46.26,-77.8],[-45.53,-77.88],[-44.34,-78.09],[-43.81,-78.29],[-43.95,-78.6],[-45.07,-78.66],[-45.22,-78.81]]],[[[-59.73,-80.34],[-59.83,-80.73],[-60.58,-80.95],[-62.02,-80.89],[-62.67,-80.83],[-62.94,-80.77],[-63.14,-80.59],[-64.07,-80.65],[-64.27,-80.75],[-66.18,-80.44],[-66.77,-80.29],[-66.48,-80.22],[-65.98,-80.38],[-62.52,-80.37],[-61.63,-80.34],[-61.19,-80.26],[-61.48,-80.24],[-61.68,-80.02],[-61.3,-80.0],[-61.34,-79.89],[-60.58,-79.74],[-59.87,-79.78],[-59.71,-79.88],[-59.79,-80.1],[-59.5,-80.12],[-59.73,-80.34]]],[[[-70.05,-69.19],[-70.08,-69.31],[-69.71,-69.32],[-69.42,-69.58],[-69.09,-70.09],[-68.46,-70.68],[-68.28,-71.1],[-68.24,-71.82],[-68.64,-72.21],[-69.15,-72.43],[-69.21,-72.53],[-70.54,-72.66],[-70.73,-72.62],[-72.37,-72.67],[-72.89,-72.55],[-73.09,-72.41],[-72.62,-72.28],[-72.13,-72.33],[-70.87,-72.37],[-70.43,-72.32],[-70.21,-72.23],[-70.64,-72.17],[-71.41,-72.28],[-71.9,-72.12],[-71.11,-72.05],[-70.82,-71.91],[-71.82,-71.82],[-72.26,-71.64],[-72.41,-71.66],[-72.93,-71.92],[-73.63,-71.83],[-73.83,-71.87],[-73.54,-72.02],[-74.0,-72.17],[-74.43,-72.06],[-74.79,-72.06],[-75.35,-71.88],[-75.29,-71.61],[-74.86,-71.54],[-74.39,-71.64],[-74.43,-71.46],[-74.19,-71.38],[-73.55,-71.57],[-73.38,-71.53],[-73.6,-71.35],[-73.4,-71.32],[-72.62,-71.39],[-72.21,-71.34],[-72.91,-71.22],[-73.06,-71.13],[-72.36,-71.07],[-71.72,-71.15],[-71.19,-70.98],[-70.27,-70.96],[-69.92,-71.13],[-69.83,-70.91],[-71.05,-70.76],[-71.19,-70.66],[-71.06,-70.54],[-70.33,-70.36],[-69.62,-70.4],[-70.33,-70.16],[-70.72,-70.14],[-71.12,-70.2],[-71.7,-70.07],[-71.85,-69.97],[-71.74,-69.42],[-72.08,-69.27],[-72.06,-69.0],[-71.39,-68.87],[-70.42,-68.79],[-70.11,-68.96],[-70.05,-69.19]]],[[[-98.09,-71.91],[-98.17,-72.12],[-97.92,-72.12],[-97.82,-71.92],[-97.58,-71.88],[-97.46,-72.19],[-97.24,-72.13],[-96.87,-71.85],[-96.38,-71.84],[-96.13,-71.9],[-96.3,-72.05],[-96.98,-72.22],[-96.8,-72.26],[-95.61,-72.07],[-95.58,-72.41],[-96.08,-72.45],[-96.05,-72.58],[-97.25,-72.52],[-98.41,-72.55],[-99.15,-72.47],[-100.2,-72.27],[-100.36,-72.28],[-102.26,-72.14],[-102.13,-71.99],[-100.08,-71.84],[-99.83,-72.05],[-99.56,-71.94],[-99.25,-71.97],[-98.62,-71.76],[-98.19,-71.82],[-98.09,-71.91]]],[[[-120.56,-73.76],[-120.27,-73.99],[-120.99,-74.16],[-121.06,-74.34],[-122.29,-74.4],[-122.86,-74.34],[-122.88,-74.1],[-122.62,-73.97],[-123.03,-73.84],[-123.35,-73.84],[-123.11,-73.68],[-122.44,-73.68],[-120.56,-73.76]]],[[[-126.33,-73.29],[-125.63,-73.45],[-125.28,-73.69],[-125.83,-73.72],[-125.67,-73.82],[-124.99,-73.83],[-124.54,-73.74],[-124.04,-73.88],[-124.13,-73.97],[-123.8,-74.08],[-123.84,-74.23],[-124.87,-74.21],[-126.47,-73.81],[-126.5,-73.7],[-126.84,-73.66],[-127.23,-73.71],[-127.41,-73.52],[-127.27,-73.3],[-126.33,-73.29]]],[[[-159.05,-79.81],[-160.3,-79.84],[-161.87,-79.7],[-163.71,-79.44],[-164.23,-79.32],[-164.13,-79.0],[-163.26,-78.72],[-162.39,-78.76],[-161.64,-78.9],[-159.68,-79.4],[-159.0,-79.74],[-159.05,-79.81]]],[[[167.08,-77.32],[167.46,-77.39],[168.45,-77.39],[169.28,-77.45],[169.35,-77.52],[168.75,-77.65],[168.32,-77.68],[167.39,-77.65],[166.73,-77.85],[166.22,-77.52],[166.63,-77.38],[166.41,-77.25],[166.72,-77.16],[166.99,-77.19],[167.08,-77.32]]],[[[-31.12,-79.8],[-30.66,-79.73],[-29.87,-79.82],[-29.61,-79.91],[-30.42,-80.01],[-30.84,-79.94],[-31.82,-79.85],[-32.0,-79.73],[-31.68,-79.63],[-31.12,-79.8]]],[[[-33.93,-79.32],[-34.05,-79.36],[-36.48,-79.29],[-36.57,-79.21],[-36.05,-79.18],[-35.53,-79.09],[-33.99,-79.28],[-33.93,-79.32]]],[[[-70.33,-79.68],[-70.98,-79.67],[-71.53,-79.62],[-71.78,-79.44],[-71.67,-79.25],[-71.25,-79.06],[-70.54,-78.88],[-67.48,-78.36],[-67.04,-78.32],[-66.73,-78.38],[-67.48,-78.68],[-69.25,-79.21],[-69.69,-79.44],[-69.73,-79.62],[-70.33,-79.68]]],[[[-57.85,-64.05],[-57.59,-63.97],[-57.25,-64.1],[-57.29,-64.37],[-57.87,-64.4],[-58.3,-64.31],[-58.02,-64.24],[-58.15,-64.1],[-58.4,-64.13],[-58.27,-63.92],[-57.93,-63.81],[-57.78,-63.87],[-57.85,-64.05]]],[[[-55.53,-63.17],[-55.16,-63.2],[-55.16,-63.35],[-55.75,-63.3],[-56.38,-63.44],[-56.39,-63.23],[-56.04,-63.16],[-55.53,-63.17]]],[[[-57.98,-61.91],[-57.64,-62.02],[-58.15,-62.06],[-58.18,-62.17],[-58.47,-62.14],[-58.59,-62.25],[-59.0,-62.21],[-58.68,-62.01],[-57.98,-61.91]]],[[[-63.18,-64.47],[-63.28,-64.57],[-62.84,-64.57],[-63.74,-64.83],[-64.27,-64.7],[-64.17,-64.58],[-63.67,-64.42],[-63.49,-64.26],[-63.23,-64.32],[-63.18,-64.47]]],[[[-62.33,-64.42],[-62.75,-64.47],[-62.48,-64.21],[-62.61,-64.12],[-62.33,-64.01],[-62.06,-64.14],[-62.33,-64.42]]],[[[-67.99,-67.47],[-68.33,-67.53],[-68.58,-67.73],[-68.9,-67.74],[-69.1,-67.6],[-69.08,-67.4],[-68.82,-67.23],[-68.34,-66.8],[-67.83,-66.62],[-67.68,-66.71],[-67.93,-66.84],[-67.97,-67.03],[-67.69,-67.15],[-68.24,-67.37],[-67.99,-67.47]]],[[[-73.71,-70.64],[-73.55,-70.72],[-74.21,-70.92],[-74.81,-71.01],[-76.18,-71.13],[-76.42,-71.09],[-76.5,-70.94],[-76.25,-70.86],[-75.21,-70.77],[-75.01,-70.61],[-74.79,-70.63],[-74.59,-70.79],[-74.46,-70.59],[-74.11,-70.66],[-74.04,-70.55],[-73.71,-70.64]]],[[[-74.99,-69.73],[-74.44,-69.95],[-74.85,-70.18],[-75.73,-70.1],[-75.68,-69.88],[-74.99,-69.73]]],[[[-74.35,-73.1],[-74.67,-73.28],[-74.37,-73.46],[-74.57,-73.61],[-75.9,-73.33],[-76.02,-73.09],[-75.51,-73.11],[-75.24,-73.01],[-75.73,-72.88],[-75.38,-72.82],[-74.47,-72.89],[-74.22,-73.0],[-74.35,-73.1]]],[[[-91.16,-73.18],[-91.51,-73.2],[-91.36,-72.91],[-91.67,-72.62],[-91.3,-72.55],[-90.81,-72.61],[-90.78,-72.99],[-91.16,-73.18]]],[[[167.64,-78.14],[167.38,-78.25],[166.94,-78.22],[166.28,-78.31],[166.12,-78.27],[166.11,-78.09],[166.86,-78.2],[167.5,-77.99],[167.64,-78.14]]],[[[100.98,-65.68],[100.55,-65.7],[100.27,-65.6],[100.41,-65.47],[100.88,-65.38],[101.22,-65.47],[100.98,-65.68]]],[[[26.86,-70.38],[26.47,-70.45],[26.01,-70.37],[25.98,-70.2],[26.3,-70.07],[26.69,-70.11],[26.86,-70.38]]],[[[-5.89,-70.55],[-6.16,-70.61],[-6.44,-70.45],[-6.07,-70.4],[-5.89,-70.55]]],[[[-3.28,-70.53],[-3.5,-70.49],[-3.29,-70.34],[-2.95,-70.28],[-2.71,-70.32],[-2.74,-70.51],[-3.28,-70.53]]],[[[-66.17,-80.08],[-66.41,-79.97],[-66.9,-79.91],[-67.08,-79.76],[-67.72,-79.62],[-67.81,-79.55],[-66.01,-79.62],[-65.58,-79.77],[-65.5,-79.95],[-66.17,-80.08]]],[[[-67.26,-79.45],[-67.43,-79.5],[-68.55,-79.44],[-68.03,-79.23],[-67.07,-79.27],[-67.26,-79.45]]],[[[-55.17,-61.22],[-55.39,-61.07],[-54.67,-61.12],[-55.17,-61.22]]],[[[-55.87,-63.54],[-56.21,-63.44],[-55.86,-63.41],[-55.87,-63.54]]],[[[-57.24,-64.57],[-57.45,-64.46],[-56.89,-64.33],[-57.24,-64.57]]],[[[-56.06,-63.08],[-56.35,-63.17],[-56.61,-63.05],[-56.49,-62.98],[-56.06,-63.08]]],[[[-57.37,-63.81],[-57.22,-63.88],[-57.62,-63.85],[-57.37,-63.81]]],[[[-62.0,-69.72],[-62.57,-69.18],[-62.12,-69.21],[-61.82,-69.38],[-62.0,-69.72]]],[[[-60.63,-62.56],[-60.14,-62.55],[-59.85,-62.61],[-60.22,-62.75],[-60.38,-62.62],[-61.06,-62.68],[-60.8,-62.48],[-60.63,-62.56]]],[[[-71.99,-69.7],[-72.2,-69.74],[-72.78,-69.65],[-72.96,-69.53],[-72.73,-69.41],[-72.33,-69.49],[-71.99,-69.7]]],[[[-95.03,-72.67],[-95.22,-72.6],[-94.57,-72.47],[-94.43,-72.61],[-95.03,-72.67]]],[[[-104.54,-73.17],[-104.88,-73.2],[-105.13,-72.99],[-104.97,-72.94],[-104.54,-73.17]]],[[[-119.55,-74.11],[-119.91,-74.08],[-119.66,-73.99],[-119.8,-73.81],[-119.52,-73.77],[-118.96,-73.81],[-119.06,-74.0],[-119.55,-74.11]]],[[[-127.37,-74.62],[-127.52,-74.64],[-128.1,-74.47],[-128.13,-74.33],[-127.23,-74.43],[-127.37,-74.62]]],[[[-161.99,-83.12],[-162.3,-83.14],[-163.05,-83.1],[-163.55,-82.99],[-163.8,-82.84],[-162.8,-82.86],[-161.64,-83.03],[-161.99,-83.12]]],[[[-160.47,-81.59],[-160.57,-81.6],[-163.25,-81.48],[-163.77,-81.44],[-163.87,-81.32],[-163.2,-81.28],[-162.46,-81.31],[-160.94,-81.46],[-160.47,-81.59]]],[[[163.98,-74.83],[163.74,-74.71],[164.21,-74.61],[163.98,-74.83]]],[[[162.97,-75.57],[162.79,-75.7],[162.59,-75.67],[162.97,-75.57]]],[[[169.84,-73.6],[169.48,-73.54],[169.78,-73.32],[169.96,-73.51],[169.84,-73.6]]],[[[164.83,-67.54],[164.69,-67.56],[164.68,-67.26],[164.92,-67.45],[164.83,-67.54]]],[[[163.3,-66.82],[163.16,-66.82],[163.09,-66.7],[163.3,-66.82]]],[[[162.61,-66.48],[162.3,-66.4],[162.31,-66.25],[162.61,-66.48]]],[[[96.61,-66.04],[96.93,-66.06],[96.93,-66.2],[96.39,-66.22],[96.4,-66.08],[96.61,-66.04]]],[[[100.26,-66.22],[100.08,-66.19],[100.29,-66.11],[100.26,-66.22]]],[[[98.85,-66.47],[98.6,-66.38],[98.95,-66.42],[98.85,-66.47]]],[[[103.4,-65.45],[103.14,-65.44],[103.11,-65.31],[102.79,-65.24],[102.89,-65.13],[103.14,-65.19],[103.4,-65.45]]],[[[92.6,-65.81],[92.33,-65.81],[92.3,-65.71],[92.6,-65.81]]],[[[85.82,-66.95],[85.65,-66.98],[85.36,-66.85],[85.34,-66.72],[85.81,-66.77],[85.82,-66.95]]],[[[86.54,-66.77],[86.23,-66.73],[86.38,-66.67],[86.54,-66.77]]],[[[85.33,-66.61],[85.14,-66.64],[85.12,-66.52],[85.33,-66.61]]],[[[69.92,-71.92],[69.79,-72.05],[69.69,-71.97],[69.92,-71.92]]],[[[68.46,-72.3],[68.73,-72.09],[68.82,-72.23],[68.46,-72.3]]],[[[72.0,-70.63],[71.66,-70.5],[71.8,-70.26],[72.1,-70.57],[72.0,-70.63]]],[[[48.55,-66.78],[48.36,-66.7],[48.64,-66.7],[48.55,-66.78]]],[[[16.22,-70.01],[16.16,-70.07],[15.61,-69.94],[15.7,-69.77],[16.25,-69.7],[16.63,-69.75],[16.32,-69.84],[16.22,-70.01]]],[[[3.04,-70.6],[2.7,-70.62],[2.63,-70.5],[3.07,-70.38],[3.26,-70.45],[3.04,-70.6]]],[[[-2.95,-71.21],[-3.31,-71.2],[-3.26,-71.05],[-2.95,-71.21]]],[[[1.3,-70.26],[1.21,-70.38],[0.99,-70.22],[1.03,-70.05],[1.41,-70.04],[1.3,-70.26]]],[[[-2.53,-70.77],[-2.09,-70.82],[-2.37,-71.04],[-2.78,-71.17],[-2.8,-70.98],[-3.01,-70.85],[-3.54,-70.68],[-2.75,-70.69],[-2.53,-70.77]]],[[[4.53,-70.48],[4.13,-70.42],[4.07,-70.29],[4.5,-70.25],[4.53,-70.48]]],[[[-20.61,-73.89],[-20.65,-74.1],[-20.42,-74.32],[-20.49,-74.49],[-20.85,-74.44],[-21.17,-74.13],[-21.93,-74.06],[-21.29,-73.99],[-21.02,-73.88],[-20.87,-73.68],[-20.58,-73.62],[-20.61,-73.89]]],[[[-16.1,-72.68],[-16.32,-72.7],[-16.52,-72.53],[-16.3,-72.48],[-16.1,-72.68]]],[[[-12.51,-72.17],[-12.72,-72.19],[-12.88,-72.0],[-12.51,-72.17]]],[[[-32.34,-79.67],[-32.58,-79.66],[-32.38,-79.53],[-31.93,-79.57],[-32.34,-79.67]]],[[[-54.07,-61.3],[-54.19,-61.25],[-54.02,-61.14],[-54.07,-61.3]]],[[[-58.84,-62.3],[-59.06,-62.35],[-59.06,-62.24],[-58.84,-62.3]]],[[[-61.16,-69.98],[-61.4,-69.93],[-61.15,-69.88],[-61.16,-69.98]]],[[[-60.66,-68.77],[-61.01,-68.71],[-60.81,-68.69],[-60.66,-68.77]]],[[[-60.74,-70.71],[-60.98,-70.6],[-60.55,-70.51],[-60.49,-70.65],[-60.74,-70.71]]],[[[-60.55,-71.05],[-60.95,-70.97],[-60.61,-70.92],[-60.55,-71.05]]],[[[-59.39,-62.44],[-59.66,-62.35],[-59.4,-62.37],[-59.39,-62.44]]],[[[-60.5,-62.97],[-60.69,-63.0],[-60.64,-62.9],[-60.5,-62.97]]],[[[-60.65,-63.87],[-60.81,-63.84],[-60.56,-63.7],[-60.65,-63.87]]],[[[-61.95,-64.08],[-62.02,-64.03],[-61.8,-63.97],[-61.95,-64.08]]],[[[-63.32,-64.86],[-63.46,-64.8],[-63.18,-64.74],[-63.32,-64.86]]],[[[-62.62,-63.07],[-62.53,-62.92],[-62.32,-62.87],[-62.62,-63.07]]],[[[-65.85,-65.84],[-66.18,-65.87],[-66.07,-65.67],[-65.83,-65.53],[-65.64,-65.55],[-65.85,-65.84]]],[[[-66.6,-66.2],[-66.82,-66.31],[-66.78,-66.11],[-66.6,-66.2]]],[[[-67.36,-66.89],[-67.59,-66.88],[-67.33,-66.75],[-67.36,-66.89]]],[[[-67.35,-67.77],[-67.69,-67.76],[-67.74,-67.66],[-67.25,-67.6],[-67.35,-67.77]]],[[[-71.7,-70.27],[-71.34,-70.32],[-71.68,-70.44],[-71.7,-70.27]]],[[[-73.88,-73.36],[-74.15,-73.32],[-73.83,-73.11],[-73.54,-73.12],[-73.88,-73.36]]],[[[-93.8,-72.92],[-94.11,-72.86],[-94.0,-72.82],[-93.8,-72.92]]],[[[-116.74,-74.17],[-117.23,-74.19],[-117.38,-74.08],[-116.38,-73.87],[-116.15,-73.91],[-116.74,-74.17]]],[[[-132.39,-74.44],[-132.86,-74.46],[-132.55,-74.39],[-132.39,-74.44]]],[[[-131.07,-74.58],[-131.84,-74.54],[-132.16,-74.43],[-131.59,-74.33],[-130.98,-74.41],[-131.07,-74.58]]],[[[-147.59,-76.65],[-148.0,-76.58],[-147.9,-76.56],[-147.59,-76.65]]],[[[-145.24,-75.71],[-146.15,-75.57],[-145.9,-75.5],[-145.42,-75.59],[-145.24,-75.71]]],[[[-146.61,-76.96],[-147.08,-76.99],[-147.09,-76.84],[-146.24,-76.88],[-146.16,-76.95],[-146.61,-76.96]]],[[[-148.6,-77.01],[-149.24,-76.99],[-149.24,-76.9],[-148.44,-76.98],[-148.6,-77.01]]],[[[-149.33,-76.72],[-148.66,-76.72],[-148.37,-76.79],[-148.81,-76.84],[-149.24,-76.82],[-149.33,-76.72]]],[[[-149.22,-77.34],[-149.44,-77.37],[-149.66,-77.3],[-149.22,-77.34]]],[[[-150.23,-76.78],[-150.66,-76.79],[-150.84,-76.71],[-150.18,-76.69],[-150.23,-76.78]]],[[[-146.69,-76.25],[-146.89,-76.26],[-147.35,-76.15],[-147.36,-76.06],[-146.95,-76.1],[-146.69,-76.25]]],[[[-146.79,-76.63],[-146.91,-76.71],[-147.36,-76.62],[-147.14,-76.53],[-146.79,-76.63]]],[[[-150.4,-77.37],[-151.51,-77.27],[-151.02,-77.22],[-150.4,-77.37]]],[[[-153.93,-80.03],[-154.94,-79.97],[-155.04,-79.9],[-155.75,-79.83],[-155.67,-79.77],[-153.93,-80.03]]],[[[-149.23,-77.12],[-149.73,-77.13],[-150.46,-77.08],[-150.79,-76.98],[-150.39,-76.9],[-149.87,-76.88],[-149.23,-77.12]]],[[[-157.99,-82.1],[-158.93,-81.82],[-158.91,-81.78],[-157.83,-82.03],[-157.99,-82.1]]]],"type":"MultiPolygon"},"id":"ATA","properties":{"id":"ATA","name":"Antarctica"},"type":"Feature"},{"geometry":{"coordinates":[[[-63.12,18.07],[-63.01,18.07],[-63.02,18.02],[-63.12,18.07]]],"type":"Polygon"},"id":"SXM","properties":{"id":"SXM","name":"Sint Maarten"},"type":"Feature"},{"geometry":{"coordinates":[[[179.21,-8.52],[179.2,-8.53],[179.2,-8.47],[179.21,-8.52]]],"type":"Polygon"},"id":"TUV","properties":{"id":"TUV","name":"Tuvalu"},"type":"Feature"}],"type":"FeatureCollection"}